unsigned char fallbackShader_bokeh_fp[] = {
  0x75, 0x6e, 0x69, 0x66, 0x6f, 0x72, 0x6d, 0x20, 0x73, 0x61, 0x6d, 0x70,
  0x6c, 0x65, 0x72, 0x32, 0x44, 0x20, 0x75, 0x5f, 0x54, 0x65, 0x78, 0x74,
  0x75, 0x72, 0x65, 0x4d, 0x61, 0x70, 0x3b, 0x0a, 0x0a, 0x75, 0x6e, 0x69,
  0x66, 0x6f, 0x72, 0x6d, 0x20, 0x76, 0x65, 0x63, 0x34, 0x20, 0x20, 0x20,
  0x20, 0x20, 0x20, 0x75, 0x5f, 0x43, 0x6f, 0x6c, 0x6f, 0x72, 0x3b, 0x0a,
  0x0a, 0x75, 0x6e, 0x69, 0x66, 0x6f, 0x72, 0x6d, 0x20, 0x76, 0x65, 0x63,
  0x32, 0x20, 0x20, 0x20, 0x20, 0x20, 0x20, 0x75, 0x5f, 0x49, 0x6e, 0x76,
  0x54, 0x65, 0x78, 0x52, 0x65, 0x73, 0x3b, 0x0a, 0x76, 0x61, 0x72, 0x79,
  0x69, 0x6e, 0x67, 0x20, 0x76, 0x65, 0x63, 0x32, 0x20, 0x20, 0x20, 0x20,
  0x20, 0x20, 0x76, 0x61, 0x72, 0x5f, 0x54, 0x65, 0x78, 0x43, 0x6f, 0x6f,
  0x72, 0x64, 0x73, 0x3b, 0x0a, 0x0a, 0x76, 0x6f, 0x69, 0x64, 0x20, 0x6d,
  0x61, 0x69, 0x6e, 0x28, 0x29, 0x0a, 0x7b, 0x0a, 0x09, 0x76, 0x65, 0x63,
  0x34, 0x20, 0x63, 0x6f, 0x6c, 0x6f, 0x72, 0x3b, 0x0a, 0x09, 0x76, 0x65,
  0x63, 0x32, 0x20, 0x74, 0x63, 0x3b, 0x0a, 0x0a, 0x23, 0x69, 0x66, 0x20,
  0x30, 0x0a, 0x09, 0x66, 0x6c, 0x6f, 0x61, 0x74, 0x20, 0x63, 0x5b, 0x37,
  0x5d, 0x3b, 0x0a, 0x0a, 0x09, 0x63, 0x5b, 0x30, 0x5d, 0x20, 0x3d, 0x20,
  0x31, 0x2e, 0x30, 0x3b, 0x0a, 0x09, 0x63, 0x5b, 0x31, 0x5d, 0x20, 0x3d,
  0x20, 0x30, 0x2e, 0x39, 0x36, 0x35, 0x39, 0x32, 0x35, 0x38, 0x32, 0x36,
  0x33, 0x3b, 0x0a, 0x09, 0x63, 0x5b, 0x32, 0x5d, 0x20, 0x3d, 0x20, 0x30,
  0x2e, 0x38, 0x36, 0x36, 0x30, 0x32, 0x35, 0x34, 0x30, 0x33, 0x38, 0x3b,
  0x0a, 0x09, 0x63, 0x5b, 0x33, 0x5d, 0x20, 0x3d, 0x20, 0x30, 0x2e, 0x37,
  0x30, 0x37, 0x31, 0x30, 0x36, 0x37, 0x38, 0x31, 0x32, 0x3b, 0x0a, 0x09,
  0x63, 0x5b, 0x34, 0x5d, 0x20, 0x3d, 0x20, 0x30, 0x2e, 0x35, 0x3b, 0x0a,
  0x09, 0x63, 0x5b, 0x35, 0x5d, 0x20, 0x3d, 0x20, 0x30, 0x2e, 0x32, 0x35,
  0x38, 0x38, 0x31, 0x39, 0x30, 0x34, 0x35, 0x31, 0x3b, 0x0a, 0x09, 0x63,
  0x5b, 0x36, 0x5d, 0x20, 0x3d, 0x20, 0x30, 0x2e, 0x30, 0x3b, 0x0a, 0x0a,
  0x09, 0x74, 0x63, 0x20, 0x3d, 0x20, 0x76, 0x61, 0x72, 0x5f, 0x54, 0x65,
  0x78, 0x43, 0x6f, 0x6f, 0x72, 0x64, 0x73, 0x20, 0x2b, 0x20, 0x75, 0x5f,
  0x49, 0x6e, 0x76, 0x54, 0x65, 0x78, 0x52, 0x65, 0x73, 0x20, 0x2a, 0x20,
  0x76, 0x65, 0x63, 0x32, 0x28, 0x20, 0x20, 0x63, 0x5b, 0x30, 0x5d, 0x2c,
  0x20, 0x20, 0x63, 0x5b, 0x36, 0x5d, 0x29, 0x3b, 0x20, 0x20, 0x63, 0x6f,
  0x6c, 0x6f, 0x72, 0x20, 0x3d, 0x20, 0x20, 0x74, 0x65, 0x78, 0x74, 0x75,
  0x72, 0x65, 0x32, 0x44, 0x28, 0x75, 0x5f, 0x54, 0x65, 0x78, 0x74, 0x75,
  0x72, 0x65, 0x4d, 0x61, 0x70, 0x2c, 0x20, 0x74, 0x63, 0x29, 0x3b, 0x0a,
  0x09, 0x74, 0x63, 0x20, 0x3d, 0x20, 0x76, 0x61, 0x72, 0x5f, 0x54, 0x65,
  0x78, 0x43, 0x6f, 0x6f, 0x72, 0x64, 0x73, 0x20, 0x2b, 0x20, 0x75, 0x5f,
  0x49, 0x6e, 0x76, 0x54, 0x65, 0x78, 0x52, 0x65, 0x73, 0x20, 0x2a, 0x20,
  0x76, 0x65, 0x63, 0x32, 0x28, 0x20, 0x20, 0x63, 0x5b, 0x31, 0x5d, 0x2c,
  0x20, 0x20, 0x63, 0x5b, 0x35, 0x5d, 0x29, 0x3b, 0x20, 0x20, 0x63, 0x6f,
  0x6c, 0x6f, 0x72, 0x20, 0x2b, 0x3d, 0x20, 0x74, 0x65, 0x78, 0x74, 0x75,
  0x72, 0x65, 0x32, 0x44, 0x28, 0x75, 0x5f, 0x54, 0x65, 0x78, 0x74, 0x75,
  0x72, 0x65, 0x4d, 0x61, 0x70, 0x2c, 0x20, 0x74, 0x63, 0x29, 0x3b, 0x0a,
  0x09, 0x74, 0x63, 0x20, 0x3d, 0x20, 0x76, 0x61, 0x72, 0x5f, 0x54, 0x65,
  0x78, 0x43, 0x6f, 0x6f, 0x72, 0x64, 0x73, 0x20, 0x2b, 0x20, 0x75, 0x5f,
  0x49, 0x6e, 0x76, 0x54, 0x65, 0x78, 0x52, 0x65, 0x73, 0x20, 0x2a, 0x20,
  0x76, 0x65, 0x63, 0x32, 0x28, 0x20, 0x20, 0x63, 0x5b, 0x32, 0x5d, 0x2c,
  0x20, 0x20, 0x63, 0x5b, 0x34, 0x5d, 0x29, 0x3b, 0x20, 0x20, 0x63, 0x6f,
  0x6c, 0x6f, 0x72, 0x20, 0x2b, 0x3d, 0x20, 0x74, 0x65, 0x78, 0x74, 0x75,
  0x72, 0x65, 0x32, 0x44, 0x28, 0x75, 0x5f, 0x54, 0x65, 0x78, 0x74, 0x75,
  0x72, 0x65, 0x4d, 0x61, 0x70, 0x2c, 0x20, 0x74, 0x63, 0x29, 0x3b, 0x0a,
  0x09, 0x74, 0x63, 0x20, 0x3d, 0x20, 0x76, 0x61, 0x72, 0x5f, 0x54, 0x65,
  0x78, 0x43, 0x6f, 0x6f, 0x72, 0x64, 0x73, 0x20, 0x2b, 0x20, 0x75, 0x5f,
  0x49, 0x6e, 0x76, 0x54, 0x65, 0x78, 0x52, 0x65, 0x73, 0x20, 0x2a, 0x20,
  0x76, 0x65, 0x63, 0x32, 0x28, 0x20, 0x20, 0x63, 0x5b, 0x33, 0x5d, 0x2c,
  0x20, 0x20, 0x63, 0x5b, 0x33, 0x5d, 0x29, 0x3b, 0x20, 0x20, 0x63, 0x6f,
  0x6c, 0x6f, 0x72, 0x20, 0x2b, 0x3d, 0x20, 0x74, 0x65, 0x78, 0x74, 0x75,
  0x72, 0x65, 0x32, 0x44, 0x28, 0x75, 0x5f, 0x54, 0x65, 0x78, 0x74, 0x75,
  0x72, 0x65, 0x4d, 0x61, 0x70, 0x2c, 0x20, 0x74, 0x63, 0x29, 0x3b, 0x0a,
  0x09, 0x74, 0x63, 0x20, 0x3d, 0x20, 0x76, 0x61, 0x72, 0x5f, 0x54, 0x65,
  0x78, 0x43, 0x6f, 0x6f, 0x72, 0x64, 0x73, 0x20, 0x2b, 0x20, 0x75, 0x5f,
  0x49, 0x6e, 0x76, 0x54, 0x65, 0x78, 0x52, 0x65, 0x73, 0x20, 0x2a, 0x20,
  0x76, 0x65, 0x63, 0x32, 0x28, 0x20, 0x20, 0x63, 0x5b, 0x34, 0x5d, 0x2c,
  0x20, 0x20, 0x63, 0x5b, 0x32, 0x5d, 0x29, 0x3b, 0x20, 0x20, 0x63, 0x6f,
  0x6c, 0x6f, 0x72, 0x20, 0x2b, 0x3d, 0x20, 0x74, 0x65, 0x78, 0x74, 0x75,
  0x72, 0x65, 0x32, 0x44, 0x28, 0x75, 0x5f, 0x54, 0x65, 0x78, 0x74, 0x75,
  0x72, 0x65, 0x4d, 0x61, 0x70, 0x2c, 0x20, 0x74, 0x63, 0x29, 0x3b, 0x0a,
  0x09, 0x74, 0x63, 0x20, 0x3d, 0x20, 0x76, 0x61, 0x72, 0x5f, 0x54, 0x65,
  0x78, 0x43, 0x6f, 0x6f, 0x72, 0x64, 0x73, 0x20, 0x2b, 0x20, 0x75, 0x5f,
  0x49, 0x6e, 0x76, 0x54, 0x65, 0x78, 0x52, 0x65, 0x73, 0x20, 0x2a, 0x20,
  0x76, 0x65, 0x63, 0x32, 0x28, 0x20, 0x20, 0x63, 0x5b, 0x35, 0x5d, 0x2c,
  0x20, 0x20, 0x63, 0x5b, 0x31, 0x5d, 0x29, 0x3b, 0x20, 0x20, 0x63, 0x6f,
  0x6c, 0x6f, 0x72, 0x20, 0x2b, 0x3d, 0x20, 0x74, 0x65, 0x78, 0x74, 0x75,
  0x72, 0x65, 0x32, 0x44, 0x28, 0x75, 0x5f, 0x54, 0x65, 0x78, 0x74, 0x75,
  0x72, 0x65, 0x4d, 0x61, 0x70, 0x2c, 0x20, 0x74, 0x63, 0x29, 0x3b, 0x0a,
  0x09, 0x74, 0x63, 0x20, 0x3d, 0x20, 0x76, 0x61, 0x72, 0x5f, 0x54, 0x65,
  0x78, 0x43, 0x6f, 0x6f, 0x72, 0x64, 0x73, 0x20, 0x2b, 0x20, 0x75, 0x5f,
  0x49, 0x6e, 0x76, 0x54, 0x65, 0x78, 0x52, 0x65, 0x73, 0x20, 0x2a, 0x20,
  0x76, 0x65, 0x63, 0x32, 0x28, 0x20, 0x20, 0x63, 0x5b, 0x36, 0x5d, 0x2c,
  0x20, 0x20, 0x63, 0x5b, 0x30, 0x5d, 0x29, 0x3b, 0x20, 0x20, 0x63, 0x6f,
  0x6c, 0x6f, 0x72, 0x20, 0x2b, 0x3d, 0x20, 0x74, 0x65, 0x78, 0x74, 0x75,
  0x72, 0x65, 0x32, 0x44, 0x28, 0x75, 0x5f, 0x54, 0x65, 0x78, 0x74, 0x75,
  0x72, 0x65, 0x4d, 0x61, 0x70, 0x2c, 0x20, 0x74, 0x63, 0x29, 0x3b, 0x0a,
  0x0a, 0x09, 0x74, 0x63, 0x20, 0x3d, 0x20, 0x76, 0x61, 0x72, 0x5f, 0x54,
  0x65, 0x78, 0x43, 0x6f, 0x6f, 0x72, 0x64, 0x73, 0x20, 0x2b, 0x20, 0x75,
  0x5f, 0x49, 0x6e, 0x76, 0x54, 0x65, 0x78, 0x52, 0x65, 0x73, 0x20, 0x2a,
  0x20, 0x76, 0x65, 0x63, 0x32, 0x28, 0x20, 0x20, 0x63, 0x5b, 0x31, 0x5d,
  0x2c, 0x20, 0x2d, 0x63, 0x5b, 0x35, 0x5d, 0x29, 0x3b, 0x20, 0x20, 0x63,
  0x6f, 0x6c, 0x6f, 0x72, 0x20, 0x2b, 0x3d, 0x20, 0x74, 0x65, 0x78, 0x74,
  0x75, 0x72, 0x65, 0x32, 0x44, 0x28, 0x75, 0x5f, 0x54, 0x65, 0x78, 0x74,
  0x75, 0x72, 0x65, 0x4d, 0x61, 0x70, 0x2c, 0x20, 0x74, 0x63, 0x29, 0x3b,
  0x0a, 0x09, 0x74, 0x63, 0x20, 0x3d, 0x20, 0x76, 0x61, 0x72, 0x5f, 0x54,
  0x65, 0x78, 0x43, 0x6f, 0x6f, 0x72, 0x64, 0x73, 0x20, 0x2b, 0x20, 0x75,
  0x5f, 0x49, 0x6e, 0x76, 0x54, 0x65, 0x78, 0x52, 0x65, 0x73, 0x20, 0x2a,
  0x20, 0x76, 0x65, 0x63, 0x32, 0x28, 0x20, 0x20, 0x63, 0x5b, 0x32, 0x5d,
  0x2c, 0x20, 0x2d, 0x63, 0x5b, 0x34, 0x5d, 0x29, 0x3b, 0x20, 0x20, 0x63,
  0x6f, 0x6c, 0x6f, 0x72, 0x20, 0x2b, 0x3d, 0x20, 0x74, 0x65, 0x78, 0x74,
  0x75, 0x72, 0x65, 0x32, 0x44, 0x28, 0x75, 0x5f, 0x54, 0x65, 0x78, 0x74,
  0x75, 0x72, 0x65, 0x4d, 0x61, 0x70, 0x2c, 0x20, 0x74, 0x63, 0x29, 0x3b,
  0x0a, 0x09, 0x74, 0x63, 0x20, 0x3d, 0x20, 0x76, 0x61, 0x72, 0x5f, 0x54,
  0x65, 0x78, 0x43, 0x6f, 0x6f, 0x72, 0x64, 0x73, 0x20, 0x2b, 0x20, 0x75,
  0x5f, 0x49, 0x6e, 0x76, 0x54, 0x65, 0x78, 0x52, 0x65, 0x73, 0x20, 0x2a,
  0x20, 0x76, 0x65, 0x63, 0x32, 0x28, 0x20, 0x20, 0x63, 0x5b, 0x33, 0x5d,
  0x2c, 0x20, 0x2d, 0x63, 0x5b, 0x33, 0x5d, 0x29, 0x3b, 0x20, 0x20, 0x63,
  0x6f, 0x6c, 0x6f, 0x72, 0x20, 0x2b, 0x3d, 0x20, 0x74, 0x65, 0x78, 0x74,
  0x75, 0x72, 0x65, 0x32, 0x44, 0x28, 0x75, 0x5f, 0x54, 0x65, 0x78, 0x74,
  0x75, 0x72, 0x65, 0x4d, 0x61, 0x70, 0x2c, 0x20, 0x74, 0x63, 0x29, 0x3b,
  0x0a, 0x09, 0x74, 0x63, 0x20, 0x3d, 0x20, 0x76, 0x61, 0x72, 0x5f, 0x54,
  0x65, 0x78, 0x43, 0x6f, 0x6f, 0x72, 0x64, 0x73, 0x20, 0x2b, 0x20, 0x75,
  0x5f, 0x49, 0x6e, 0x76, 0x54, 0x65, 0x78, 0x52, 0x65, 0x73, 0x20, 0x2a,
  0x20, 0x76, 0x65, 0x63, 0x32, 0x28, 0x20, 0x20, 0x63, 0x5b, 0x34, 0x5d,
  0x2c, 0x20, 0x2d, 0x63, 0x5b, 0x32, 0x5d, 0x29, 0x3b, 0x20, 0x20, 0x63,
  0x6f, 0x6c, 0x6f, 0x72, 0x20, 0x2b, 0x3d, 0x20, 0x74, 0x65, 0x78, 0x74,
  0x75, 0x72, 0x65, 0x32, 0x44, 0x28, 0x75, 0x5f, 0x54, 0x65, 0x78, 0x74,
  0x75, 0x72, 0x65, 0x4d, 0x61, 0x70, 0x2c, 0x20, 0x74, 0x63, 0x29, 0x3b,
  0x0a, 0x09, 0x74, 0x63, 0x20, 0x3d, 0x20, 0x76, 0x61, 0x72, 0x5f, 0x54,
  0x65, 0x78, 0x43, 0x6f, 0x6f, 0x72, 0x64, 0x73, 0x20, 0x2b, 0x20, 0x75,
  0x5f, 0x49, 0x6e, 0x76, 0x54, 0x65, 0x78, 0x52, 0x65, 0x73, 0x20, 0x2a,
  0x20, 0x76, 0x65, 0x63, 0x32, 0x28, 0x20, 0x20, 0x63, 0x5b, 0x35, 0x5d,
  0x2c, 0x20, 0x2d, 0x63, 0x5b, 0x31, 0x5d, 0x29, 0x3b, 0x20, 0x20, 0x63,
  0x6f, 0x6c, 0x6f, 0x72, 0x20, 0x2b, 0x3d, 0x20, 0x74, 0x65, 0x78, 0x74,
  0x75, 0x72, 0x65, 0x32, 0x44, 0x28, 0x75, 0x5f, 0x54, 0x65, 0x78, 0x74,
  0x75, 0x72, 0x65, 0x4d, 0x61, 0x70, 0x2c, 0x20, 0x74, 0x63, 0x29, 0x3b,
  0x0a, 0x09, 0x74, 0x63, 0x20, 0x3d, 0x20, 0x76, 0x61, 0x72, 0x5f, 0x54,
  0x65, 0x78, 0x43, 0x6f, 0x6f, 0x72, 0x64, 0x73, 0x20, 0x2b, 0x20, 0x75,
  0x5f, 0x49, 0x6e, 0x76, 0x54, 0x65, 0x78, 0x52, 0x65, 0x73, 0x20, 0x2a,
  0x20, 0x76, 0x65, 0x63, 0x32, 0x28, 0x20, 0x20, 0x63, 0x5b, 0x36, 0x5d,
  0x2c, 0x20, 0x2d, 0x63, 0x5b, 0x30, 0x5d, 0x29, 0x3b, 0x20, 0x20, 0x63,
  0x6f, 0x6c, 0x6f, 0x72, 0x20, 0x2b, 0x3d, 0x20, 0x74, 0x65, 0x78, 0x74,
  0x75, 0x72, 0x65, 0x32, 0x44, 0x28, 0x75, 0x5f, 0x54, 0x65, 0x78, 0x74,
  0x75, 0x72, 0x65, 0x4d, 0x61, 0x70, 0x2c, 0x20, 0x74, 0x63, 0x29, 0x3b,
  0x0a, 0x0a, 0x09, 0x74, 0x63, 0x20, 0x3d, 0x20, 0x76, 0x61, 0x72, 0x5f,
  0x54, 0x65, 0x78, 0x43, 0x6f, 0x6f, 0x72, 0x64, 0x73, 0x20, 0x2b, 0x20,
  0x75, 0x5f, 0x49, 0x6e, 0x76, 0x54, 0x65, 0x78, 0x52, 0x65, 0x73, 0x20,
  0x2a, 0x20, 0x76, 0x65, 0x63, 0x32, 0x28, 0x20, 0x2d, 0x63, 0x5b, 0x30,
  0x5d, 0x2c, 0x20, 0x20, 0x63, 0x5b, 0x36, 0x5d, 0x29, 0x3b, 0x20, 0x20,
  0x63, 0x6f, 0x6c, 0x6f, 0x72, 0x20, 0x2b, 0x3d, 0x20, 0x74, 0x65, 0x78,
  0x74, 0x75, 0x72, 0x65, 0x32, 0x44, 0x28, 0x75, 0x5f, 0x54, 0x65, 0x78,
  0x74, 0x75, 0x72, 0x65, 0x4d, 0x61, 0x70, 0x2c, 0x20, 0x74, 0x63, 0x29,
  0x3b, 0x0a, 0x09, 0x74, 0x63, 0x20, 0x3d, 0x20, 0x76, 0x61, 0x72, 0x5f,
  0x54, 0x65, 0x78, 0x43, 0x6f, 0x6f, 0x72, 0x64, 0x73, 0x20, 0x2b, 0x20,
  0x75, 0x5f, 0x49, 0x6e, 0x76, 0x54, 0x65, 0x78, 0x52, 0x65, 0x73, 0x20,
  0x2a, 0x20, 0x76, 0x65, 0x63, 0x32, 0x28, 0x20, 0x2d, 0x63, 0x5b, 0x31,
  0x5d, 0x2c, 0x20, 0x20, 0x63, 0x5b, 0x35, 0x5d, 0x29, 0x3b, 0x20, 0x20,
  0x63, 0x6f, 0x6c, 0x6f, 0x72, 0x20, 0x2b, 0x3d, 0x20, 0x74, 0x65, 0x78,
  0x74, 0x75, 0x72, 0x65, 0x32, 0x44, 0x28, 0x75, 0x5f, 0x54, 0x65, 0x78,
  0x74, 0x75, 0x72, 0x65, 0x4d, 0x61, 0x70, 0x2c, 0x20, 0x74, 0x63, 0x29,
  0x3b, 0x0a, 0x09, 0x74, 0x63, 0x20, 0x3d, 0x20, 0x76, 0x61, 0x72, 0x5f,
  0x54, 0x65, 0x78, 0x43, 0x6f, 0x6f, 0x72, 0x64, 0x73, 0x20, 0x2b, 0x20,
  0x75, 0x5f, 0x49, 0x6e, 0x76, 0x54, 0x65, 0x78, 0x52, 0x65, 0x73, 0x20,
  0x2a, 0x20, 0x76, 0x65, 0x63, 0x32, 0x28, 0x20, 0x2d, 0x63, 0x5b, 0x32,
  0x5d, 0x2c, 0x20, 0x20, 0x63, 0x5b, 0x34, 0x5d, 0x29, 0x3b, 0x20, 0x20,
  0x63, 0x6f, 0x6c, 0x6f, 0x72, 0x20, 0x2b, 0x3d, 0x20, 0x74, 0x65, 0x78,
  0x74, 0x75, 0x72, 0x65, 0x32, 0x44, 0x28, 0x75, 0x5f, 0x54, 0x65, 0x78,
  0x74, 0x75, 0x72, 0x65, 0x4d, 0x61, 0x70, 0x2c, 0x20, 0x74, 0x63, 0x29,
  0x3b, 0x0a, 0x09, 0x74, 0x63, 0x20, 0x3d, 0x20, 0x76, 0x61, 0x72, 0x5f,
  0x54, 0x65, 0x78, 0x43, 0x6f, 0x6f, 0x72, 0x64, 0x73, 0x20, 0x2b, 0x20,
  0x75, 0x5f, 0x49, 0x6e, 0x76, 0x54, 0x65, 0x78, 0x52, 0x65, 0x73, 0x20,
  0x2a, 0x20, 0x76, 0x65, 0x63, 0x32, 0x28, 0x20, 0x2d, 0x63, 0x5b, 0x33,
  0x5d, 0x2c, 0x20, 0x20, 0x63, 0x5b, 0x33, 0x5d, 0x29, 0x3b, 0x20, 0x20,
  0x63, 0x6f, 0x6c, 0x6f, 0x72, 0x20, 0x2b, 0x3d, 0x20, 0x74, 0x65, 0x78,
  0x74, 0x75, 0x72, 0x65, 0x32, 0x44, 0x28, 0x75, 0x5f, 0x54, 0x65, 0x78,
  0x74, 0x75, 0x72, 0x65, 0x4d, 0x61, 0x70, 0x2c, 0x20, 0x74, 0x63, 0x29,
  0x3b, 0x0a, 0x09, 0x74, 0x63, 0x20, 0x3d, 0x20, 0x76, 0x61, 0x72, 0x5f,
  0x54, 0x65, 0x78, 0x43, 0x6f, 0x6f, 0x72, 0x64, 0x73, 0x20, 0x2b, 0x20,
  0x75, 0x5f, 0x49, 0x6e, 0x76, 0x54, 0x65, 0x78, 0x52, 0x65, 0x73, 0x20,
  0x2a, 0x20, 0x76, 0x65, 0x63, 0x32, 0x28, 0x20, 0x2d, 0x63, 0x5b, 0x34,
  0x5d, 0x2c, 0x20, 0x20, 0x63, 0x5b, 0x32, 0x5d, 0x29, 0x3b, 0x20, 0x20,
  0x63, 0x6f, 0x6c, 0x6f, 0x72, 0x20, 0x2b, 0x3d, 0x20, 0x74, 0x65, 0x78,
  0x74, 0x75, 0x72, 0x65, 0x32, 0x44, 0x28, 0x75, 0x5f, 0x54, 0x65, 0x78,
  0x74, 0x75, 0x72, 0x65, 0x4d, 0x61, 0x70, 0x2c, 0x20, 0x74, 0x63, 0x29,
  0x3b, 0x0a, 0x09, 0x74, 0x63, 0x20, 0x3d, 0x20, 0x76, 0x61, 0x72, 0x5f,
  0x54, 0x65, 0x78, 0x43, 0x6f, 0x6f, 0x72, 0x64, 0x73, 0x20, 0x2b, 0x20,
  0x75, 0x5f, 0x49, 0x6e, 0x76, 0x54, 0x65, 0x78, 0x52, 0x65, 0x73, 0x20,
  0x2a, 0x20, 0x76, 0x65, 0x63, 0x32, 0x28, 0x20, 0x2d, 0x63, 0x5b, 0x35,
  0x5d, 0x2c, 0x20, 0x20, 0x63, 0x5b, 0x31, 0x5d, 0x29, 0x3b, 0x20, 0x20,
  0x63, 0x6f, 0x6c, 0x6f, 0x72, 0x20, 0x2b, 0x3d, 0x20, 0x74, 0x65, 0x78,
  0x74, 0x75, 0x72, 0x65, 0x32, 0x44, 0x28, 0x75, 0x5f, 0x54, 0x65, 0x78,
  0x74, 0x75, 0x72, 0x65, 0x4d, 0x61, 0x70, 0x2c, 0x20, 0x74, 0x63, 0x29,
  0x3b, 0x0a, 0x0a, 0x09, 0x74, 0x63, 0x20, 0x3d, 0x20, 0x76, 0x61, 0x72,
  0x5f, 0x54, 0x65, 0x78, 0x43, 0x6f, 0x6f, 0x72, 0x64, 0x73, 0x20, 0x2b,
  0x20, 0x75, 0x5f, 0x49, 0x6e, 0x76, 0x54, 0x65, 0x78, 0x52, 0x65, 0x73,
  0x20, 0x2a, 0x20, 0x76, 0x65, 0x63, 0x32, 0x28, 0x20, 0x2d, 0x63, 0x5b,
  0x31, 0x5d, 0x2c, 0x20, 0x2d, 0x63, 0x5b, 0x35, 0x5d, 0x29, 0x3b, 0x20,
  0x20, 0x63, 0x6f, 0x6c, 0x6f, 0x72, 0x20, 0x2b, 0x3d, 0x20, 0x74, 0x65,
  0x78, 0x74, 0x75, 0x72, 0x65, 0x32, 0x44, 0x28, 0x75, 0x5f, 0x54, 0x65,
  0x78, 0x74, 0x75, 0x72, 0x65, 0x4d, 0x61, 0x70, 0x2c, 0x20, 0x74, 0x63,
  0x29, 0x3b, 0x0a, 0x09, 0x74, 0x63, 0x20, 0x3d, 0x20, 0x76, 0x61, 0x72,
  0x5f, 0x54, 0x65, 0x78, 0x43, 0x6f, 0x6f, 0x72, 0x64, 0x73, 0x20, 0x2b,
  0x20, 0x75, 0x5f, 0x49, 0x6e, 0x76, 0x54, 0x65, 0x78, 0x52, 0x65, 0x73,
  0x20, 0x2a, 0x20, 0x76, 0x65, 0x63, 0x32, 0x28, 0x20, 0x2d, 0x63, 0x5b,
  0x32, 0x5d, 0x2c, 0x20, 0x2d, 0x63, 0x5b, 0x34, 0x5d, 0x29, 0x3b, 0x20,
  0x20, 0x63, 0x6f, 0x6c, 0x6f, 0x72, 0x20, 0x2b, 0x3d, 0x20, 0x74, 0x65,
  0x78, 0x74, 0x75, 0x72, 0x65, 0x32, 0x44, 0x28, 0x75, 0x5f, 0x54, 0x65,
  0x78, 0x74, 0x75, 0x72, 0x65, 0x4d, 0x61, 0x70, 0x2c, 0x20, 0x74, 0x63,
  0x29, 0x3b, 0x0a, 0x09, 0x74, 0x63, 0x20, 0x3d, 0x20, 0x76, 0x61, 0x72,
  0x5f, 0x54, 0x65, 0x78, 0x43, 0x6f, 0x6f, 0x72, 0x64, 0x73, 0x20, 0x2b,
  0x20, 0x75, 0x5f, 0x49, 0x6e, 0x76, 0x54, 0x65, 0x78, 0x52, 0x65, 0x73,
  0x20, 0x2a, 0x20, 0x76, 0x65, 0x63, 0x32, 0x28, 0x20, 0x2d, 0x63, 0x5b,
  0x33, 0x5d, 0x2c, 0x20, 0x2d, 0x63, 0x5b, 0x33, 0x5d, 0x29, 0x3b, 0x20,
  0x20, 0x63, 0x6f, 0x6c, 0x6f, 0x72, 0x20, 0x2b, 0x3d, 0x20, 0x74, 0x65,
  0x78, 0x74, 0x75, 0x72, 0x65, 0x32, 0x44, 0x28, 0x75, 0x5f, 0x54, 0x65,
  0x78, 0x74, 0x75, 0x72, 0x65, 0x4d, 0x61, 0x70, 0x2c, 0x20, 0x74, 0x63,
  0x29, 0x3b, 0x0a, 0x09, 0x74, 0x63, 0x20, 0x3d, 0x20, 0x76, 0x61, 0x72,
  0x5f, 0x54, 0x65, 0x78, 0x43, 0x6f, 0x6f, 0x72, 0x64, 0x73, 0x20, 0x2b,
  0x20, 0x75, 0x5f, 0x49, 0x6e, 0x76, 0x54, 0x65, 0x78, 0x52, 0x65, 0x73,
  0x20, 0x2a, 0x20, 0x76, 0x65, 0x63, 0x32, 0x28, 0x20, 0x2d, 0x63, 0x5b,
  0x34, 0x5d, 0x2c, 0x20, 0x2d, 0x63, 0x5b, 0x32, 0x5d, 0x29, 0x3b, 0x20,
  0x20, 0x63, 0x6f, 0x6c, 0x6f, 0x72, 0x20, 0x2b, 0x3d, 0x20, 0x74, 0x65,
  0x78, 0x74, 0x75, 0x72, 0x65, 0x32, 0x44, 0x28, 0x75, 0x5f, 0x54, 0x65,
  0x78, 0x74, 0x75, 0x72, 0x65, 0x4d, 0x61, 0x70, 0x2c, 0x20, 0x74, 0x63,
  0x29, 0x3b, 0x0a, 0x09, 0x74, 0x63, 0x20, 0x3d, 0x20, 0x76, 0x61, 0x72,
  0x5f, 0x54, 0x65, 0x78, 0x43, 0x6f, 0x6f, 0x72, 0x64, 0x73, 0x20, 0x2b,
  0x20, 0x75, 0x5f, 0x49, 0x6e, 0x76, 0x54, 0x65, 0x78, 0x52, 0x65, 0x73,
  0x20, 0x2a, 0x20, 0x76, 0x65, 0x63, 0x32, 0x28, 0x20, 0x2d, 0x63, 0x5b,
  0x35, 0x5d, 0x2c, 0x20, 0x2d, 0x63, 0x5b, 0x31, 0x5d, 0x29, 0x3b, 0x20,
  0x20, 0x63, 0x6f, 0x6c, 0x6f, 0x72, 0x20, 0x2b, 0x3d, 0x20, 0x74, 0x65,
  0x78, 0x74, 0x75, 0x72, 0x65, 0x32, 0x44, 0x28, 0x75, 0x5f, 0x54, 0x65,
  0x78, 0x74, 0x75, 0x72, 0x65, 0x4d, 0x61, 0x70, 0x2c, 0x20, 0x74, 0x63,
  0x29, 0x3b, 0x0a, 0x09, 0x0a, 0x09, 0x67, 0x6c, 0x5f, 0x46, 0x72, 0x61,
  0x67, 0x43, 0x6f, 0x6c, 0x6f, 0x72, 0x20, 0x3d, 0x20, 0x63, 0x6f, 0x6c,
  0x6f, 0x72, 0x20, 0x2a, 0x20, 0x30, 0x2e, 0x30, 0x34, 0x31, 0x36, 0x36,
  0x36, 0x36, 0x37, 0x20, 0x2a, 0x20, 0x75, 0x5f, 0x43, 0x6f, 0x6c, 0x6f,
  0x72, 0x3b, 0x0a, 0x23, 0x65, 0x6e, 0x64, 0x69, 0x66, 0x0a, 0x0a, 0x09,
  0x66, 0x6c, 0x6f, 0x61, 0x74, 0x20, 0x63, 0x5b, 0x35, 0x5d, 0x3b, 0x0a,
  0x0a, 0x09, 0x63, 0x5b, 0x30, 0x5d, 0x20, 0x3d, 0x20, 0x31, 0x2e, 0x30,
  0x3b, 0x0a, 0x09, 0x63, 0x5b, 0x31, 0x5d, 0x20, 0x3d, 0x20, 0x30, 0x2e,
  0x39, 0x32, 0x33, 0x38, 0x37, 0x39, 0x35, 0x33, 0x32, 0x35, 0x3b, 0x0a,
  0x09, 0x63, 0x5b, 0x32, 0x5d, 0x20, 0x3d, 0x20, 0x30, 0x2e, 0x37, 0x30,
  0x37, 0x31, 0x30, 0x36, 0x37, 0x38, 0x31, 0x32, 0x3b, 0x0a, 0x09, 0x63,
  0x5b, 0x33, 0x5d, 0x20, 0x3d, 0x20, 0x30, 0x2e, 0x33, 0x38, 0x32, 0x36,
  0x38, 0x33, 0x34, 0x33, 0x32, 0x34, 0x3b, 0x0a, 0x09, 0x63, 0x5b, 0x34,
  0x5d, 0x20, 0x3d, 0x20, 0x30, 0x2e, 0x30, 0x3b, 0x0a, 0x0a, 0x09, 0x74,
  0x63, 0x20, 0x3d, 0x20, 0x76, 0x61, 0x72, 0x5f, 0x54, 0x65, 0x78, 0x43,
  0x6f, 0x6f, 0x72, 0x64, 0x73, 0x20, 0x2b, 0x20, 0x75, 0x5f, 0x49, 0x6e,
  0x76, 0x54, 0x65, 0x78, 0x52, 0x65, 0x73, 0x20, 0x2a, 0x20, 0x76, 0x65,
  0x63, 0x32, 0x28, 0x20, 0x20, 0x63, 0x5b, 0x30, 0x5d, 0x2c, 0x20, 0x20,
  0x63, 0x5b, 0x34, 0x5d, 0x29, 0x3b, 0x20, 0x20, 0x63, 0x6f, 0x6c, 0x6f,
  0x72, 0x20, 0x3d, 0x20, 0x20, 0x74, 0x65, 0x78, 0x74, 0x75, 0x72, 0x65,
  0x32, 0x44, 0x28, 0x75, 0x5f, 0x54, 0x65, 0x78, 0x74, 0x75, 0x72, 0x65,
  0x4d, 0x61, 0x70, 0x2c, 0x20, 0x74, 0x63, 0x29, 0x3b, 0x0a, 0x09, 0x74,
  0x63, 0x20, 0x3d, 0x20, 0x76, 0x61, 0x72, 0x5f, 0x54, 0x65, 0x78, 0x43,
  0x6f, 0x6f, 0x72, 0x64, 0x73, 0x20, 0x2b, 0x20, 0x75, 0x5f, 0x49, 0x6e,
  0x76, 0x54, 0x65, 0x78, 0x52, 0x65, 0x73, 0x20, 0x2a, 0x20, 0x76, 0x65,
  0x63, 0x32, 0x28, 0x20, 0x20, 0x63, 0x5b, 0x31, 0x5d, 0x2c, 0x20, 0x20,
  0x63, 0x5b, 0x33, 0x5d, 0x29, 0x3b, 0x20, 0x20, 0x63, 0x6f, 0x6c, 0x6f,
  0x72, 0x20, 0x2b, 0x3d, 0x20, 0x74, 0x65, 0x78, 0x74, 0x75, 0x72, 0x65,
  0x32, 0x44, 0x28, 0x75, 0x5f, 0x54, 0x65, 0x78, 0x74, 0x75, 0x72, 0x65,
  0x4d, 0x61, 0x70, 0x2c, 0x20, 0x74, 0x63, 0x29, 0x3b, 0x0a, 0x09, 0x74,
  0x63, 0x20, 0x3d, 0x20, 0x76, 0x61, 0x72, 0x5f, 0x54, 0x65, 0x78, 0x43,
  0x6f, 0x6f, 0x72, 0x64, 0x73, 0x20, 0x2b, 0x20, 0x75, 0x5f, 0x49, 0x6e,
  0x76, 0x54, 0x65, 0x78, 0x52, 0x65, 0x73, 0x20, 0x2a, 0x20, 0x76, 0x65,
  0x63, 0x32, 0x28, 0x20, 0x20, 0x63, 0x5b, 0x32, 0x5d, 0x2c, 0x20, 0x20,
  0x63, 0x5b, 0x32, 0x5d, 0x29, 0x3b, 0x20, 0x20, 0x63, 0x6f, 0x6c, 0x6f,
  0x72, 0x20, 0x2b, 0x3d, 0x20, 0x74, 0x65, 0x78, 0x74, 0x75, 0x72, 0x65,
  0x32, 0x44, 0x28, 0x75, 0x5f, 0x54, 0x65, 0x78, 0x74, 0x75, 0x72, 0x65,
  0x4d, 0x61, 0x70, 0x2c, 0x20, 0x74, 0x63, 0x29, 0x3b, 0x0a, 0x09, 0x74,
  0x63, 0x20, 0x3d, 0x20, 0x76, 0x61, 0x72, 0x5f, 0x54, 0x65, 0x78, 0x43,
  0x6f, 0x6f, 0x72, 0x64, 0x73, 0x20, 0x2b, 0x20, 0x75, 0x5f, 0x49, 0x6e,
  0x76, 0x54, 0x65, 0x78, 0x52, 0x65, 0x73, 0x20, 0x2a, 0x20, 0x76, 0x65,
  0x63, 0x32, 0x28, 0x20, 0x20, 0x63, 0x5b, 0x33, 0x5d, 0x2c, 0x20, 0x20,
  0x63, 0x5b, 0x31, 0x5d, 0x29, 0x3b, 0x20, 0x20, 0x63, 0x6f, 0x6c, 0x6f,
  0x72, 0x20, 0x2b, 0x3d, 0x20, 0x74, 0x65, 0x78, 0x74, 0x75, 0x72, 0x65,
  0x32, 0x44, 0x28, 0x75, 0x5f, 0x54, 0x65, 0x78, 0x74, 0x75, 0x72, 0x65,
  0x4d, 0x61, 0x70, 0x2c, 0x20, 0x74, 0x63, 0x29, 0x3b, 0x0a, 0x09, 0x74,
  0x63, 0x20, 0x3d, 0x20, 0x76, 0x61, 0x72, 0x5f, 0x54, 0x65, 0x78, 0x43,
  0x6f, 0x6f, 0x72, 0x64, 0x73, 0x20, 0x2b, 0x20, 0x75, 0x5f, 0x49, 0x6e,
  0x76, 0x54, 0x65, 0x78, 0x52, 0x65, 0x73, 0x20, 0x2a, 0x20, 0x76, 0x65,
  0x63, 0x32, 0x28, 0x20, 0x20, 0x63, 0x5b, 0x34, 0x5d, 0x2c, 0x20, 0x20,
  0x63, 0x5b, 0x30, 0x5d, 0x29, 0x3b, 0x20, 0x20, 0x63, 0x6f, 0x6c, 0x6f,
  0x72, 0x20, 0x2b, 0x3d, 0x20, 0x74, 0x65, 0x78, 0x74, 0x75, 0x72, 0x65,
  0x32, 0x44, 0x28, 0x75, 0x5f, 0x54, 0x65, 0x78, 0x74, 0x75, 0x72, 0x65,
  0x4d, 0x61, 0x70, 0x2c, 0x20, 0x74, 0x63, 0x29, 0x3b, 0x0a, 0x0a, 0x09,
  0x74, 0x63, 0x20, 0x3d, 0x20, 0x76, 0x61, 0x72, 0x5f, 0x54, 0x65, 0x78,
  0x43, 0x6f, 0x6f, 0x72, 0x64, 0x73, 0x20, 0x2b, 0x20, 0x75, 0x5f, 0x49,
  0x6e, 0x76, 0x54, 0x65, 0x78, 0x52, 0x65, 0x73, 0x20, 0x2a, 0x20, 0x76,
  0x65, 0x63, 0x32, 0x28, 0x20, 0x20, 0x63, 0x5b, 0x31, 0x5d, 0x2c, 0x20,
  0x2d, 0x63, 0x5b, 0x33, 0x5d, 0x29, 0x3b, 0x20, 0x20, 0x63, 0x6f, 0x6c,
  0x6f, 0x72, 0x20, 0x2b, 0x3d, 0x20, 0x74, 0x65, 0x78, 0x74, 0x75, 0x72,
  0x65, 0x32, 0x44, 0x28, 0x75, 0x5f, 0x54, 0x65, 0x78, 0x74, 0x75, 0x72,
  0x65, 0x4d, 0x61, 0x70, 0x2c, 0x20, 0x74, 0x63, 0x29, 0x3b, 0x0a, 0x09,
  0x74, 0x63, 0x20, 0x3d, 0x20, 0x76, 0x61, 0x72, 0x5f, 0x54, 0x65, 0x78,
  0x43, 0x6f, 0x6f, 0x72, 0x64, 0x73, 0x20, 0x2b, 0x20, 0x75, 0x5f, 0x49,
  0x6e, 0x76, 0x54, 0x65, 0x78, 0x52, 0x65, 0x73, 0x20, 0x2a, 0x20, 0x76,
  0x65, 0x63, 0x32, 0x28, 0x20, 0x20, 0x63, 0x5b, 0x32, 0x5d, 0x2c, 0x20,
  0x2d, 0x63, 0x5b, 0x32, 0x5d, 0x29, 0x3b, 0x20, 0x20, 0x63, 0x6f, 0x6c,
  0x6f, 0x72, 0x20, 0x2b, 0x3d, 0x20, 0x74, 0x65, 0x78, 0x74, 0x75, 0x72,
  0x65, 0x32, 0x44, 0x28, 0x75, 0x5f, 0x54, 0x65, 0x78, 0x74, 0x75, 0x72,
  0x65, 0x4d, 0x61, 0x70, 0x2c, 0x20, 0x74, 0x63, 0x29, 0x3b, 0x0a, 0x09,
  0x74, 0x63, 0x20, 0x3d, 0x20, 0x76, 0x61, 0x72, 0x5f, 0x54, 0x65, 0x78,
  0x43, 0x6f, 0x6f, 0x72, 0x64, 0x73, 0x20, 0x2b, 0x20, 0x75, 0x5f, 0x49,
  0x6e, 0x76, 0x54, 0x65, 0x78, 0x52, 0x65, 0x73, 0x20, 0x2a, 0x20, 0x76,
  0x65, 0x63, 0x32, 0x28, 0x20, 0x20, 0x63, 0x5b, 0x33, 0x5d, 0x2c, 0x20,
  0x2d, 0x63, 0x5b, 0x31, 0x5d, 0x29, 0x3b, 0x20, 0x20, 0x63, 0x6f, 0x6c,
  0x6f, 0x72, 0x20, 0x2b, 0x3d, 0x20, 0x74, 0x65, 0x78, 0x74, 0x75, 0x72,
  0x65, 0x32, 0x44, 0x28, 0x75, 0x5f, 0x54, 0x65, 0x78, 0x74, 0x75, 0x72,
  0x65, 0x4d, 0x61, 0x70, 0x2c, 0x20, 0x74, 0x63, 0x29, 0x3b, 0x0a, 0x09,
  0x74, 0x63, 0x20, 0x3d, 0x20, 0x76, 0x61, 0x72, 0x5f, 0x54, 0x65, 0x78,
  0x43, 0x6f, 0x6f, 0x72, 0x64, 0x73, 0x20, 0x2b, 0x20, 0x75, 0x5f, 0x49,
  0x6e, 0x76, 0x54, 0x65, 0x78, 0x52, 0x65, 0x73, 0x20, 0x2a, 0x20, 0x76,
  0x65, 0x63, 0x32, 0x28, 0x20, 0x20, 0x63, 0x5b, 0x34, 0x5d, 0x2c, 0x20,
  0x2d, 0x63, 0x5b, 0x30, 0x5d, 0x29, 0x3b, 0x20, 0x20, 0x63, 0x6f, 0x6c,
  0x6f, 0x72, 0x20, 0x2b, 0x3d, 0x20, 0x74, 0x65, 0x78, 0x74, 0x75, 0x72,
  0x65, 0x32, 0x44, 0x28, 0x75, 0x5f, 0x54, 0x65, 0x78, 0x74, 0x75, 0x72,
  0x65, 0x4d, 0x61, 0x70, 0x2c, 0x20, 0x74, 0x63, 0x29, 0x3b, 0x0a, 0x0a,
  0x09, 0x74, 0x63, 0x20, 0x3d, 0x20, 0x76, 0x61, 0x72, 0x5f, 0x54, 0x65,
  0x78, 0x43, 0x6f, 0x6f, 0x72, 0x64, 0x73, 0x20, 0x2b, 0x20, 0x75, 0x5f,
  0x49, 0x6e, 0x76, 0x54, 0x65, 0x78, 0x52, 0x65, 0x73, 0x20, 0x2a, 0x20,
  0x76, 0x65, 0x63, 0x32, 0x28, 0x20, 0x2d, 0x63, 0x5b, 0x30, 0x5d, 0x2c,
  0x20, 0x20, 0x63, 0x5b, 0x34, 0x5d, 0x29, 0x3b, 0x20, 0x20, 0x63, 0x6f,
  0x6c, 0x6f, 0x72, 0x20, 0x2b, 0x3d, 0x20, 0x74, 0x65, 0x78, 0x74, 0x75,
  0x72, 0x65, 0x32, 0x44, 0x28, 0x75, 0x5f, 0x54, 0x65, 0x78, 0x74, 0x75,
  0x72, 0x65, 0x4d, 0x61, 0x70, 0x2c, 0x20, 0x74, 0x63, 0x29, 0x3b, 0x0a,
  0x09, 0x74, 0x63, 0x20, 0x3d, 0x20, 0x76, 0x61, 0x72, 0x5f, 0x54, 0x65,
  0x78, 0x43, 0x6f, 0x6f, 0x72, 0x64, 0x73, 0x20, 0x2b, 0x20, 0x75, 0x5f,
  0x49, 0x6e, 0x76, 0x54, 0x65, 0x78, 0x52, 0x65, 0x73, 0x20, 0x2a, 0x20,
  0x76, 0x65, 0x63, 0x32, 0x28, 0x20, 0x2d, 0x63, 0x5b, 0x31, 0x5d, 0x2c,
  0x20, 0x20, 0x63, 0x5b, 0x33, 0x5d, 0x29, 0x3b, 0x20, 0x20, 0x63, 0x6f,
  0x6c, 0x6f, 0x72, 0x20, 0x2b, 0x3d, 0x20, 0x74, 0x65, 0x78, 0x74, 0x75,
  0x72, 0x65, 0x32, 0x44, 0x28, 0x75, 0x5f, 0x54, 0x65, 0x78, 0x74, 0x75,
  0x72, 0x65, 0x4d, 0x61, 0x70, 0x2c, 0x20, 0x74, 0x63, 0x29, 0x3b, 0x0a,
  0x09, 0x74, 0x63, 0x20, 0x3d, 0x20, 0x76, 0x61, 0x72, 0x5f, 0x54, 0x65,
  0x78, 0x43, 0x6f, 0x6f, 0x72, 0x64, 0x73, 0x20, 0x2b, 0x20, 0x75, 0x5f,
  0x49, 0x6e, 0x76, 0x54, 0x65, 0x78, 0x52, 0x65, 0x73, 0x20, 0x2a, 0x20,
  0x76, 0x65, 0x63, 0x32, 0x28, 0x20, 0x2d, 0x63, 0x5b, 0x32, 0x5d, 0x2c,
  0x20, 0x20, 0x63, 0x5b, 0x32, 0x5d, 0x29, 0x3b, 0x20, 0x20, 0x63, 0x6f,
  0x6c, 0x6f, 0x72, 0x20, 0x2b, 0x3d, 0x20, 0x74, 0x65, 0x78, 0x74, 0x75,
  0x72, 0x65, 0x32, 0x44, 0x28, 0x75, 0x5f, 0x54, 0x65, 0x78, 0x74, 0x75,
  0x72, 0x65, 0x4d, 0x61, 0x70, 0x2c, 0x20, 0x74, 0x63, 0x29, 0x3b, 0x0a,
  0x09, 0x74, 0x63, 0x20, 0x3d, 0x20, 0x76, 0x61, 0x72, 0x5f, 0x54, 0x65,
  0x78, 0x43, 0x6f, 0x6f, 0x72, 0x64, 0x73, 0x20, 0x2b, 0x20, 0x75, 0x5f,
  0x49, 0x6e, 0x76, 0x54, 0x65, 0x78, 0x52, 0x65, 0x73, 0x20, 0x2a, 0x20,
  0x76, 0x65, 0x63, 0x32, 0x28, 0x20, 0x2d, 0x63, 0x5b, 0x33, 0x5d, 0x2c,
  0x20, 0x20, 0x63, 0x5b, 0x31, 0x5d, 0x29, 0x3b, 0x20, 0x20, 0x63, 0x6f,
  0x6c, 0x6f, 0x72, 0x20, 0x2b, 0x3d, 0x20, 0x74, 0x65, 0x78, 0x74, 0x75,
  0x72, 0x65, 0x32, 0x44, 0x28, 0x75, 0x5f, 0x54, 0x65, 0x78, 0x74, 0x75,
  0x72, 0x65, 0x4d, 0x61, 0x70, 0x2c, 0x20, 0x74, 0x63, 0x29, 0x3b, 0x0a,
  0x0a, 0x09, 0x74, 0x63, 0x20, 0x3d, 0x20, 0x76, 0x61, 0x72, 0x5f, 0x54,
  0x65, 0x78, 0x43, 0x6f, 0x6f, 0x72, 0x64, 0x73, 0x20, 0x2b, 0x20, 0x75,
  0x5f, 0x49, 0x6e, 0x76, 0x54, 0x65, 0x78, 0x52, 0x65, 0x73, 0x20, 0x2a,
  0x20, 0x76, 0x65, 0x63, 0x32, 0x28, 0x20, 0x2d, 0x63, 0x5b, 0x31, 0x5d,
  0x2c, 0x20, 0x2d, 0x63, 0x5b, 0x33, 0x5d, 0x29, 0x3b, 0x20, 0x20, 0x63,
  0x6f, 0x6c, 0x6f, 0x72, 0x20, 0x2b, 0x3d, 0x20, 0x74, 0x65, 0x78, 0x74,
  0x75, 0x72, 0x65, 0x32, 0x44, 0x28, 0x75, 0x5f, 0x54, 0x65, 0x78, 0x74,
  0x75, 0x72, 0x65, 0x4d, 0x61, 0x70, 0x2c, 0x20, 0x74, 0x63, 0x29, 0x3b,
  0x0a, 0x09, 0x74, 0x63, 0x20, 0x3d, 0x20, 0x76, 0x61, 0x72, 0x5f, 0x54,
  0x65, 0x78, 0x43, 0x6f, 0x6f, 0x72, 0x64, 0x73, 0x20, 0x2b, 0x20, 0x75,
  0x5f, 0x49, 0x6e, 0x76, 0x54, 0x65, 0x78, 0x52, 0x65, 0x73, 0x20, 0x2a,
  0x20, 0x76, 0x65, 0x63, 0x32, 0x28, 0x20, 0x2d, 0x63, 0x5b, 0x32, 0x5d,
  0x2c, 0x20, 0x2d, 0x63, 0x5b, 0x32, 0x5d, 0x29, 0x3b, 0x20, 0x20, 0x63,
  0x6f, 0x6c, 0x6f, 0x72, 0x20, 0x2b, 0x3d, 0x20, 0x74, 0x65, 0x78, 0x74,
  0x75, 0x72, 0x65, 0x32, 0x44, 0x28, 0x75, 0x5f, 0x54, 0x65, 0x78, 0x74,
  0x75, 0x72, 0x65, 0x4d, 0x61, 0x70, 0x2c, 0x20, 0x74, 0x63, 0x29, 0x3b,
  0x0a, 0x09, 0x74, 0x63, 0x20, 0x3d, 0x20, 0x76, 0x61, 0x72, 0x5f, 0x54,
  0x65, 0x78, 0x43, 0x6f, 0x6f, 0x72, 0x64, 0x73, 0x20, 0x2b, 0x20, 0x75,
  0x5f, 0x49, 0x6e, 0x76, 0x54, 0x65, 0x78, 0x52, 0x65, 0x73, 0x20, 0x2a,
  0x20, 0x76, 0x65, 0x63, 0x32, 0x28, 0x20, 0x2d, 0x63, 0x5b, 0x33, 0x5d,
  0x2c, 0x20, 0x2d, 0x63, 0x5b, 0x31, 0x5d, 0x29, 0x3b, 0x20, 0x20, 0x63,
  0x6f, 0x6c, 0x6f, 0x72, 0x20, 0x2b, 0x3d, 0x20, 0x74, 0x65, 0x78, 0x74,
  0x75, 0x72, 0x65, 0x32, 0x44, 0x28, 0x75, 0x5f, 0x54, 0x65, 0x78, 0x74,
  0x75, 0x72, 0x65, 0x4d, 0x61, 0x70, 0x2c, 0x20, 0x74, 0x63, 0x29, 0x3b,
  0x0a, 0x09, 0x0a, 0x09, 0x67, 0x6c, 0x5f, 0x46, 0x72, 0x61, 0x67, 0x43,
  0x6f, 0x6c, 0x6f, 0x72, 0x20, 0x3d, 0x20, 0x63, 0x6f, 0x6c, 0x6f, 0x72,
  0x20, 0x2a, 0x20, 0x30, 0x2e, 0x30, 0x36, 0x32, 0x35, 0x20, 0x2a, 0x20,
  0x75, 0x5f, 0x43, 0x6f, 0x6c, 0x6f, 0x72, 0x3b, 0x0a, 0x7d, 0x0a
};
unsigned int fallbackShader_bokeh_fp_len = 4367;
unsigned char fallbackShader_bokeh_vp[] = {
  0x61, 0x74, 0x74, 0x72, 0x69, 0x62, 0x75, 0x74, 0x65, 0x20, 0x76, 0x65,
  0x63, 0x33, 0x20, 0x61, 0x74, 0x74, 0x72, 0x5f, 0x50, 0x6f, 0x73, 0x69,
  0x74, 0x69, 0x6f, 0x6e, 0x3b, 0x0a, 0x61, 0x74, 0x74, 0x72, 0x69, 0x62,
  0x75, 0x74, 0x65, 0x20, 0x76, 0x65, 0x63, 0x34, 0x20, 0x61, 0x74, 0x74,
  0x72, 0x5f, 0x54, 0x65, 0x78, 0x43, 0x6f, 0x6f, 0x72, 0x64, 0x30, 0x3b,
  0x0a, 0x0a, 0x75, 0x6e, 0x69, 0x66, 0x6f, 0x72, 0x6d, 0x20, 0x6d, 0x61,
  0x74, 0x34, 0x20, 0x20, 0x20, 0x75, 0x5f, 0x4d, 0x6f, 0x64, 0x65, 0x6c,
  0x56, 0x69, 0x65, 0x77, 0x50, 0x72, 0x6f, 0x6a, 0x65, 0x63, 0x74, 0x69,
  0x6f, 0x6e, 0x4d, 0x61, 0x74, 0x72, 0x69, 0x78, 0x3b, 0x0a, 0x0a, 0x76,
  0x61, 0x72, 0x79, 0x69, 0x6e, 0x67, 0x20, 0x76, 0x65, 0x63, 0x32, 0x20,
  0x20, 0x20, 0x76, 0x61, 0x72, 0x5f, 0x54, 0x65, 0x78, 0x43, 0x6f, 0x6f,
  0x72, 0x64, 0x73, 0x3b, 0x0a, 0x0a, 0x0a, 0x76, 0x6f, 0x69, 0x64, 0x20,
  0x6d, 0x61, 0x69, 0x6e, 0x28, 0x29, 0x0a, 0x7b, 0x0a, 0x09, 0x67, 0x6c,
  0x5f, 0x50, 0x6f, 0x73, 0x69, 0x74, 0x69, 0x6f, 0x6e, 0x20, 0x3d, 0x20,
  0x75, 0x5f, 0x4d, 0x6f, 0x64, 0x65, 0x6c, 0x56, 0x69, 0x65, 0x77, 0x50,
  0x72, 0x6f, 0x6a, 0x65, 0x63, 0x74, 0x69, 0x6f, 0x6e, 0x4d, 0x61, 0x74,
  0x72, 0x69, 0x78, 0x20, 0x2a, 0x20, 0x76, 0x65, 0x63, 0x34, 0x28, 0x61,
  0x74, 0x74, 0x72, 0x5f, 0x50, 0x6f, 0x73, 0x69, 0x74, 0x69, 0x6f, 0x6e,
  0x2c, 0x20, 0x31, 0x2e, 0x30, 0x29, 0x3b, 0x0a, 0x09, 0x76, 0x61, 0x72,
  0x5f, 0x54, 0x65, 0x78, 0x43, 0x6f, 0x6f, 0x72, 0x64, 0x73, 0x20, 0x3d,
  0x20, 0x61, 0x74, 0x74, 0x72, 0x5f, 0x54, 0x65, 0x78, 0x43, 0x6f, 0x6f,
  0x72, 0x64, 0x30, 0x2e, 0x73, 0x74, 0x3b, 0x0a, 0x7d, 0x0a
};
unsigned int fallbackShader_bokeh_vp_len = 262;
unsigned char fallbackShader_calclevels4x_fp[] = {
  0x75, 0x6e, 0x69, 0x66, 0x6f, 0x72, 0x6d, 0x20, 0x73, 0x61, 0x6d, 0x70,
  0x6c, 0x65, 0x72, 0x32, 0x44, 0x20, 0x75, 0x5f, 0x54, 0x65, 0x78, 0x74,
  0x75, 0x72, 0x65, 0x4d, 0x61, 0x70, 0x3b, 0x0a, 0x0a, 0x75, 0x6e, 0x69,
  0x66, 0x6f, 0x72, 0x6d, 0x20, 0x76, 0x65, 0x63, 0x34, 0x20, 0x20, 0x20,
  0x20, 0x20, 0x20, 0x75, 0x5f, 0x43, 0x6f, 0x6c, 0x6f, 0x72, 0x3b, 0x0a,
  0x0a, 0x75, 0x6e, 0x69, 0x66, 0x6f, 0x72, 0x6d, 0x20, 0x76, 0x65, 0x63,
  0x32, 0x20, 0x20, 0x20, 0x20, 0x20, 0x20, 0x75, 0x5f, 0x49, 0x6e, 0x76,
  0x54, 0x65, 0x78, 0x52, 0x65, 0x73, 0x3b, 0x0a, 0x76, 0x61, 0x72, 0x79,
  0x69, 0x6e, 0x67, 0x20, 0x76, 0x65, 0x63, 0x32, 0x20, 0x20, 0x20, 0x20,
  0x20, 0x20, 0x76, 0x61, 0x72, 0x5f, 0x54, 0x65, 0x78, 0x43, 0x6f, 0x6f,
  0x72, 0x64, 0x73, 0x3b, 0x0a, 0x0a, 0x63, 0x6f, 0x6e, 0x73, 0x74, 0x20,
  0x76, 0x65, 0x63, 0x33, 0x20, 0x20, 0x4c, 0x55, 0x4d, 0x49, 0x4e, 0x41,
  0x4e, 0x43, 0x45, 0x5f, 0x56, 0x45, 0x43, 0x54, 0x4f, 0x52, 0x20, 0x3d,
  0x20, 0x20, 0x20, 0x76, 0x65, 0x63, 0x33, 0x28, 0x30, 0x2e, 0x32, 0x31,
  0x32, 0x35, 0x2c, 0x20, 0x30, 0x2e, 0x37, 0x31, 0x35, 0x34, 0x2c, 0x20,
  0x30, 0x2e, 0x30, 0x37, 0x32, 0x31, 0x29, 0x3b, 0x20, 0x2f, 0x2f, 0x76,
  0x65, 0x63, 0x33, 0x28, 0x30, 0x2e, 0x32, 0x39, 0x39, 0x2c, 0x20, 0x30,
  0x2e, 0x35, 0x38, 0x37, 0x2c, 0x20, 0x30, 0x2e, 0x31, 0x31, 0x34, 0x29,
  0x3b, 0x0a, 0x0a, 0x76, 0x65, 0x63, 0x33, 0x20, 0x47, 0x65, 0x74, 0x56,
  0x61, 0x6c, 0x75, 0x65, 0x73, 0x28, 0x76, 0x65, 0x63, 0x32, 0x20, 0x6f,
  0x66, 0x66, 0x73, 0x65, 0x74, 0x2c, 0x20, 0x76, 0x65, 0x63, 0x33, 0x20,
  0x63, 0x75, 0x72, 0x72, 0x65, 0x6e, 0x74, 0x29, 0x0a, 0x7b, 0x0a, 0x09,
  0x76, 0x65, 0x63, 0x32, 0x20, 0x74, 0x63, 0x20, 0x3d, 0x20, 0x76, 0x61,
  0x72, 0x5f, 0x54, 0x65, 0x78, 0x43, 0x6f, 0x6f, 0x72, 0x64, 0x73, 0x20,
  0x2b, 0x20, 0x75, 0x5f, 0x49, 0x6e, 0x76, 0x54, 0x65, 0x78, 0x52, 0x65,
  0x73, 0x20, 0x2a, 0x20, 0x6f, 0x66, 0x66, 0x73, 0x65, 0x74, 0x3b, 0x0a,
  0x09, 0x76, 0x65, 0x63, 0x33, 0x20, 0x6d, 0x69, 0x6e, 0x41, 0x76, 0x67,
  0x4d, 0x61, 0x78, 0x20, 0x3d, 0x20, 0x74, 0x65, 0x78, 0x74, 0x75, 0x72,
  0x65, 0x32, 0x44, 0x28, 0x75, 0x5f, 0x54, 0x65, 0x78, 0x74, 0x75, 0x72,
  0x65, 0x4d, 0x61, 0x70, 0x2c, 0x20, 0x74, 0x63, 0x29, 0x2e, 0x72, 0x67,
  0x62, 0x3b, 0x0a, 0x0a, 0x23, 0x69, 0x66, 0x64, 0x65, 0x66, 0x20, 0x46,
  0x49, 0x52, 0x53, 0x54, 0x5f, 0x50, 0x41, 0x53, 0x53, 0x0a, 0x0a, 0x20,
  0x20, 0x23, 0x69, 0x66, 0x20, 0x64, 0x65, 0x66, 0x69, 0x6e, 0x65, 0x64,
  0x28, 0x55, 0x53, 0x45, 0x5f, 0x50, 0x42, 0x52, 0x29, 0x0a, 0x09, 0x6d,
  0x69, 0x6e, 0x41, 0x76, 0x67, 0x4d, 0x61, 0x78, 0x20, 0x2a, 0x3d, 0x20,
  0x6d, 0x69, 0x6e, 0x41, 0x76, 0x67, 0x4d, 0x61, 0x78, 0x3b, 0x0a, 0x20,
  0x20, 0x23, 0x65, 0x6e, 0x64, 0x69, 0x66, 0x0a, 0x0a, 0x09, 0x66, 0x6c,
  0x6f, 0x61, 0x74, 0x20, 0x6c, 0x75, 0x6d, 0x69, 0x20, 0x3d, 0x20, 0x6d,
  0x61, 0x78, 0x28, 0x64, 0x6f, 0x74, 0x28, 0x4c, 0x55, 0x4d, 0x49, 0x4e,
  0x41, 0x4e, 0x43, 0x45, 0x5f, 0x56, 0x45, 0x43, 0x54, 0x4f, 0x52, 0x2c,
  0x20, 0x6d, 0x69, 0x6e, 0x41, 0x76, 0x67, 0x4d, 0x61, 0x78, 0x29, 0x2c,
  0x20, 0x30, 0x2e, 0x30, 0x30, 0x30, 0x30, 0x30, 0x31, 0x29, 0x3b, 0x0a,
  0x09, 0x66, 0x6c, 0x6f, 0x61, 0x74, 0x20, 0x6c, 0x6f, 0x67, 0x6c, 0x75,
  0x6d, 0x69, 0x20, 0x3d, 0x20, 0x63, 0x6c, 0x61, 0x6d, 0x70, 0x28, 0x6c,
  0x6f, 0x67, 0x32, 0x28, 0x6c, 0x75, 0x6d, 0x69, 0x29, 0x2c, 0x20, 0x2d,
  0x31, 0x30, 0x2e, 0x30, 0x2c, 0x20, 0x31, 0x30, 0x2e, 0x30, 0x29, 0x3b,
  0x0a, 0x09, 0x6d, 0x69, 0x6e, 0x41, 0x76, 0x67, 0x4d, 0x61, 0x78, 0x20,
  0x3d, 0x20, 0x76, 0x65, 0x63, 0x33, 0x28, 0x6c, 0x6f, 0x67, 0x6c, 0x75,
  0x6d, 0x69, 0x20, 0x2a, 0x20, 0x30, 0x2e, 0x30, 0x35, 0x20, 0x2b, 0x20,
  0x30, 0x2e, 0x35, 0x29, 0x3b, 0x0a, 0x23, 0x65, 0x6e, 0x64, 0x69, 0x66,
  0x0a, 0x0a, 0x09, 0x72, 0x65, 0x74, 0x75, 0x72, 0x6e, 0x20, 0x76, 0x65,
  0x63, 0x33, 0x28, 0x6d, 0x69, 0x6e, 0x28, 0x63, 0x75, 0x72, 0x72, 0x65,
  0x6e, 0x74, 0x2e, 0x78, 0x2c, 0x20, 0x6d, 0x69, 0x6e, 0x41, 0x76, 0x67,
  0x4d, 0x61, 0x78, 0x2e, 0x78, 0x29, 0x2c, 0x20, 0x63, 0x75, 0x72, 0x72,
  0x65, 0x6e, 0x74, 0x2e, 0x79, 0x20, 0x2b, 0x20, 0x6d, 0x69, 0x6e, 0x41,
  0x76, 0x67, 0x4d, 0x61, 0x78, 0x2e, 0x79, 0x2c, 0x20, 0x6d, 0x61, 0x78,
  0x28, 0x63, 0x75, 0x72, 0x72, 0x65, 0x6e, 0x74, 0x2e, 0x7a, 0x2c, 0x20,
  0x6d, 0x69, 0x6e, 0x41, 0x76, 0x67, 0x4d, 0x61, 0x78, 0x2e, 0x7a, 0x29,
  0x29, 0x3b, 0x0a, 0x7d, 0x0a, 0x0a, 0x76, 0x6f, 0x69, 0x64, 0x20, 0x6d,
  0x61, 0x69, 0x6e, 0x28, 0x29, 0x0a, 0x7b, 0x0a, 0x09, 0x76, 0x65, 0x63,
  0x33, 0x20, 0x63, 0x75, 0x72, 0x72, 0x65, 0x6e, 0x74, 0x20, 0x3d, 0x20,
  0x76, 0x65, 0x63, 0x33, 0x28, 0x31, 0x2e, 0x30, 0x2c, 0x20, 0x30, 0x2e,
  0x30, 0x2c, 0x20, 0x30, 0x2e, 0x30, 0x29, 0x3b, 0x0a, 0x0a, 0x23, 0x69,
  0x66, 0x64, 0x65, 0x66, 0x20, 0x46, 0x49, 0x52, 0x53, 0x54, 0x5f, 0x50,
  0x41, 0x53, 0x53, 0x0a, 0x09, 0x63, 0x75, 0x72, 0x72, 0x65, 0x6e, 0x74,
  0x20, 0x3d, 0x20, 0x47, 0x65, 0x74, 0x56, 0x61, 0x6c, 0x75, 0x65, 0x73,
  0x28, 0x76, 0x65, 0x63, 0x32, 0x28, 0x20, 0x30, 0x2e, 0x30, 0x2c, 0x20,
  0x20, 0x30, 0x2e, 0x30, 0x29, 0x2c, 0x20, 0x63, 0x75, 0x72, 0x72, 0x65,
  0x6e, 0x74, 0x29, 0x3b, 0x0a, 0x23, 0x65, 0x6c, 0x73, 0x65, 0x0a, 0x09,
  0x63, 0x75, 0x72, 0x72, 0x65, 0x6e, 0x74, 0x20, 0x3d, 0x20, 0x47, 0x65,
  0x74, 0x56, 0x61, 0x6c, 0x75, 0x65, 0x73, 0x28, 0x76, 0x65, 0x63, 0x32,
  0x28, 0x2d, 0x31, 0x2e, 0x35, 0x2c, 0x20, 0x2d, 0x31, 0x2e, 0x35, 0x29,
  0x2c, 0x20, 0x63, 0x75, 0x72, 0x72, 0x65, 0x6e, 0x74, 0x29, 0x3b, 0x0a,
  0x09, 0x63, 0x75, 0x72, 0x72, 0x65, 0x6e, 0x74, 0x20, 0x3d, 0x20, 0x47,
  0x65, 0x74, 0x56, 0x61, 0x6c, 0x75, 0x65, 0x73, 0x28, 0x76, 0x65, 0x63,
  0x32, 0x28, 0x2d, 0x30, 0x2e, 0x35, 0x2c, 0x20, 0x2d, 0x31, 0x2e, 0x35,
  0x29, 0x2c, 0x20, 0x63, 0x75, 0x72, 0x72, 0x65, 0x6e, 0x74, 0x29, 0x3b,
  0x0a, 0x09, 0x63, 0x75, 0x72, 0x72, 0x65, 0x6e, 0x74, 0x20, 0x3d, 0x20,
  0x47, 0x65, 0x74, 0x56, 0x61, 0x6c, 0x75, 0x65, 0x73, 0x28, 0x76, 0x65,
  0x63, 0x32, 0x28, 0x20, 0x30, 0x2e, 0x35, 0x2c, 0x20, 0x2d, 0x31, 0x2e,
  0x35, 0x29, 0x2c, 0x20, 0x63, 0x75, 0x72, 0x72, 0x65, 0x6e, 0x74, 0x29,
  0x3b, 0x0a, 0x09, 0x63, 0x75, 0x72, 0x72, 0x65, 0x6e, 0x74, 0x20, 0x3d,
  0x20, 0x47, 0x65, 0x74, 0x56, 0x61, 0x6c, 0x75, 0x65, 0x73, 0x28, 0x76,
  0x65, 0x63, 0x32, 0x28, 0x20, 0x31, 0x2e, 0x35, 0x2c, 0x20, 0x2d, 0x31,
  0x2e, 0x35, 0x29, 0x2c, 0x20, 0x63, 0x75, 0x72, 0x72, 0x65, 0x6e, 0x74,
  0x29, 0x3b, 0x0a, 0x09, 0x0a, 0x09, 0x63, 0x75, 0x72, 0x72, 0x65, 0x6e,
  0x74, 0x20, 0x3d, 0x20, 0x47, 0x65, 0x74, 0x56, 0x61, 0x6c, 0x75, 0x65,
  0x73, 0x28, 0x76, 0x65, 0x63, 0x32, 0x28, 0x2d, 0x31, 0x2e, 0x35, 0x2c,
  0x20, 0x2d, 0x30, 0x2e, 0x35, 0x29, 0x2c, 0x20, 0x63, 0x75, 0x72, 0x72,
  0x65, 0x6e, 0x74, 0x29, 0x3b, 0x0a, 0x09, 0x63, 0x75, 0x72, 0x72, 0x65,
  0x6e, 0x74, 0x20, 0x3d, 0x20, 0x47, 0x65, 0x74, 0x56, 0x61, 0x6c, 0x75,
  0x65, 0x73, 0x28, 0x76, 0x65, 0x63, 0x32, 0x28, 0x2d, 0x30, 0x2e, 0x35,
  0x2c, 0x20, 0x2d, 0x30, 0x2e, 0x35, 0x29, 0x2c, 0x20, 0x63, 0x75, 0x72,
  0x72, 0x65, 0x6e, 0x74, 0x29, 0x3b, 0x0a, 0x09, 0x63, 0x75, 0x72, 0x72,
  0x65, 0x6e, 0x74, 0x20, 0x3d, 0x20, 0x47, 0x65, 0x74, 0x56, 0x61, 0x6c,
  0x75, 0x65, 0x73, 0x28, 0x76, 0x65, 0x63, 0x32, 0x28, 0x20, 0x30, 0x2e,
  0x35, 0x2c, 0x20, 0x2d, 0x30, 0x2e, 0x35, 0x29, 0x2c, 0x20, 0x63, 0x75,
  0x72, 0x72, 0x65, 0x6e, 0x74, 0x29, 0x3b, 0x0a, 0x09, 0x63, 0x75, 0x72,
  0x72, 0x65, 0x6e, 0x74, 0x20, 0x3d, 0x20, 0x47, 0x65, 0x74, 0x56, 0x61,
  0x6c, 0x75, 0x65, 0x73, 0x28, 0x76, 0x65, 0x63, 0x32, 0x28, 0x20, 0x31,
  0x2e, 0x35, 0x2c, 0x20, 0x2d, 0x30, 0x2e, 0x35, 0x29, 0x2c, 0x20, 0x63,
  0x75, 0x72, 0x72, 0x65, 0x6e, 0x74, 0x29, 0x3b, 0x0a, 0x09, 0x0a, 0x09,
  0x63, 0x75, 0x72, 0x72, 0x65, 0x6e, 0x74, 0x20, 0x3d, 0x20, 0x47, 0x65,
  0x74, 0x56, 0x61, 0x6c, 0x75, 0x65, 0x73, 0x28, 0x76, 0x65, 0x63, 0x32,
  0x28, 0x2d, 0x31, 0x2e, 0x35, 0x2c, 0x20, 0x20, 0x30, 0x2e, 0x35, 0x29,
  0x2c, 0x20, 0x63, 0x75, 0x72, 0x72, 0x65, 0x6e, 0x74, 0x29, 0x3b, 0x0a,
  0x09, 0x63, 0x75, 0x72, 0x72, 0x65, 0x6e, 0x74, 0x20, 0x3d, 0x20, 0x47,
  0x65, 0x74, 0x56, 0x61, 0x6c, 0x75, 0x65, 0x73, 0x28, 0x76, 0x65, 0x63,
  0x32, 0x28, 0x2d, 0x30, 0x2e, 0x35, 0x2c, 0x20, 0x20, 0x30, 0x2e, 0x35,
  0x29, 0x2c, 0x20, 0x63, 0x75, 0x72, 0x72, 0x65, 0x6e, 0x74, 0x29, 0x3b,
  0x0a, 0x09, 0x63, 0x75, 0x72, 0x72, 0x65, 0x6e, 0x74, 0x20, 0x3d, 0x20,
  0x47, 0x65, 0x74, 0x56, 0x61, 0x6c, 0x75, 0x65, 0x73, 0x28, 0x76, 0x65,
  0x63, 0x32, 0x28, 0x20, 0x30, 0x2e, 0x35, 0x2c, 0x20, 0x20, 0x30, 0x2e,
  0x35, 0x29, 0x2c, 0x20, 0x63, 0x75, 0x72, 0x72, 0x65, 0x6e, 0x74, 0x29,
  0x3b, 0x0a, 0x09, 0x63, 0x75, 0x72, 0x72, 0x65, 0x6e, 0x74, 0x20, 0x3d,
  0x20, 0x47, 0x65, 0x74, 0x56, 0x61, 0x6c, 0x75, 0x65, 0x73, 0x28, 0x76,
  0x65, 0x63, 0x32, 0x28, 0x20, 0x31, 0x2e, 0x35, 0x2c, 0x20, 0x20, 0x30,
  0x2e, 0x35, 0x29, 0x2c, 0x20, 0x63, 0x75, 0x72, 0x72, 0x65, 0x6e, 0x74,
  0x29, 0x3b, 0x0a, 0x0a, 0x09, 0x63, 0x75, 0x72, 0x72, 0x65, 0x6e, 0x74,
  0x20, 0x3d, 0x20, 0x47, 0x65, 0x74, 0x56, 0x61, 0x6c, 0x75, 0x65, 0x73,
  0x28, 0x76, 0x65, 0x63, 0x32, 0x28, 0x2d, 0x31, 0x2e, 0x35, 0x2c, 0x20,
  0x20, 0x31, 0x2e, 0x35, 0x29, 0x2c, 0x20, 0x63, 0x75, 0x72, 0x72, 0x65,
  0x6e, 0x74, 0x29, 0x3b, 0x0a, 0x09, 0x63, 0x75, 0x72, 0x72, 0x65, 0x6e,
  0x74, 0x20, 0x3d, 0x20, 0x47, 0x65, 0x74, 0x56, 0x61, 0x6c, 0x75, 0x65,
  0x73, 0x28, 0x76, 0x65, 0x63, 0x32, 0x28, 0x2d, 0x30, 0x2e, 0x35, 0x2c,
  0x20, 0x20, 0x31, 0x2e, 0x35, 0x29, 0x2c, 0x20, 0x63, 0x75, 0x72, 0x72,
  0x65, 0x6e, 0x74, 0x29, 0x3b, 0x0a, 0x09, 0x63, 0x75, 0x72, 0x72, 0x65,
  0x6e, 0x74, 0x20, 0x3d, 0x20, 0x47, 0x65, 0x74, 0x56, 0x61, 0x6c, 0x75,
  0x65, 0x73, 0x28, 0x76, 0x65, 0x63, 0x32, 0x28, 0x20, 0x30, 0x2e, 0x35,
  0x2c, 0x20, 0x20, 0x31, 0x2e, 0x35, 0x29, 0x2c, 0x20, 0x63, 0x75, 0x72,
  0x72, 0x65, 0x6e, 0x74, 0x29, 0x3b, 0x0a, 0x09, 0x63, 0x75, 0x72, 0x72,
  0x65, 0x6e, 0x74, 0x20, 0x3d, 0x20, 0x47, 0x65, 0x74, 0x56, 0x61, 0x6c,
  0x75, 0x65, 0x73, 0x28, 0x76, 0x65, 0x63, 0x32, 0x28, 0x20, 0x31, 0x2e,
  0x35, 0x2c, 0x20, 0x20, 0x31, 0x2e, 0x35, 0x29, 0x2c, 0x20, 0x63, 0x75,
  0x72, 0x72, 0x65, 0x6e, 0x74, 0x29, 0x3b, 0x0a, 0x0a, 0x09, 0x63, 0x75,
  0x72, 0x72, 0x65, 0x6e, 0x74, 0x2e, 0x79, 0x20, 0x2a, 0x3d, 0x20, 0x30,
  0x2e, 0x30, 0x36, 0x32, 0x35, 0x3b, 0x0a, 0x23, 0x65, 0x6e, 0x64, 0x69,
  0x66, 0x0a, 0x0a, 0x09, 0x67, 0x6c, 0x5f, 0x46, 0x72, 0x61, 0x67, 0x43,
  0x6f, 0x6c, 0x6f, 0x72, 0x20, 0x3d, 0x20, 0x76, 0x65, 0x63, 0x34, 0x28,
  0x63, 0x75, 0x72, 0x72, 0x65, 0x6e, 0x74, 0x2c, 0x20, 0x31, 0x2e, 0x30,
  0x29, 0x3b, 0x0a, 0x7d, 0x0a
};
unsigned int fallbackShader_calclevels4x_fp_len = 1685;
unsigned char fallbackShader_calclevels4x_vp[] = {
  0x61, 0x74, 0x74, 0x72, 0x69, 0x62, 0x75, 0x74, 0x65, 0x20, 0x76, 0x65,
  0x63, 0x33, 0x20, 0x61, 0x74, 0x74, 0x72, 0x5f, 0x50, 0x6f, 0x73, 0x69,
  0x74, 0x69, 0x6f, 0x6e, 0x3b, 0x0a, 0x61, 0x74, 0x74, 0x72, 0x69, 0x62,
  0x75, 0x74, 0x65, 0x20, 0x76, 0x65, 0x63, 0x34, 0x20, 0x61, 0x74, 0x74,
  0x72, 0x5f, 0x54, 0x65, 0x78, 0x43, 0x6f, 0x6f, 0x72, 0x64, 0x30, 0x3b,
  0x0a, 0x0a, 0x75, 0x6e, 0x69, 0x66, 0x6f, 0x72, 0x6d, 0x20, 0x6d, 0x61,
  0x74, 0x34, 0x20, 0x20, 0x20, 0x75, 0x5f, 0x4d, 0x6f, 0x64, 0x65, 0x6c,
  0x56, 0x69, 0x65, 0x77, 0x50, 0x72, 0x6f, 0x6a, 0x65, 0x63, 0x74, 0x69,
  0x6f, 0x6e, 0x4d, 0x61, 0x74, 0x72, 0x69, 0x78, 0x3b, 0x0a, 0x0a, 0x76,
  0x61, 0x72, 0x79, 0x69, 0x6e, 0x67, 0x20, 0x76, 0x65, 0x63, 0x32, 0x20,
  0x20, 0x20, 0x76, 0x61, 0x72, 0x5f, 0x54, 0x65, 0x78, 0x43, 0x6f, 0x6f,
  0x72, 0x64, 0x73, 0x3b, 0x0a, 0x0a, 0x0a, 0x76, 0x6f, 0x69, 0x64, 0x20,
  0x6d, 0x61, 0x69, 0x6e, 0x28, 0x29, 0x0a, 0x7b, 0x0a, 0x09, 0x67, 0x6c,
  0x5f, 0x50, 0x6f, 0x73, 0x69, 0x74, 0x69, 0x6f, 0x6e, 0x20, 0x3d, 0x20,
  0x75, 0x5f, 0x4d, 0x6f, 0x64, 0x65, 0x6c, 0x56, 0x69, 0x65, 0x77, 0x50,
  0x72, 0x6f, 0x6a, 0x65, 0x63, 0x74, 0x69, 0x6f, 0x6e, 0x4d, 0x61, 0x74,
  0x72, 0x69, 0x78, 0x20, 0x2a, 0x20, 0x76, 0x65, 0x63, 0x34, 0x28, 0x61,
  0x74, 0x74, 0x72, 0x5f, 0x50, 0x6f, 0x73, 0x69, 0x74, 0x69, 0x6f, 0x6e,
  0x2c, 0x20, 0x31, 0x2e, 0x30, 0x29, 0x3b, 0x0a, 0x09, 0x76, 0x61, 0x72,
  0x5f, 0x54, 0x65, 0x78, 0x43, 0x6f, 0x6f, 0x72, 0x64, 0x73, 0x20, 0x3d,
  0x20, 0x61, 0x74, 0x74, 0x72, 0x5f, 0x54, 0x65, 0x78, 0x43, 0x6f, 0x6f,
  0x72, 0x64, 0x30, 0x2e, 0x73, 0x74, 0x3b, 0x0a, 0x7d, 0x0a
};
unsigned int fallbackShader_calclevels4x_vp_len = 262;
unsigned char fallbackShader_depthblur_fp[] = {
  0x75, 0x6e, 0x69, 0x66, 0x6f, 0x72, 0x6d, 0x20, 0x73, 0x61, 0x6d, 0x70,
  0x6c, 0x65, 0x72, 0x32, 0x44, 0x20, 0x75, 0x5f, 0x53, 0x63, 0x72, 0x65,
  0x65, 0x6e, 0x49, 0x6d, 0x61, 0x67, 0x65, 0x4d, 0x61, 0x70, 0x3b, 0x0a,
  0x75, 0x6e, 0x69, 0x66, 0x6f, 0x72, 0x6d, 0x20, 0x73, 0x61, 0x6d, 0x70,
  0x6c, 0x65, 0x72, 0x32, 0x44, 0x20, 0x75, 0x5f, 0x53, 0x63, 0x72, 0x65,
  0x65, 0x6e, 0x44, 0x65, 0x70, 0x74, 0x68, 0x4d, 0x61, 0x70, 0x3b, 0x0a,
  0x0a, 0x75, 0x6e, 0x69, 0x66, 0x6f, 0x72, 0x6d, 0x20, 0x76, 0x65, 0x63,
  0x34, 0x20, 0x20, 0x20, 0x75, 0x5f, 0x56, 0x69, 0x65, 0x77, 0x49, 0x6e,
  0x66, 0x6f, 0x3b, 0x20, 0x2f, 0x2f, 0x20, 0x7a, 0x66, 0x61, 0x72, 0x20,
  0x2f, 0x20, 0x7a, 0x6e, 0x65, 0x61, 0x72, 0x2c, 0x20, 0x7a, 0x66, 0x61,
  0x72, 0x2c, 0x20, 0x31, 0x2f, 0x77, 0x69, 0x64, 0x74, 0x68, 0x2c, 0x20,
  0x31, 0x2f, 0x68, 0x65, 0x69, 0x67, 0x68, 0x74, 0x0a, 0x76, 0x61, 0x72,
  0x79, 0x69, 0x6e, 0x67, 0x20, 0x76, 0x65, 0x63, 0x32, 0x20, 0x20, 0x20,
  0x76, 0x61, 0x72, 0x5f, 0x53, 0x63, 0x72, 0x65, 0x65, 0x6e, 0x54, 0x65,
  0x78, 0x3b, 0x0a, 0x0a, 0x2f, 0x2f, 0x66, 0x6c, 0x6f, 0x61, 0x74, 0x20,
  0x67, 0x61, 0x75, 0x73, 0x73, 0x5b, 0x38, 0x5d, 0x20, 0x3d, 0x20, 0x66,
  0x6c, 0x6f, 0x61, 0x74, 0x5b, 0x38, 0x5d, 0x28, 0x30, 0x2e, 0x31, 0x37,
  0x2c, 0x20, 0x30, 0x2e, 0x31, 0x37, 0x2c, 0x20, 0x30, 0x2e, 0x31, 0x36,
  0x2c, 0x20, 0x30, 0x2e, 0x31, 0x34, 0x2c, 0x20, 0x30, 0x2e, 0x31, 0x32,
  0x2c, 0x20, 0x30, 0x2e, 0x31, 0x2c, 0x20, 0x30, 0x2e, 0x30, 0x38, 0x2c,
  0x20, 0x30, 0x2e, 0x30, 0x36, 0x29, 0x3b, 0x0a, 0x2f, 0x2f, 0x66, 0x6c,
  0x6f, 0x61, 0x74, 0x20, 0x67, 0x61, 0x75, 0x73, 0x73, 0x5b, 0x35, 0x5d,
  0x20, 0x3d, 0x20, 0x66, 0x6c, 0x6f, 0x61, 0x74, 0x5b, 0x35, 0x5d, 0x28,
  0x30, 0x2e, 0x33, 0x30, 0x2c, 0x20, 0x30, 0x2e, 0x32, 0x33, 0x2c, 0x20,
  0x30, 0x2e, 0x30, 0x39, 0x37, 0x2c, 0x20, 0x30, 0x2e, 0x30, 0x32, 0x34,
  0x2c, 0x20, 0x30, 0x2e, 0x30, 0x30, 0x33, 0x33, 0x29, 0x3b, 0x0a, 0x2f,
  0x2f, 0x66, 0x6c, 0x6f, 0x61, 0x74, 0x20, 0x67, 0x61, 0x75, 0x73, 0x73,
  0x5b, 0x34, 0x5d, 0x20, 0x3d, 0x20, 0x66, 0x6c, 0x6f, 0x61, 0x74, 0x5b,
  0x34, 0x5d, 0x28, 0x30, 0x2e, 0x34, 0x30, 0x2c, 0x20, 0x30, 0x2e, 0x32,
  0x34, 0x2c, 0x20, 0x30, 0x2e, 0x30, 0x35, 0x34, 0x2c, 0x20, 0x30, 0x2e,
  0x30, 0x30, 0x34, 0x34, 0x29, 0x3b, 0x0a, 0x2f, 0x2f, 0x66, 0x6c, 0x6f,
  0x61, 0x74, 0x20, 0x67, 0x61, 0x75, 0x73, 0x73, 0x5b, 0x33, 0x5d, 0x20,
  0x3d, 0x20, 0x66, 0x6c, 0x6f, 0x61, 0x74, 0x5b, 0x33, 0x5d, 0x28, 0x30,
  0x2e, 0x36, 0x30, 0x2c, 0x20, 0x30, 0x2e, 0x31, 0x39, 0x2c, 0x20, 0x30,
  0x2e, 0x30, 0x30, 0x36, 0x36, 0x29, 0x3b, 0x0a, 0x23, 0x64, 0x65, 0x66,
  0x69, 0x6e, 0x65, 0x20, 0x42, 0x4c, 0x55, 0x52, 0x5f, 0x53, 0x49, 0x5a,
  0x45, 0x20, 0x34, 0x0a, 0x0a, 0x23, 0x69, 0x66, 0x20, 0x21, 0x64, 0x65,
  0x66, 0x69, 0x6e, 0x65, 0x64, 0x28, 0x55, 0x53, 0x45, 0x5f, 0x44, 0x45,
  0x50, 0x54, 0x48, 0x29, 0x0a, 0x2f, 0x2f, 0x23, 0x64, 0x65, 0x66, 0x69,
  0x6e, 0x65, 0x20, 0x55, 0x53, 0x45, 0x5f, 0x47, 0x41, 0x55, 0x53, 0x53,
  0x0a, 0x23, 0x65, 0x6e, 0x64, 0x69, 0x66, 0x0a, 0x0a, 0x66, 0x6c, 0x6f,
  0x61, 0x74, 0x20, 0x67, 0x65, 0x74, 0x4c, 0x69, 0x6e, 0x65, 0x61, 0x72,
  0x44, 0x65, 0x70, 0x74, 0x68, 0x28, 0x73, 0x61, 0x6d, 0x70, 0x6c, 0x65,
  0x72, 0x32, 0x44, 0x20, 0x64, 0x65, 0x70, 0x74, 0x68, 0x4d, 0x61, 0x70,
  0x2c, 0x20, 0x63, 0x6f, 0x6e, 0x73, 0x74, 0x20, 0x76, 0x65, 0x63, 0x32,
  0x20, 0x74, 0x65, 0x78, 0x2c, 0x20, 0x63, 0x6f, 0x6e, 0x73, 0x74, 0x20,
  0x66, 0x6c, 0x6f, 0x61, 0x74, 0x20, 0x7a, 0x46, 0x61, 0x72, 0x44, 0x69,
  0x76, 0x5a, 0x4e, 0x65, 0x61, 0x72, 0x29, 0x0a, 0x7b, 0x0a, 0x09, 0x66,
  0x6c, 0x6f, 0x61, 0x74, 0x20, 0x73, 0x61, 0x6d, 0x70, 0x6c, 0x65, 0x5a,
  0x44, 0x69, 0x76, 0x57, 0x20, 0x3d, 0x20, 0x74, 0x65, 0x78, 0x74, 0x75,
  0x72, 0x65, 0x32, 0x44, 0x28, 0x64, 0x65, 0x70, 0x74, 0x68, 0x4d, 0x61,
  0x70, 0x2c, 0x20, 0x74, 0x65, 0x78, 0x29, 0x2e, 0x72, 0x3b, 0x0a, 0x09,
  0x72, 0x65, 0x74, 0x75, 0x72, 0x6e, 0x20, 0x31, 0x2e, 0x30, 0x20, 0x2f,
  0x20, 0x6d, 0x69, 0x78, 0x28, 0x7a, 0x46, 0x61, 0x72, 0x44, 0x69, 0x76,
  0x5a, 0x4e, 0x65, 0x61, 0x72, 0x2c, 0x20, 0x31, 0x2e, 0x30, 0x2c, 0x20,
  0x73, 0x61, 0x6d, 0x70, 0x6c, 0x65, 0x5a, 0x44, 0x69, 0x76, 0x57, 0x29,
  0x3b, 0x0a, 0x7d, 0x0a, 0x0a, 0x76, 0x65, 0x63, 0x34, 0x20, 0x64, 0x65,
  0x70, 0x74, 0x68, 0x47, 0x61, 0x75, 0x73, 0x73, 0x69, 0x61, 0x6e, 0x31,
  0x44, 0x28, 0x73, 0x61, 0x6d, 0x70, 0x6c, 0x65, 0x72, 0x32, 0x44, 0x20,
  0x69, 0x6d, 0x61, 0x67, 0x65, 0x4d, 0x61, 0x70, 0x2c, 0x20, 0x73, 0x61,
  0x6d, 0x70, 0x6c, 0x65, 0x72, 0x32, 0x44, 0x20, 0x64, 0x65, 0x70, 0x74,
  0x68, 0x4d, 0x61, 0x70, 0x2c, 0x20, 0x76, 0x65, 0x63, 0x32, 0x20, 0x74,
  0x65, 0x78, 0x2c, 0x20, 0x66, 0x6c, 0x6f, 0x61, 0x74, 0x20, 0x7a, 0x46,
  0x61, 0x72, 0x44, 0x69, 0x76, 0x5a, 0x4e, 0x65, 0x61, 0x72, 0x2c, 0x20,
  0x66, 0x6c, 0x6f, 0x61, 0x74, 0x20, 0x7a, 0x46, 0x61, 0x72, 0x2c, 0x20,
  0x76, 0x65, 0x63, 0x32, 0x20, 0x73, 0x63, 0x61, 0x6c, 0x65, 0x29, 0x0a,
  0x7b, 0x0a, 0x09, 0x66, 0x6c, 0x6f, 0x61, 0x74, 0x20, 0x67, 0x61, 0x75,
  0x73, 0x73, 0x5b, 0x34, 0x5d, 0x3b, 0x0a, 0x0a, 0x09, 0x67, 0x61, 0x75,
  0x73, 0x73, 0x5b, 0x30, 0x5d, 0x20, 0x3d, 0x20, 0x30, 0x2e, 0x34, 0x30,
  0x3b, 0x0a, 0x09, 0x67, 0x61, 0x75, 0x73, 0x73, 0x5b, 0x31, 0x5d, 0x20,
  0x3d, 0x20, 0x30, 0x2e, 0x32, 0x34, 0x3b, 0x0a, 0x09, 0x67, 0x61, 0x75,
  0x73, 0x73, 0x5b, 0x32, 0x5d, 0x20, 0x3d, 0x20, 0x30, 0x2e, 0x30, 0x35,
  0x34, 0x3b, 0x0a, 0x09, 0x67, 0x61, 0x75, 0x73, 0x73, 0x5b, 0x33, 0x5d,
  0x20, 0x3d, 0x20, 0x30, 0x2e, 0x30, 0x30, 0x34, 0x34, 0x3b, 0x0a, 0x0a,
  0x23, 0x69, 0x66, 0x20, 0x64, 0x65, 0x66, 0x69, 0x6e, 0x65, 0x64, 0x28,
  0x55, 0x53, 0x45, 0x5f, 0x44, 0x45, 0x50, 0x54, 0x48, 0x29, 0x0a, 0x09,
  0x66, 0x6c, 0x6f, 0x61, 0x74, 0x20, 0x64, 0x65, 0x70, 0x74, 0x68, 0x43,
  0x65, 0x6e, 0x74, 0x65, 0x72, 0x20, 0x3d, 0x20, 0x67, 0x65, 0x74, 0x4c,
  0x69, 0x6e, 0x65, 0x61, 0x72, 0x44, 0x65, 0x70, 0x74, 0x68, 0x28, 0x64,
  0x65, 0x70, 0x74, 0x68, 0x4d, 0x61, 0x70, 0x2c, 0x20, 0x74, 0x65, 0x78,
  0x2c, 0x20, 0x7a, 0x46, 0x61, 0x72, 0x44, 0x69, 0x76, 0x5a, 0x4e, 0x65,
  0x61, 0x72, 0x29, 0x3b, 0x0a, 0x09, 0x76, 0x65, 0x63, 0x32, 0x20, 0x73,
  0x6c, 0x6f, 0x70, 0x65, 0x20, 0x3d, 0x20, 0x76, 0x65, 0x63, 0x32, 0x28,
  0x64, 0x46, 0x64, 0x78, 0x28, 0x64, 0x65, 0x70, 0x74, 0x68, 0x43, 0x65,
  0x6e, 0x74, 0x65, 0x72, 0x29, 0x2c, 0x20, 0x64, 0x46, 0x64, 0x79, 0x28,
  0x64, 0x65, 0x70, 0x74, 0x68, 0x43, 0x65, 0x6e, 0x74, 0x65, 0x72, 0x29,
  0x29, 0x20, 0x2f, 0x20, 0x76, 0x65, 0x63, 0x32, 0x28, 0x64, 0x46, 0x64,
  0x78, 0x28, 0x74, 0x65, 0x78, 0x2e, 0x78, 0x29, 0x2c, 0x20, 0x64, 0x46,
  0x64, 0x79, 0x28, 0x74, 0x65, 0x78, 0x2e, 0x79, 0x29, 0x29, 0x3b, 0x0a,
  0x09, 0x73, 0x63, 0x61, 0x6c, 0x65, 0x20, 0x2f, 0x3d, 0x20, 0x63, 0x6c,
  0x61, 0x6d, 0x70, 0x28, 0x7a, 0x46, 0x61, 0x72, 0x44, 0x69, 0x76, 0x5a,
  0x4e, 0x65, 0x61, 0x72, 0x20, 0x2a, 0x20, 0x64, 0x65, 0x70, 0x74, 0x68,
  0x43, 0x65, 0x6e, 0x74, 0x65, 0x72, 0x20, 0x2f, 0x20, 0x33, 0x32, 0x2e,
  0x30, 0x2c, 0x20, 0x31, 0x2e, 0x30, 0x2c, 0x20, 0x32, 0x2e, 0x30, 0x29,
  0x3b, 0x0a, 0x23, 0x65, 0x6e, 0x64, 0x69, 0x66, 0x0a, 0x0a, 0x23, 0x69,
  0x66, 0x20, 0x64, 0x65, 0x66, 0x69, 0x6e, 0x65, 0x64, 0x28, 0x55, 0x53,
  0x45, 0x5f, 0x48, 0x4f, 0x52, 0x49, 0x5a, 0x4f, 0x4e, 0x54, 0x41, 0x4c,
  0x5f, 0x42, 0x4c, 0x55, 0x52, 0x29, 0x0a, 0x09, 0x76, 0x65, 0x63, 0x32,
  0x20, 0x64, 0x69, 0x72, 0x65, 0x63, 0x74, 0x69, 0x6f, 0x6e, 0x20, 0x3d,
  0x20, 0x76, 0x65, 0x63, 0x32, 0x28, 0x73, 0x63, 0x61, 0x6c, 0x65, 0x2e,
  0x78, 0x20, 0x2a, 0x20, 0x32, 0x2e, 0x30, 0x2c, 0x20, 0x30, 0x2e, 0x30,
  0x29, 0x3b, 0x0a, 0x09, 0x76, 0x65, 0x63, 0x32, 0x20, 0x6e, 0x75, 0x64,
  0x67, 0x65, 0x20, 0x3d, 0x20, 0x76, 0x65, 0x63, 0x32, 0x28, 0x30, 0x2e,
  0x30, 0x2c, 0x20, 0x73, 0x63, 0x61, 0x6c, 0x65, 0x2e, 0x79, 0x20, 0x2a,
  0x20, 0x30, 0x2e, 0x35, 0x29, 0x3b, 0x0a, 0x23, 0x65, 0x6c, 0x73, 0x65,
  0x20, 0x2f, 0x2f, 0x20, 0x69, 0x66, 0x20, 0x64, 0x65, 0x66, 0x69, 0x6e,
  0x65, 0x64, 0x28, 0x55, 0x53, 0x45, 0x5f, 0x56, 0x45, 0x52, 0x54, 0x49,
  0x43, 0x41, 0x4c, 0x5f, 0x42, 0x4c, 0x55, 0x52, 0x29, 0x0a, 0x09, 0x76,
  0x65, 0x63, 0x32, 0x20, 0x64, 0x69, 0x72, 0x65, 0x63, 0x74, 0x69, 0x6f,
  0x6e, 0x20, 0x3d, 0x20, 0x76, 0x65, 0x63, 0x32, 0x28, 0x30, 0x2e, 0x30,
  0x2c, 0x20, 0x73, 0x63, 0x61, 0x6c, 0x65, 0x2e, 0x79, 0x20, 0x2a, 0x20,
  0x32, 0x2e, 0x30, 0x29, 0x3b, 0x0a, 0x09, 0x76, 0x65, 0x63, 0x32, 0x20,
  0x6e, 0x75, 0x64, 0x67, 0x65, 0x20, 0x3d, 0x20, 0x76, 0x65, 0x63, 0x32,
  0x28, 0x2d, 0x73, 0x63, 0x61, 0x6c, 0x65, 0x2e, 0x78, 0x20, 0x2a, 0x20,
  0x30, 0x2e, 0x35, 0x2c, 0x20, 0x30, 0x2e, 0x30, 0x29, 0x3b, 0x0a, 0x23,
  0x65, 0x6e, 0x64, 0x69, 0x66, 0x0a, 0x0a, 0x23, 0x69, 0x66, 0x20, 0x64,
  0x65, 0x66, 0x69, 0x6e, 0x65, 0x64, 0x28, 0x55, 0x53, 0x45, 0x5f, 0x47,
  0x41, 0x55, 0x53, 0x53, 0x29, 0x0a, 0x09, 0x76, 0x65, 0x63, 0x34, 0x20,
  0x72, 0x65, 0x73, 0x75, 0x6c, 0x74, 0x20, 0x3d, 0x20, 0x74, 0x65, 0x78,
  0x74, 0x75, 0x72, 0x65, 0x32, 0x44, 0x28, 0x69, 0x6d, 0x61, 0x67, 0x65,
  0x4d, 0x61, 0x70, 0x2c, 0x20, 0x74, 0x65, 0x78, 0x29, 0x20, 0x2a, 0x20,
  0x67, 0x61, 0x75, 0x73, 0x73, 0x5b, 0x30, 0x5d, 0x3b, 0x0a, 0x09, 0x66,
  0x6c, 0x6f, 0x61, 0x74, 0x20, 0x74, 0x6f, 0x74, 0x61, 0x6c, 0x20, 0x3d,
  0x20, 0x67, 0x61, 0x75, 0x73, 0x73, 0x5b, 0x30, 0x5d, 0x3b, 0x0a, 0x23,
  0x65, 0x6c, 0x73, 0x65, 0x0a, 0x09, 0x76, 0x65, 0x63, 0x34, 0x20, 0x72,
  0x65, 0x73, 0x75, 0x6c, 0x74, 0x20, 0x3d, 0x20, 0x74, 0x65, 0x78, 0x74,
  0x75, 0x72, 0x65, 0x32, 0x44, 0x28, 0x69, 0x6d, 0x61, 0x67, 0x65, 0x4d,
  0x61, 0x70, 0x2c, 0x20, 0x74, 0x65, 0x78, 0x29, 0x3b, 0x0a, 0x09, 0x66,
  0x6c, 0x6f, 0x61, 0x74, 0x20, 0x74, 0x6f, 0x74, 0x61, 0x6c, 0x20, 0x3d,
  0x20, 0x31, 0x2e, 0x30, 0x3b, 0x0a, 0x23, 0x65, 0x6e, 0x64, 0x69, 0x66,
  0x0a, 0x0a, 0x09, 0x66, 0x6c, 0x6f, 0x61, 0x74, 0x20, 0x7a, 0x4c, 0x69,
  0x6d, 0x69, 0x74, 0x20, 0x3d, 0x20, 0x35, 0x2e, 0x30, 0x20, 0x2f, 0x20,
  0x7a, 0x46, 0x61, 0x72, 0x3b, 0x0a, 0x09, 0x66, 0x6f, 0x72, 0x20, 0x28,
  0x69, 0x6e, 0x74, 0x20, 0x69, 0x20, 0x3d, 0x20, 0x30, 0x3b, 0x20, 0x69,
  0x20, 0x3c, 0x20, 0x32, 0x3b, 0x20, 0x69, 0x2b, 0x2b, 0x29, 0x0a, 0x09,
  0x7b, 0x0a, 0x09, 0x09, 0x66, 0x6f, 0x72, 0x20, 0x28, 0x69, 0x6e, 0x74,
  0x20, 0x6a, 0x20, 0x3d, 0x20, 0x31, 0x3b, 0x20, 0x6a, 0x20, 0x3c, 0x20,
  0x42, 0x4c, 0x55, 0x52, 0x5f, 0x53, 0x49, 0x5a, 0x45, 0x3b, 0x20, 0x6a,
  0x2b, 0x2b, 0x29, 0x0a, 0x09, 0x09, 0x7b, 0x0a, 0x09, 0x09, 0x09, 0x76,
  0x65, 0x63, 0x32, 0x20, 0x6f, 0x66, 0x66, 0x73, 0x65, 0x74, 0x20, 0x3d,
  0x20, 0x64, 0x69, 0x72, 0x65, 0x63, 0x74, 0x69, 0x6f, 0x6e, 0x20, 0x2a,
  0x20, 0x28, 0x66, 0x6c, 0x6f, 0x61, 0x74, 0x28, 0x6a, 0x29, 0x20, 0x2d,
  0x20, 0x30, 0x2e, 0x32, 0x35, 0x29, 0x20, 0x2b, 0x20, 0x6e, 0x75, 0x64,
  0x67, 0x65, 0x3b, 0x0a, 0x23, 0x69, 0x66, 0x20, 0x64, 0x65, 0x66, 0x69,
  0x6e, 0x65, 0x64, 0x28, 0x55, 0x53, 0x45, 0x5f, 0x44, 0x45, 0x50, 0x54,
  0x48, 0x29, 0x0a, 0x09, 0x09, 0x09, 0x66, 0x6c, 0x6f, 0x61, 0x74, 0x20,
  0x64, 0x65, 0x70, 0x74, 0x68, 0x53, 0x61, 0x6d, 0x70, 0x6c, 0x65, 0x20,
  0x3d, 0x20, 0x67, 0x65, 0x74, 0x4c, 0x69, 0x6e, 0x65, 0x61, 0x72, 0x44,
  0x65, 0x70, 0x74, 0x68, 0x28, 0x64, 0x65, 0x70, 0x74, 0x68, 0x4d, 0x61,
  0x70, 0x2c, 0x20, 0x74, 0x65, 0x78, 0x20, 0x2b, 0x20, 0x6f, 0x66, 0x66,
  0x73, 0x65, 0x74, 0x2c, 0x20, 0x7a, 0x46, 0x61, 0x72, 0x44, 0x69, 0x76,
  0x5a, 0x4e, 0x65, 0x61, 0x72, 0x29, 0x3b, 0x0a, 0x09, 0x09, 0x09, 0x66,
  0x6c, 0x6f, 0x61, 0x74, 0x20, 0x64, 0x65, 0x70, 0x74, 0x68, 0x45, 0x78,
  0x70, 0x65, 0x63, 0x74, 0x65, 0x64, 0x20, 0x3d, 0x20, 0x64, 0x65, 0x70,
  0x74, 0x68, 0x43, 0x65, 0x6e, 0x74, 0x65, 0x72, 0x20, 0x2b, 0x20, 0x64,
  0x6f, 0x74, 0x28, 0x73, 0x6c, 0x6f, 0x70, 0x65, 0x2c, 0x20, 0x6f, 0x66,
  0x66, 0x73, 0x65, 0x74, 0x29, 0x3b, 0x0a, 0x09, 0x09, 0x09, 0x66, 0x6c,
  0x6f, 0x61, 0x74, 0x20, 0x75, 0x73, 0x65, 0x53, 0x61, 0x6d, 0x70, 0x6c,
  0x65, 0x20, 0x3d, 0x20, 0x66, 0x6c, 0x6f, 0x61, 0x74, 0x28, 0x61, 0x62,
  0x73, 0x28, 0x64, 0x65, 0x70, 0x74, 0x68, 0x53, 0x61, 0x6d, 0x70, 0x6c,
  0x65, 0x20, 0x2d, 0x20, 0x64, 0x65, 0x70, 0x74, 0x68, 0x45, 0x78, 0x70,
  0x65, 0x63, 0x74, 0x65, 0x64, 0x29, 0x20, 0x3c, 0x20, 0x7a, 0x4c, 0x69,
  0x6d, 0x69, 0x74, 0x29, 0x3b, 0x0a, 0x23, 0x65, 0x6c, 0x73, 0x65, 0x0a,
  0x09, 0x09, 0x09, 0x66, 0x6c, 0x6f, 0x61, 0x74, 0x20, 0x75, 0x73, 0x65,
  0x53, 0x61, 0x6d, 0x70, 0x6c, 0x65, 0x20, 0x3d, 0x20, 0x31, 0x2e, 0x30,
  0x3b, 0x0a, 0x23, 0x65, 0x6e, 0x64, 0x69, 0x66, 0x0a, 0x23, 0x69, 0x66,
  0x20, 0x64, 0x65, 0x66, 0x69, 0x6e, 0x65, 0x64, 0x28, 0x55, 0x53, 0x45,
  0x5f, 0x47, 0x41, 0x55, 0x53, 0x53, 0x29, 0x0a, 0x09, 0x09, 0x09, 0x72,
  0x65, 0x73, 0x75, 0x6c, 0x74, 0x20, 0x2b, 0x3d, 0x20, 0x74, 0x65, 0x78,
  0x74, 0x75, 0x72, 0x65, 0x32, 0x44, 0x28, 0x69, 0x6d, 0x61, 0x67, 0x65,
  0x4d, 0x61, 0x70, 0x2c, 0x20, 0x74, 0x65, 0x78, 0x20, 0x2b, 0x20, 0x6f,
  0x66, 0x66, 0x73, 0x65, 0x74, 0x29, 0x20, 0x2a, 0x20, 0x28, 0x67, 0x61,
  0x75, 0x73, 0x73, 0x5b, 0x6a, 0x5d, 0x20, 0x2a, 0x20, 0x75, 0x73, 0x65,
  0x53, 0x61, 0x6d, 0x70, 0x6c, 0x65, 0x29, 0x3b, 0x0a, 0x09, 0x09, 0x09,
  0x74, 0x6f, 0x74, 0x61, 0x6c, 0x20, 0x2b, 0x3d, 0x20, 0x67, 0x61, 0x75,
  0x73, 0x73, 0x5b, 0x6a, 0x5d, 0x20, 0x2a, 0x20, 0x75, 0x73, 0x65, 0x53,
  0x61, 0x6d, 0x70, 0x6c, 0x65, 0x3b, 0x0a, 0x23, 0x65, 0x6c, 0x73, 0x65,
  0x0a, 0x09, 0x09, 0x09, 0x72, 0x65, 0x73, 0x75, 0x6c, 0x74, 0x20, 0x2b,
  0x3d, 0x20, 0x74, 0x65, 0x78, 0x74, 0x75, 0x72, 0x65, 0x32, 0x44, 0x28,
  0x69, 0x6d, 0x61, 0x67, 0x65, 0x4d, 0x61, 0x70, 0x2c, 0x20, 0x74, 0x65,
  0x78, 0x20, 0x2b, 0x20, 0x6f, 0x66, 0x66, 0x73, 0x65, 0x74, 0x29, 0x20,
  0x2a, 0x20, 0x75, 0x73, 0x65, 0x53, 0x61, 0x6d, 0x70, 0x6c, 0x65, 0x3b,
  0x0a, 0x09, 0x09, 0x09, 0x74, 0x6f, 0x74, 0x61, 0x6c, 0x20, 0x2b, 0x3d,
  0x20, 0x75, 0x73, 0x65, 0x53, 0x61, 0x6d, 0x70, 0x6c, 0x65, 0x3b, 0x0a,
  0x23, 0x65, 0x6e, 0x64, 0x69, 0x66, 0x0a, 0x09, 0x09, 0x09, 0x6e, 0x75,
  0x64, 0x67, 0x65, 0x20, 0x3d, 0x20, 0x2d, 0x6e, 0x75, 0x64, 0x67, 0x65,
  0x3b, 0x0a, 0x09, 0x09, 0x7d, 0x0a, 0x0a, 0x09, 0x09, 0x64, 0x69, 0x72,
  0x65, 0x63, 0x74, 0x69, 0x6f, 0x6e, 0x20, 0x3d, 0x20, 0x2d, 0x64, 0x69,
  0x72, 0x65, 0x63, 0x74, 0x69, 0x6f, 0x6e, 0x3b, 0x0a, 0x09, 0x09, 0x6e,
  0x75, 0x64, 0x67, 0x65, 0x20, 0x3d, 0x20, 0x2d, 0x6e, 0x75, 0x64, 0x67,
  0x65, 0x3b, 0x0a, 0x09, 0x7d, 0x0a, 0x0a, 0x09, 0x72, 0x65, 0x74, 0x75,
  0x72, 0x6e, 0x20, 0x72, 0x65, 0x73, 0x75, 0x6c, 0x74, 0x20, 0x2f, 0x20,
  0x74, 0x6f, 0x74, 0x61, 0x6c, 0x3b, 0x0a, 0x7d, 0x0a, 0x0a, 0x76, 0x6f,
  0x69, 0x64, 0x20, 0x6d, 0x61, 0x69, 0x6e, 0x28, 0x29, 0x0a, 0x7b, 0x0a,
  0x09, 0x67, 0x6c, 0x5f, 0x46, 0x72, 0x61, 0x67, 0x43, 0x6f, 0x6c, 0x6f,
  0x72, 0x20, 0x3d, 0x20, 0x64, 0x65, 0x70, 0x74, 0x68, 0x47, 0x61, 0x75,
  0x73, 0x73, 0x69, 0x61, 0x6e, 0x31, 0x44, 0x28, 0x75, 0x5f, 0x53, 0x63,
  0x72, 0x65, 0x65, 0x6e, 0x49, 0x6d, 0x61, 0x67, 0x65, 0x4d, 0x61, 0x70,
  0x2c, 0x20, 0x75, 0x5f, 0x53, 0x63, 0x72, 0x65, 0x65, 0x6e, 0x44, 0x65,
  0x70, 0x74, 0x68, 0x4d, 0x61, 0x70, 0x2c, 0x20, 0x76, 0x61, 0x72, 0x5f,
  0x53, 0x63, 0x72, 0x65, 0x65, 0x6e, 0x54, 0x65, 0x78, 0x2c, 0x20, 0x75,
  0x5f, 0x56, 0x69, 0x65, 0x77, 0x49, 0x6e, 0x66, 0x6f, 0x2e, 0x78, 0x2c,
  0x20, 0x75, 0x5f, 0x56, 0x69, 0x65, 0x77, 0x49, 0x6e, 0x66, 0x6f, 0x2e,
  0x79, 0x2c, 0x20, 0x75, 0x5f, 0x56, 0x69, 0x65, 0x77, 0x49, 0x6e, 0x66,
  0x6f, 0x2e, 0x7a, 0x77, 0x29, 0x3b, 0x0a, 0x7d, 0x0a
};
unsigned int fallbackShader_depthblur_fp_len = 2457;
unsigned char fallbackShader_depthblur_vp[] = {
  0x61, 0x74, 0x74, 0x72, 0x69, 0x62, 0x75, 0x74, 0x65, 0x20, 0x76, 0x65,
  0x63, 0x34, 0x20, 0x61, 0x74, 0x74, 0x72, 0x5f, 0x50, 0x6f, 0x73, 0x69,
  0x74, 0x69, 0x6f, 0x6e, 0x3b, 0x0a, 0x61, 0x74, 0x74, 0x72, 0x69, 0x62,
  0x75, 0x74, 0x65, 0x20, 0x76, 0x65, 0x63, 0x34, 0x20, 0x61, 0x74, 0x74,
  0x72, 0x5f, 0x54, 0x65, 0x78, 0x43, 0x6f, 0x6f, 0x72, 0x64, 0x30, 0x3b,
  0x0a, 0x0a, 0x75, 0x6e, 0x69, 0x66, 0x6f, 0x72, 0x6d, 0x20, 0x76, 0x65,
  0x63, 0x34, 0x20, 0x20, 0x20, 0x75, 0x5f, 0x56, 0x69, 0x65, 0x77, 0x49,
  0x6e, 0x66, 0x6f, 0x3b, 0x20, 0x2f, 0x2f, 0x20, 0x7a, 0x66, 0x61, 0x72,
  0x20, 0x2f, 0x20, 0x7a, 0x6e, 0x65, 0x61, 0x72, 0x2c, 0x20, 0x7a, 0x66,
  0x61, 0x72, 0x2c, 0x20, 0x31, 0x2f, 0x77, 0x69, 0x64, 0x74, 0x68, 0x2c,
  0x20, 0x31, 0x2f, 0x68, 0x65, 0x69, 0x67, 0x68, 0x74, 0x0a, 0x0a, 0x76,
  0x61, 0x72, 0x79, 0x69, 0x6e, 0x67, 0x20, 0x76, 0x65, 0x63, 0x32, 0x20,
  0x20, 0x20, 0x76, 0x61, 0x72, 0x5f, 0x53, 0x63, 0x72, 0x65, 0x65, 0x6e,
  0x54, 0x65, 0x78, 0x3b, 0x0a, 0x0a, 0x76, 0x6f, 0x69, 0x64, 0x20, 0x6d,
  0x61, 0x69, 0x6e, 0x28, 0x29, 0x0a, 0x7b, 0x0a, 0x09, 0x67, 0x6c, 0x5f,
  0x50, 0x6f, 0x73, 0x69, 0x74, 0x69, 0x6f, 0x6e, 0x20, 0x3d, 0x20, 0x61,
  0x74, 0x74, 0x72, 0x5f, 0x50, 0x6f, 0x73, 0x69, 0x74, 0x69, 0x6f, 0x6e,
  0x3b, 0x0a, 0x09, 0x76, 0x65, 0x63, 0x32, 0x20, 0x77, 0x68, 0x20, 0x3d,
  0x20, 0x76, 0x65, 0x63, 0x32, 0x28, 0x31, 0x2e, 0x30, 0x29, 0x20, 0x2f,
  0x20, 0x75, 0x5f, 0x56, 0x69, 0x65, 0x77, 0x49, 0x6e, 0x66, 0x6f, 0x2e,
  0x7a, 0x77, 0x20, 0x2d, 0x20, 0x76, 0x65, 0x63, 0x32, 0x28, 0x31, 0x2e,
  0x30, 0x29, 0x3b, 0x0a, 0x09, 0x76, 0x61, 0x72, 0x5f, 0x53, 0x63, 0x72,
  0x65, 0x65, 0x6e, 0x54, 0x65, 0x78, 0x20, 0x3d, 0x20, 0x28, 0x66, 0x6c,
  0x6f, 0x6f, 0x72, 0x28, 0x61, 0x74, 0x74, 0x72, 0x5f, 0x54, 0x65, 0x78,
  0x43, 0x6f, 0x6f, 0x72, 0x64, 0x30, 0x2e, 0x78, 0x79, 0x20, 0x2a, 0x20,
  0x77, 0x68, 0x29, 0x20, 0x2b, 0x20, 0x76, 0x65, 0x63, 0x32, 0x28, 0x30,
  0x2e, 0x35, 0x29, 0x29, 0x20, 0x2a, 0x20, 0x75, 0x5f, 0x56, 0x69, 0x65,
  0x77, 0x49, 0x6e, 0x66, 0x6f, 0x2e, 0x7a, 0x77, 0x3b, 0x0a, 0x0a, 0x09,
  0x2f, 0x2f, 0x76, 0x65, 0x63, 0x32, 0x20, 0x73, 0x63, 0x72, 0x65, 0x65,
  0x6e, 0x43, 0x6f, 0x6f, 0x72, 0x64, 0x73, 0x20, 0x3d, 0x20, 0x67, 0x6c,
  0x5f, 0x50, 0x6f, 0x73, 0x69, 0x74, 0x69, 0x6f, 0x6e, 0x2e, 0x78, 0x79,
  0x20, 0x2f, 0x20, 0x67, 0x6c, 0x5f, 0x50, 0x6f, 0x73, 0x69, 0x74, 0x69,
  0x6f, 0x6e, 0x2e, 0x77, 0x3b, 0x0a, 0x09, 0x2f, 0x2f, 0x76, 0x61, 0x72,
  0x5f, 0x53, 0x63, 0x72, 0x65, 0x65, 0x6e, 0x54, 0x65, 0x78, 0x20, 0x3d,
  0x20, 0x73, 0x63, 0x72, 0x65, 0x65, 0x6e, 0x43, 0x6f, 0x6f, 0x72, 0x64,
  0x73, 0x20, 0x2a, 0x20, 0x30, 0x2e, 0x35, 0x20, 0x2b, 0x20, 0x30, 0x2e,
  0x35, 0x3b, 0x0a, 0x7d, 0x0a
};
unsigned int fallbackShader_depthblur_vp_len = 437;
unsigned char fallbackShader_dlight_fp[] = {
  0x75, 0x6e, 0x69, 0x66, 0x6f, 0x72, 0x6d, 0x20, 0x73, 0x61, 0x6d, 0x70,
  0x6c, 0x65, 0x72, 0x32, 0x44, 0x20, 0x75, 0x5f, 0x44, 0x69, 0x66, 0x66,
  0x75, 0x73, 0x65, 0x4d, 0x61, 0x70, 0x3b, 0x0a, 0x0a, 0x75, 0x6e, 0x69,
  0x66, 0x6f, 0x72, 0x6d, 0x20, 0x69, 0x6e, 0x74, 0x20, 0x20, 0x20, 0x20,
  0x20, 0x20, 0x20, 0x75, 0x5f, 0x41, 0x6c, 0x70, 0x68, 0x61, 0x54, 0x65,
  0x73, 0x74, 0x3b, 0x0a, 0x0a, 0x76, 0x61, 0x72, 0x79, 0x69, 0x6e, 0x67,
  0x20, 0x76, 0x65, 0x63, 0x32, 0x20, 0x20, 0x20, 0x20, 0x20, 0x20, 0x76,
  0x61, 0x72, 0x5f, 0x54, 0x65, 0x78, 0x31, 0x3b, 0x0a, 0x76, 0x61, 0x72,
  0x79, 0x69, 0x6e, 0x67, 0x20, 0x76, 0x65, 0x63, 0x34, 0x20, 0x20, 0x20,
  0x20, 0x20, 0x20, 0x76, 0x61, 0x72, 0x5f, 0x43, 0x6f, 0x6c, 0x6f, 0x72,
  0x3b, 0x0a, 0x0a, 0x0a, 0x76, 0x6f, 0x69, 0x64, 0x20, 0x6d, 0x61, 0x69,
  0x6e, 0x28, 0x29, 0x0a, 0x7b, 0x0a, 0x09, 0x76, 0x65, 0x63, 0x34, 0x20,
  0x63, 0x6f, 0x6c, 0x6f, 0x72, 0x20, 0x3d, 0x20, 0x74, 0x65, 0x78, 0x74,
  0x75, 0x72, 0x65, 0x32, 0x44, 0x28, 0x75, 0x5f, 0x44, 0x69, 0x66, 0x66,
  0x75, 0x73, 0x65, 0x4d, 0x61, 0x70, 0x2c, 0x20, 0x76, 0x61, 0x72, 0x5f,
  0x54, 0x65, 0x78, 0x31, 0x29, 0x3b, 0x0a, 0x0a, 0x09, 0x66, 0x6c, 0x6f,
  0x61, 0x74, 0x20, 0x61, 0x6c, 0x70, 0x68, 0x61, 0x20, 0x3d, 0x20, 0x63,
  0x6f, 0x6c, 0x6f, 0x72, 0x2e, 0x61, 0x20, 0x2a, 0x20, 0x76, 0x61, 0x72,
  0x5f, 0x43, 0x6f, 0x6c, 0x6f, 0x72, 0x2e, 0x61, 0x3b, 0x0a, 0x09, 0x69,
  0x66, 0x20, 0x28, 0x75, 0x5f, 0x41, 0x6c, 0x70, 0x68, 0x61, 0x54, 0x65,
  0x73, 0x74, 0x20, 0x3d, 0x3d, 0x20, 0x31, 0x29, 0x0a, 0x09, 0x7b, 0x0a,
  0x09, 0x09, 0x69, 0x66, 0x20, 0x28, 0x61, 0x6c, 0x70, 0x68, 0x61, 0x20,
  0x3d, 0x3d, 0x20, 0x30, 0x2e, 0x30, 0x29, 0x0a, 0x09, 0x09, 0x09, 0x64,
  0x69, 0x73, 0x63, 0x61, 0x72, 0x64, 0x3b, 0x0a, 0x09, 0x7d, 0x0a, 0x09,
  0x65, 0x6c, 0x73, 0x65, 0x20, 0x69, 0x66, 0x20, 0x28, 0x75, 0x5f, 0x41,
  0x6c, 0x70, 0x68, 0x61, 0x54, 0x65, 0x73, 0x74, 0x20, 0x3d, 0x3d, 0x20,
  0x32, 0x29, 0x0a, 0x09, 0x7b, 0x0a, 0x09, 0x09, 0x69, 0x66, 0x20, 0x28,
  0x61, 0x6c, 0x70, 0x68, 0x61, 0x20, 0x3e, 0x3d, 0x20, 0x30, 0x2e, 0x35,
  0x29, 0x0a, 0x09, 0x09, 0x09, 0x64, 0x69, 0x73, 0x63, 0x61, 0x72, 0x64,
  0x3b, 0x0a, 0x09, 0x7d, 0x0a, 0x09, 0x65, 0x6c, 0x73, 0x65, 0x20, 0x69,
  0x66, 0x20, 0x28, 0x75, 0x5f, 0x41, 0x6c, 0x70, 0x68, 0x61, 0x54, 0x65,
  0x73, 0x74, 0x20, 0x3d, 0x3d, 0x20, 0x33, 0x29, 0x0a, 0x09, 0x7b, 0x0a,
  0x09, 0x09, 0x69, 0x66, 0x20, 0x28, 0x61, 0x6c, 0x70, 0x68, 0x61, 0x20,
  0x3c, 0x20, 0x30, 0x2e, 0x35, 0x29, 0x0a, 0x09, 0x09, 0x09, 0x64, 0x69,
  0x73, 0x63, 0x61, 0x72, 0x64, 0x3b, 0x0a, 0x09, 0x7d, 0x0a, 0x09, 0x0a,
  0x09, 0x67, 0x6c, 0x5f, 0x46, 0x72, 0x61, 0x67, 0x43, 0x6f, 0x6c, 0x6f,
  0x72, 0x2e, 0x72, 0x67, 0x62, 0x20, 0x3d, 0x20, 0x63, 0x6f, 0x6c, 0x6f,
  0x72, 0x2e, 0x72, 0x67, 0x62, 0x20, 0x2a, 0x20, 0x76, 0x61, 0x72, 0x5f,
  0x43, 0x6f, 0x6c, 0x6f, 0x72, 0x2e, 0x72, 0x67, 0x62, 0x3b, 0x0a, 0x09,
  0x67, 0x6c, 0x5f, 0x46, 0x72, 0x61, 0x67, 0x43, 0x6f, 0x6c, 0x6f, 0x72,
  0x2e, 0x61, 0x20, 0x3d, 0x20, 0x61, 0x6c, 0x70, 0x68, 0x61, 0x3b, 0x0a,
  0x7d, 0x0a
};
unsigned int fallbackShader_dlight_fp_len = 494;
unsigned char fallbackShader_dlight_vp[] = {
  0x61, 0x74, 0x74, 0x72, 0x69, 0x62, 0x75, 0x74, 0x65, 0x20, 0x76, 0x65,
  0x63, 0x33, 0x20, 0x61, 0x74, 0x74, 0x72, 0x5f, 0x50, 0x6f, 0x73, 0x69,
  0x74, 0x69, 0x6f, 0x6e, 0x3b, 0x0a, 0x61, 0x74, 0x74, 0x72, 0x69, 0x62,
  0x75, 0x74, 0x65, 0x20, 0x76, 0x65, 0x63, 0x34, 0x20, 0x61, 0x74, 0x74,
  0x72, 0x5f, 0x54, 0x65, 0x78, 0x43, 0x6f, 0x6f, 0x72, 0x64, 0x30, 0x3b,
  0x0a, 0x61, 0x74, 0x74, 0x72, 0x69, 0x62, 0x75, 0x74, 0x65, 0x20, 0x76,
  0x65, 0x63, 0x33, 0x20, 0x61, 0x74, 0x74, 0x72, 0x5f, 0x4e, 0x6f, 0x72,
  0x6d, 0x61, 0x6c, 0x3b, 0x0a, 0x0a, 0x75, 0x6e, 0x69, 0x66, 0x6f, 0x72,
  0x6d, 0x20, 0x76, 0x65, 0x63, 0x34, 0x20, 0x20, 0x20, 0x75, 0x5f, 0x44,
  0x6c, 0x69, 0x67, 0x68, 0x74, 0x49, 0x6e, 0x66, 0x6f, 0x3b, 0x0a, 0x0a,
  0x23, 0x69, 0x66, 0x20, 0x64, 0x65, 0x66, 0x69, 0x6e, 0x65, 0x64, 0x28,
  0x55, 0x53, 0x45, 0x5f, 0x44, 0x45, 0x46, 0x4f, 0x52, 0x4d, 0x5f, 0x56,
  0x45, 0x52, 0x54, 0x45, 0x58, 0x45, 0x53, 0x29, 0x0a, 0x75, 0x6e, 0x69,
  0x66, 0x6f, 0x72, 0x6d, 0x20, 0x69, 0x6e, 0x74, 0x20, 0x20, 0x20, 0x20,
  0x75, 0x5f, 0x44, 0x65, 0x66, 0x6f, 0x72, 0x6d, 0x47, 0x65, 0x6e, 0x3b,
  0x0a, 0x75, 0x6e, 0x69, 0x66, 0x6f, 0x72, 0x6d, 0x20, 0x66, 0x6c, 0x6f,
  0x61, 0x74, 0x20, 0x20, 0x75, 0x5f, 0x44, 0x65, 0x66, 0x6f, 0x72, 0x6d,
  0x50, 0x61, 0x72, 0x61, 0x6d, 0x73, 0x5b, 0x35, 0x5d, 0x3b, 0x0a, 0x75,
  0x6e, 0x69, 0x66, 0x6f, 0x72, 0x6d, 0x20, 0x66, 0x6c, 0x6f, 0x61, 0x74,
  0x20, 0x20, 0x75, 0x5f, 0x54, 0x69, 0x6d, 0x65, 0x3b, 0x0a, 0x23, 0x65,
  0x6e, 0x64, 0x69, 0x66, 0x0a, 0x0a, 0x75, 0x6e, 0x69, 0x66, 0x6f, 0x72,
  0x6d, 0x20, 0x76, 0x65, 0x63, 0x34, 0x20, 0x20, 0x20, 0x75, 0x5f, 0x43,
  0x6f, 0x6c, 0x6f, 0x72, 0x3b, 0x0a, 0x75, 0x6e, 0x69, 0x66, 0x6f, 0x72,
  0x6d, 0x20, 0x6d, 0x61, 0x74, 0x34, 0x20, 0x20, 0x20, 0x75, 0x5f, 0x4d,
  0x6f, 0x64, 0x65, 0x6c, 0x56, 0x69, 0x65, 0x77, 0x50, 0x72, 0x6f, 0x6a,
  0x65, 0x63, 0x74, 0x69, 0x6f, 0x6e, 0x4d, 0x61, 0x74, 0x72, 0x69, 0x78,
  0x3b, 0x0a, 0x0a, 0x76, 0x61, 0x72, 0x79, 0x69, 0x6e, 0x67, 0x20, 0x76,
  0x65, 0x63, 0x32, 0x20, 0x20, 0x20, 0x76, 0x61, 0x72, 0x5f, 0x54, 0x65,
  0x78, 0x31, 0x3b, 0x0a, 0x76, 0x61, 0x72, 0x79, 0x69, 0x6e, 0x67, 0x20,
  0x76, 0x65, 0x63, 0x34, 0x20, 0x20, 0x20, 0x76, 0x61, 0x72, 0x5f, 0x43,
  0x6f, 0x6c, 0x6f, 0x72, 0x3b, 0x0a, 0x0a, 0x23, 0x69, 0x66, 0x20, 0x64,
  0x65, 0x66, 0x69, 0x6e, 0x65, 0x64, 0x28, 0x55, 0x53, 0x45, 0x5f, 0x44,
  0x45, 0x46, 0x4f, 0x52, 0x4d, 0x5f, 0x56, 0x45, 0x52, 0x54, 0x45, 0x58,
  0x45, 0x53, 0x29, 0x0a, 0x76, 0x65, 0x63, 0x33, 0x20, 0x44, 0x65, 0x66,
  0x6f, 0x72, 0x6d, 0x50, 0x6f, 0x73, 0x69, 0x74, 0x69, 0x6f, 0x6e, 0x28,
  0x63, 0x6f, 0x6e, 0x73, 0x74, 0x20, 0x76, 0x65, 0x63, 0x33, 0x20, 0x70,
  0x6f, 0x73, 0x2c, 0x20, 0x63, 0x6f, 0x6e, 0x73, 0x74, 0x20, 0x76, 0x65,
  0x63, 0x33, 0x20, 0x6e, 0x6f, 0x72, 0x6d, 0x61, 0x6c, 0x2c, 0x20, 0x63,
  0x6f, 0x6e, 0x73, 0x74, 0x20, 0x76, 0x65, 0x63, 0x32, 0x20, 0x73, 0x74,
  0x29, 0x0a, 0x7b, 0x0a, 0x09, 0x69, 0x66, 0x20, 0x28, 0x75, 0x5f, 0x44,
  0x65, 0x66, 0x6f, 0x72, 0x6d, 0x47, 0x65, 0x6e, 0x20, 0x3d, 0x3d, 0x20,
  0x30, 0x29, 0x0a, 0x09, 0x7b, 0x0a, 0x09, 0x09, 0x72, 0x65, 0x74, 0x75,
  0x72, 0x6e, 0x20, 0x70, 0x6f, 0x73, 0x3b, 0x0a, 0x09, 0x7d, 0x0a, 0x0a,
  0x09, 0x66, 0x6c, 0x6f, 0x61, 0x74, 0x20, 0x62, 0x61, 0x73, 0x65, 0x20,
  0x3d, 0x20, 0x20, 0x20, 0x20, 0x20, 0x20, 0x75, 0x5f, 0x44, 0x65, 0x66,
  0x6f, 0x72, 0x6d, 0x50, 0x61, 0x72, 0x61, 0x6d, 0x73, 0x5b, 0x30, 0x5d,
  0x3b, 0x0a, 0x09, 0x66, 0x6c, 0x6f, 0x61, 0x74, 0x20, 0x61, 0x6d, 0x70,
  0x6c, 0x69, 0x74, 0x75, 0x64, 0x65, 0x20, 0x3d, 0x20, 0x75, 0x5f, 0x44,
  0x65, 0x66, 0x6f, 0x72, 0x6d, 0x50, 0x61, 0x72, 0x61, 0x6d, 0x73, 0x5b,
  0x31, 0x5d, 0x3b, 0x0a, 0x09, 0x66, 0x6c, 0x6f, 0x61, 0x74, 0x20, 0x70,
  0x68, 0x61, 0x73, 0x65, 0x20, 0x3d, 0x20, 0x20, 0x20, 0x20, 0x20, 0x75,
  0x5f, 0x44, 0x65, 0x66, 0x6f, 0x72, 0x6d, 0x50, 0x61, 0x72, 0x61, 0x6d,
  0x73, 0x5b, 0x32, 0x5d, 0x3b, 0x0a, 0x09, 0x66, 0x6c, 0x6f, 0x61, 0x74,
  0x20, 0x66, 0x72, 0x65, 0x71, 0x75, 0x65, 0x6e, 0x63, 0x79, 0x20, 0x3d,
  0x20, 0x75, 0x5f, 0x44, 0x65, 0x66, 0x6f, 0x72, 0x6d, 0x50, 0x61, 0x72,
  0x61, 0x6d, 0x73, 0x5b, 0x33, 0x5d, 0x3b, 0x0a, 0x09, 0x66, 0x6c, 0x6f,
  0x61, 0x74, 0x20, 0x73, 0x70, 0x72, 0x65, 0x61, 0x64, 0x20, 0x3d, 0x20,
  0x20, 0x20, 0x20, 0x75, 0x5f, 0x44, 0x65, 0x66, 0x6f, 0x72, 0x6d, 0x50,
  0x61, 0x72, 0x61, 0x6d, 0x73, 0x5b, 0x34, 0x5d, 0x3b, 0x0a, 0x0a, 0x09,
  0x69, 0x66, 0x20, 0x28, 0x75, 0x5f, 0x44, 0x65, 0x66, 0x6f, 0x72, 0x6d,
  0x47, 0x65, 0x6e, 0x20, 0x3d, 0x3d, 0x20, 0x44, 0x47, 0x45, 0x4e, 0x5f,
  0x42, 0x55, 0x4c, 0x47, 0x45, 0x29, 0x0a, 0x09, 0x7b, 0x0a, 0x09, 0x09,
  0x70, 0x68, 0x61, 0x73, 0x65, 0x20, 0x2a, 0x3d, 0x20, 0x73, 0x74, 0x2e,
  0x78, 0x3b, 0x0a, 0x09, 0x7d, 0x0a, 0x09, 0x65, 0x6c, 0x73, 0x65, 0x20,
  0x2f, 0x2f, 0x20, 0x69, 0x66, 0x20, 0x28, 0x75, 0x5f, 0x44, 0x65, 0x66,
  0x6f, 0x72, 0x6d, 0x47, 0x65, 0x6e, 0x20, 0x3c, 0x3d, 0x20, 0x44, 0x47,
  0x45, 0x4e, 0x5f, 0x57, 0x41, 0x56, 0x45, 0x5f, 0x49, 0x4e, 0x56, 0x45,
  0x52, 0x53, 0x45, 0x5f, 0x53, 0x41, 0x57, 0x54, 0x4f, 0x4f, 0x54, 0x48,
  0x29, 0x0a, 0x09, 0x7b, 0x0a, 0x09, 0x09, 0x70, 0x68, 0x61, 0x73, 0x65,
  0x20, 0x2b, 0x3d, 0x20, 0x64, 0x6f, 0x74, 0x28, 0x70, 0x6f, 0x73, 0x2e,
  0x78, 0x79, 0x7a, 0x2c, 0x20, 0x76, 0x65, 0x63, 0x33, 0x28, 0x73, 0x70,
  0x72, 0x65, 0x61, 0x64, 0x29, 0x29, 0x3b, 0x0a, 0x09, 0x7d, 0x0a, 0x0a,
  0x09, 0x66, 0x6c, 0x6f, 0x61, 0x74, 0x20, 0x76, 0x61, 0x6c, 0x75, 0x65,
  0x20, 0x3d, 0x20, 0x70, 0x68, 0x61, 0x73, 0x65, 0x20, 0x2b, 0x20, 0x28,
  0x75, 0x5f, 0x54, 0x69, 0x6d, 0x65, 0x20, 0x2a, 0x20, 0x66, 0x72, 0x65,
  0x71, 0x75, 0x65, 0x6e, 0x63, 0x79, 0x29, 0x3b, 0x0a, 0x09, 0x66, 0x6c,
  0x6f, 0x61, 0x74, 0x20, 0x66, 0x75, 0x6e, 0x63, 0x3b, 0x0a, 0x0a, 0x09,
  0x69, 0x66, 0x20, 0x28, 0x75, 0x5f, 0x44, 0x65, 0x66, 0x6f, 0x72, 0x6d,
  0x47, 0x65, 0x6e, 0x20, 0x3d, 0x3d, 0x20, 0x44, 0x47, 0x45, 0x4e, 0x5f,
  0x57, 0x41, 0x56, 0x45, 0x5f, 0x53, 0x49, 0x4e, 0x29, 0x0a, 0x09, 0x7b,
  0x0a, 0x09, 0x09, 0x66, 0x75, 0x6e, 0x63, 0x20, 0x3d, 0x20, 0x73, 0x69,
  0x6e, 0x28, 0x76, 0x61, 0x6c, 0x75, 0x65, 0x20, 0x2a, 0x20, 0x32, 0x2e,
  0x30, 0x20, 0x2a, 0x20, 0x4d, 0x5f, 0x50, 0x49, 0x29, 0x3b, 0x0a, 0x09,
  0x7d, 0x0a, 0x09, 0x65, 0x6c, 0x73, 0x65, 0x20, 0x69, 0x66, 0x20, 0x28,
  0x75, 0x5f, 0x44, 0x65, 0x66, 0x6f, 0x72, 0x6d, 0x47, 0x65, 0x6e, 0x20,
  0x3d, 0x3d, 0x20, 0x44, 0x47, 0x45, 0x4e, 0x5f, 0x57, 0x41, 0x56, 0x45,
  0x5f, 0x53, 0x51, 0x55, 0x41, 0x52, 0x45, 0x29, 0x0a, 0x09, 0x7b, 0x0a,
  0x09, 0x09, 0x66, 0x75, 0x6e, 0x63, 0x20, 0x3d, 0x20, 0x73, 0x69, 0x67,
  0x6e, 0x28, 0x30, 0x2e, 0x35, 0x20, 0x2d, 0x20, 0x66, 0x72, 0x61, 0x63,
  0x74, 0x28, 0x76, 0x61, 0x6c, 0x75, 0x65, 0x29, 0x29, 0x3b, 0x0a, 0x09,
  0x7d, 0x0a, 0x09, 0x65, 0x6c, 0x73, 0x65, 0x20, 0x69, 0x66, 0x20, 0x28,
  0x75, 0x5f, 0x44, 0x65, 0x66, 0x6f, 0x72, 0x6d, 0x47, 0x65, 0x6e, 0x20,
  0x3d, 0x3d, 0x20, 0x44, 0x47, 0x45, 0x4e, 0x5f, 0x57, 0x41, 0x56, 0x45,
  0x5f, 0x54, 0x52, 0x49, 0x41, 0x4e, 0x47, 0x4c, 0x45, 0x29, 0x0a, 0x09,
  0x7b, 0x0a, 0x09, 0x09, 0x66, 0x75, 0x6e, 0x63, 0x20, 0x3d, 0x20, 0x61,
  0x62, 0x73, 0x28, 0x66, 0x72, 0x61, 0x63, 0x74, 0x28, 0x76, 0x61, 0x6c,
  0x75, 0x65, 0x20, 0x2b, 0x20, 0x30, 0x2e, 0x37, 0x35, 0x29, 0x20, 0x2d,
  0x20, 0x30, 0x2e, 0x35, 0x29, 0x20, 0x2a, 0x20, 0x34, 0x2e, 0x30, 0x20,
  0x2d, 0x20, 0x31, 0x2e, 0x30, 0x3b, 0x0a, 0x09, 0x7d, 0x0a, 0x09, 0x65,
  0x6c, 0x73, 0x65, 0x20, 0x69, 0x66, 0x20, 0x28, 0x75, 0x5f, 0x44, 0x65,
  0x66, 0x6f, 0x72, 0x6d, 0x47, 0x65, 0x6e, 0x20, 0x3d, 0x3d, 0x20, 0x44,
  0x47, 0x45, 0x4e, 0x5f, 0x57, 0x41, 0x56, 0x45, 0x5f, 0x53, 0x41, 0x57,
  0x54, 0x4f, 0x4f, 0x54, 0x48, 0x29, 0x0a, 0x09, 0x7b, 0x0a, 0x09, 0x09,
  0x66, 0x75, 0x6e, 0x63, 0x20, 0x3d, 0x20, 0x66, 0x72, 0x61, 0x63, 0x74,
  0x28, 0x76, 0x61, 0x6c, 0x75, 0x65, 0x29, 0x3b, 0x0a, 0x09, 0x7d, 0x0a,
  0x09, 0x65, 0x6c, 0x73, 0x65, 0x20, 0x69, 0x66, 0x20, 0x28, 0x75, 0x5f,
  0x44, 0x65, 0x66, 0x6f, 0x72, 0x6d, 0x47, 0x65, 0x6e, 0x20, 0x3d, 0x3d,
  0x20, 0x44, 0x47, 0x45, 0x4e, 0x5f, 0x57, 0x41, 0x56, 0x45, 0x5f, 0x49,
  0x4e, 0x56, 0x45, 0x52, 0x53, 0x45, 0x5f, 0x53, 0x41, 0x57, 0x54, 0x4f,
  0x4f, 0x54, 0x48, 0x29, 0x0a, 0x09, 0x7b, 0x0a, 0x09, 0x09, 0x66, 0x75,
  0x6e, 0x63, 0x20, 0x3d, 0x20, 0x28, 0x31, 0x2e, 0x30, 0x20, 0x2d, 0x20,
  0x66, 0x72, 0x61, 0x63, 0x74, 0x28, 0x76, 0x61, 0x6c, 0x75, 0x65, 0x29,
  0x29, 0x3b, 0x0a, 0x09, 0x7d, 0x0a, 0x09, 0x65, 0x6c, 0x73, 0x65, 0x20,
  0x2f, 0x2f, 0x20, 0x69, 0x66, 0x20, 0x28, 0x75, 0x5f, 0x44, 0x65, 0x66,
  0x6f, 0x72, 0x6d, 0x47, 0x65, 0x6e, 0x20, 0x3d, 0x3d, 0x20, 0x44, 0x47,
  0x45, 0x4e, 0x5f, 0x42, 0x55, 0x4c, 0x47, 0x45, 0x29, 0x0a, 0x09, 0x7b,
  0x0a, 0x09, 0x09, 0x66, 0x75, 0x6e, 0x63, 0x20, 0x3d, 0x20, 0x73, 0x69,
  0x6e, 0x28, 0x76, 0x61, 0x6c, 0x75, 0x65, 0x29, 0x3b, 0x0a, 0x09, 0x7d,
  0x0a, 0x0a, 0x09, 0x72, 0x65, 0x74, 0x75, 0x72, 0x6e, 0x20, 0x70, 0x6f,
  0x73, 0x20, 0x2b, 0x20, 0x6e, 0x6f, 0x72, 0x6d, 0x61, 0x6c, 0x20, 0x2a,
  0x20, 0x28, 0x62, 0x61, 0x73, 0x65, 0x20, 0x2b, 0x20, 0x66, 0x75, 0x6e,
  0x63, 0x20, 0x2a, 0x20, 0x61, 0x6d, 0x70, 0x6c, 0x69, 0x74, 0x75, 0x64,
  0x65, 0x29, 0x3b, 0x0a, 0x7d, 0x0a, 0x23, 0x65, 0x6e, 0x64, 0x69, 0x66,
  0x0a, 0x0a, 0x76, 0x6f, 0x69, 0x64, 0x20, 0x6d, 0x61, 0x69, 0x6e, 0x28,
  0x29, 0x0a, 0x7b, 0x0a, 0x09, 0x76, 0x65, 0x63, 0x33, 0x20, 0x70, 0x6f,
  0x73, 0x69, 0x74, 0x69, 0x6f, 0x6e, 0x20, 0x3d, 0x20, 0x61, 0x74, 0x74,
  0x72, 0x5f, 0x50, 0x6f, 0x73, 0x69, 0x74, 0x69, 0x6f, 0x6e, 0x3b, 0x0a,
  0x09, 0x76, 0x65, 0x63, 0x33, 0x20, 0x6e, 0x6f, 0x72, 0x6d, 0x61, 0x6c,
  0x20, 0x3d, 0x20, 0x61, 0x74, 0x74, 0x72, 0x5f, 0x4e, 0x6f, 0x72, 0x6d,
  0x61, 0x6c, 0x3b, 0x0a, 0x0a, 0x23, 0x69, 0x66, 0x20, 0x64, 0x65, 0x66,
  0x69, 0x6e, 0x65, 0x64, 0x28, 0x55, 0x53, 0x45, 0x5f, 0x44, 0x45, 0x46,
  0x4f, 0x52, 0x4d, 0x5f, 0x56, 0x45, 0x52, 0x54, 0x45, 0x58, 0x45, 0x53,
  0x29, 0x0a, 0x09, 0x70, 0x6f, 0x73, 0x69, 0x74, 0x69, 0x6f, 0x6e, 0x20,
  0x3d, 0x20, 0x44, 0x65, 0x66, 0x6f, 0x72, 0x6d, 0x50, 0x6f, 0x73, 0x69,
  0x74, 0x69, 0x6f, 0x6e, 0x28, 0x70, 0x6f, 0x73, 0x69, 0x74, 0x69, 0x6f,
  0x6e, 0x2c, 0x20, 0x6e, 0x6f, 0x72, 0x6d, 0x61, 0x6c, 0x2c, 0x20, 0x61,
  0x74, 0x74, 0x72, 0x5f, 0x54, 0x65, 0x78, 0x43, 0x6f, 0x6f, 0x72, 0x64,
  0x30, 0x2e, 0x73, 0x74, 0x29, 0x3b, 0x0a, 0x23, 0x65, 0x6e, 0x64, 0x69,
  0x66, 0x0a, 0x0a, 0x09, 0x67, 0x6c, 0x5f, 0x50, 0x6f, 0x73, 0x69, 0x74,
  0x69, 0x6f, 0x6e, 0x20, 0x3d, 0x20, 0x75, 0x5f, 0x4d, 0x6f, 0x64, 0x65,
  0x6c, 0x56, 0x69, 0x65, 0x77, 0x50, 0x72, 0x6f, 0x6a, 0x65, 0x63, 0x74,
  0x69, 0x6f, 0x6e, 0x4d, 0x61, 0x74, 0x72, 0x69, 0x78, 0x20, 0x2a, 0x20,
  0x76, 0x65, 0x63, 0x34, 0x28, 0x70, 0x6f, 0x73, 0x69, 0x74, 0x69, 0x6f,
  0x6e, 0x2c, 0x20, 0x31, 0x2e, 0x30, 0x29, 0x3b, 0x0a, 0x09, 0x09, 0x0a,
  0x09, 0x76, 0x65, 0x63, 0x33, 0x20, 0x64, 0x69, 0x73, 0x74, 0x20, 0x3d,
  0x20, 0x75, 0x5f, 0x44, 0x6c, 0x69, 0x67, 0x68, 0x74, 0x49, 0x6e, 0x66,
  0x6f, 0x2e, 0x78, 0x79, 0x7a, 0x20, 0x2d, 0x20, 0x70, 0x6f, 0x73, 0x69,
  0x74, 0x69, 0x6f, 0x6e, 0x3b, 0x0a, 0x0a, 0x09, 0x76, 0x61, 0x72, 0x5f,
  0x54, 0x65, 0x78, 0x31, 0x20, 0x3d, 0x20, 0x64, 0x69, 0x73, 0x74, 0x2e,
  0x78, 0x79, 0x20, 0x2a, 0x20, 0x75, 0x5f, 0x44, 0x6c, 0x69, 0x67, 0x68,
  0x74, 0x49, 0x6e, 0x66, 0x6f, 0x2e, 0x61, 0x20, 0x2b, 0x20, 0x76, 0x65,
  0x63, 0x32, 0x28, 0x30, 0x2e, 0x35, 0x29, 0x3b, 0x0a, 0x09, 0x66, 0x6c,
  0x6f, 0x61, 0x74, 0x20, 0x64, 0x6c, 0x69, 0x67, 0x68, 0x74, 0x6d, 0x6f,
  0x64, 0x20, 0x3d, 0x20, 0x73, 0x74, 0x65, 0x70, 0x28, 0x30, 0x2e, 0x30,
  0x2c, 0x20, 0x64, 0x6f, 0x74, 0x28, 0x64, 0x69, 0x73, 0x74, 0x2c, 0x20,
  0x6e, 0x6f, 0x72, 0x6d, 0x61, 0x6c, 0x29, 0x29, 0x3b, 0x0a, 0x09, 0x64,
  0x6c, 0x69, 0x67, 0x68, 0x74, 0x6d, 0x6f, 0x64, 0x20, 0x2a, 0x3d, 0x20,
  0x63, 0x6c, 0x61, 0x6d, 0x70, 0x28, 0x32, 0x2e, 0x30, 0x20, 0x2a, 0x20,
  0x28, 0x31, 0x2e, 0x30, 0x20, 0x2d, 0x20, 0x61, 0x62, 0x73, 0x28, 0x64,
  0x69, 0x73, 0x74, 0x2e, 0x7a, 0x29, 0x20, 0x2a, 0x20, 0x75, 0x5f, 0x44,
  0x6c, 0x69, 0x67, 0x68, 0x74, 0x49, 0x6e, 0x66, 0x6f, 0x2e, 0x61, 0x29,
  0x2c, 0x20, 0x30, 0x2e, 0x30, 0x2c, 0x20, 0x31, 0x2e, 0x30, 0x29, 0x3b,
  0x0a, 0x09, 0x0a, 0x09, 0x76, 0x61, 0x72, 0x5f, 0x43, 0x6f, 0x6c, 0x6f,
  0x72, 0x20, 0x3d, 0x20, 0x75, 0x5f, 0x43, 0x6f, 0x6c, 0x6f, 0x72, 0x20,
  0x2a, 0x20, 0x64, 0x6c, 0x69, 0x67, 0x68, 0x74, 0x6d, 0x6f, 0x64, 0x3b,
  0x0a, 0x7d, 0x0a
};
unsigned int fallbackShader_dlight_vp_len = 1983;
unsigned char fallbackShader_down4x_fp[] = {
  0x75, 0x6e, 0x69, 0x66, 0x6f, 0x72, 0x6d, 0x20, 0x73, 0x61, 0x6d, 0x70,
  0x6c, 0x65, 0x72, 0x32, 0x44, 0x20, 0x75, 0x5f, 0x54, 0x65, 0x78, 0x74,
  0x75, 0x72, 0x65, 0x4d, 0x61, 0x70, 0x3b, 0x0a, 0x0a, 0x75, 0x6e, 0x69,
  0x66, 0x6f, 0x72, 0x6d, 0x20, 0x76, 0x65, 0x63, 0x32, 0x20, 0x20, 0x20,
  0x20, 0x20, 0x20, 0x75, 0x5f, 0x49, 0x6e, 0x76, 0x54, 0x65, 0x78, 0x52,
  0x65, 0x73, 0x3b, 0x0a, 0x76, 0x61, 0x72, 0x79, 0x69, 0x6e, 0x67, 0x20,
  0x76, 0x65, 0x63, 0x32, 0x20, 0x20, 0x20, 0x20, 0x20, 0x20, 0x76, 0x61,
  0x72, 0x5f, 0x54, 0x65, 0x78, 0x43, 0x6f, 0x6f, 0x72, 0x64, 0x73, 0x3b,
  0x0a, 0x0a, 0x76, 0x6f, 0x69, 0x64, 0x20, 0x6d, 0x61, 0x69, 0x6e, 0x28,
  0x29, 0x0a, 0x7b, 0x0a, 0x09, 0x76, 0x65, 0x63, 0x34, 0x20, 0x63, 0x6f,
  0x6c, 0x6f, 0x72, 0x3b, 0x0a, 0x09, 0x76, 0x65, 0x63, 0x32, 0x20, 0x74,
  0x63, 0x3b, 0x0a, 0x09, 0x0a, 0x09, 0x74, 0x63, 0x20, 0x3d, 0x20, 0x76,
  0x61, 0x72, 0x5f, 0x54, 0x65, 0x78, 0x43, 0x6f, 0x6f, 0x72, 0x64, 0x73,
  0x20, 0x2b, 0x20, 0x75, 0x5f, 0x49, 0x6e, 0x76, 0x54, 0x65, 0x78, 0x52,
  0x65, 0x73, 0x20, 0x2a, 0x20, 0x76, 0x65, 0x63, 0x32, 0x28, 0x2d, 0x31,
  0x2e, 0x35, 0x2c, 0x20, 0x2d, 0x31, 0x2e, 0x35, 0x29, 0x3b, 0x20, 0x20,
  0x63, 0x6f, 0x6c, 0x6f, 0x72, 0x20, 0x20, 0x3d, 0x20, 0x74, 0x65, 0x78,
  0x74, 0x75, 0x72, 0x65, 0x32, 0x44, 0x28, 0x75, 0x5f, 0x54, 0x65, 0x78,
  0x74, 0x75, 0x72, 0x65, 0x4d, 0x61, 0x70, 0x2c, 0x20, 0x74, 0x63, 0x29,
  0x3b, 0x0a, 0x09, 0x74, 0x63, 0x20, 0x3d, 0x20, 0x76, 0x61, 0x72, 0x5f,
  0x54, 0x65, 0x78, 0x43, 0x6f, 0x6f, 0x72, 0x64, 0x73, 0x20, 0x2b, 0x20,
  0x75, 0x5f, 0x49, 0x6e, 0x76, 0x54, 0x65, 0x78, 0x52, 0x65, 0x73, 0x20,
  0x2a, 0x20, 0x76, 0x65, 0x63, 0x32, 0x28, 0x2d, 0x30, 0x2e, 0x35, 0x2c,
  0x20, 0x2d, 0x31, 0x2e, 0x35, 0x29, 0x3b, 0x20, 0x20, 0x63, 0x6f, 0x6c,
  0x6f, 0x72, 0x20, 0x2b, 0x3d, 0x20, 0x74, 0x65, 0x78, 0x74, 0x75, 0x72,
  0x65, 0x32, 0x44, 0x28, 0x75, 0x5f, 0x54, 0x65, 0x78, 0x74, 0x75, 0x72,
  0x65, 0x4d, 0x61, 0x70, 0x2c, 0x20, 0x74, 0x63, 0x29, 0x3b, 0x0a, 0x09,
  0x74, 0x63, 0x20, 0x3d, 0x20, 0x76, 0x61, 0x72, 0x5f, 0x54, 0x65, 0x78,
  0x43, 0x6f, 0x6f, 0x72, 0x64, 0x73, 0x20, 0x2b, 0x20, 0x75, 0x5f, 0x49,
  0x6e, 0x76, 0x54, 0x65, 0x78, 0x52, 0x65, 0x73, 0x20, 0x2a, 0x20, 0x76,
  0x65, 0x63, 0x32, 0x28, 0x20, 0x30, 0x2e, 0x35, 0x2c, 0x20, 0x2d, 0x31,
  0x2e, 0x35, 0x29, 0x3b, 0x20, 0x20, 0x63, 0x6f, 0x6c, 0x6f, 0x72, 0x20,
  0x2b, 0x3d, 0x20, 0x74, 0x65, 0x78, 0x74, 0x75, 0x72, 0x65, 0x32, 0x44,
  0x28, 0x75, 0x5f, 0x54, 0x65, 0x78, 0x74, 0x75, 0x72, 0x65, 0x4d, 0x61,
  0x70, 0x2c, 0x20, 0x74, 0x63, 0x29, 0x3b, 0x0a, 0x09, 0x74, 0x63, 0x20,
  0x3d, 0x20, 0x76, 0x61, 0x72, 0x5f, 0x54, 0x65, 0x78, 0x43, 0x6f, 0x6f,
  0x72, 0x64, 0x73, 0x20, 0x2b, 0x20, 0x75, 0x5f, 0x49, 0x6e, 0x76, 0x54,
  0x65, 0x78, 0x52, 0x65, 0x73, 0x20, 0x2a, 0x20, 0x76, 0x65, 0x63, 0x32,
  0x28, 0x20, 0x31, 0x2e, 0x35, 0x2c, 0x20, 0x2d, 0x31, 0x2e, 0x35, 0x29,
  0x3b, 0x20, 0x20, 0x63, 0x6f, 0x6c, 0x6f, 0x72, 0x20, 0x2b, 0x3d, 0x20,
  0x74, 0x65, 0x78, 0x74, 0x75, 0x72, 0x65, 0x32, 0x44, 0x28, 0x75, 0x5f,
  0x54, 0x65, 0x78, 0x74, 0x75, 0x72, 0x65, 0x4d, 0x61, 0x70, 0x2c, 0x20,
  0x74, 0x63, 0x29, 0x3b, 0x0a, 0x0a, 0x09, 0x74, 0x63, 0x20, 0x3d, 0x20,
  0x76, 0x61, 0x72, 0x5f, 0x54, 0x65, 0x78, 0x43, 0x6f, 0x6f, 0x72, 0x64,
  0x73, 0x20, 0x2b, 0x20, 0x75, 0x5f, 0x49, 0x6e, 0x76, 0x54, 0x65, 0x78,
  0x52, 0x65, 0x73, 0x20, 0x2a, 0x20, 0x76, 0x65, 0x63, 0x32, 0x28, 0x2d,
  0x31, 0x2e, 0x35, 0x2c, 0x20, 0x2d, 0x30, 0x2e, 0x35, 0x29, 0x3b, 0x20,
  0x63, 0x6f, 0x6c, 0x6f, 0x72, 0x20, 0x2b, 0x3d, 0x20, 0x74, 0x65, 0x78,
  0x74, 0x75, 0x72, 0x65, 0x32, 0x44, 0x28, 0x75, 0x5f, 0x54, 0x65, 0x78,
  0x74, 0x75, 0x72, 0x65, 0x4d, 0x61, 0x70, 0x2c, 0x20, 0x74, 0x63, 0x29,
  0x3b, 0x0a, 0x09, 0x74, 0x63, 0x20, 0x3d, 0x20, 0x76, 0x61, 0x72, 0x5f,
  0x54, 0x65, 0x78, 0x43, 0x6f, 0x6f, 0x72, 0x64, 0x73, 0x20, 0x2b, 0x20,
  0x75, 0x5f, 0x49, 0x6e, 0x76, 0x54, 0x65, 0x78, 0x52, 0x65, 0x73, 0x20,
  0x2a, 0x20, 0x76, 0x65, 0x63, 0x32, 0x28, 0x2d, 0x30, 0x2e, 0x35, 0x2c,
  0x20, 0x2d, 0x30, 0x2e, 0x35, 0x29, 0x3b, 0x20, 0x63, 0x6f, 0x6c, 0x6f,
  0x72, 0x20, 0x2b, 0x3d, 0x20, 0x74, 0x65, 0x78, 0x74, 0x75, 0x72, 0x65,
  0x32, 0x44, 0x28, 0x75, 0x5f, 0x54, 0x65, 0x78, 0x74, 0x75, 0x72, 0x65,
  0x4d, 0x61, 0x70, 0x2c, 0x20, 0x74, 0x63, 0x29, 0x3b, 0x0a, 0x09, 0x74,
  0x63, 0x20, 0x3d, 0x20, 0x76, 0x61, 0x72, 0x5f, 0x54, 0x65, 0x78, 0x43,
  0x6f, 0x6f, 0x72, 0x64, 0x73, 0x20, 0x2b, 0x20, 0x75, 0x5f, 0x49, 0x6e,
  0x76, 0x54, 0x65, 0x78, 0x52, 0x65, 0x73, 0x20, 0x2a, 0x20, 0x76, 0x65,
  0x63, 0x32, 0x28, 0x20, 0x30, 0x2e, 0x35, 0x2c, 0x20, 0x2d, 0x30, 0x2e,
  0x35, 0x29, 0x3b, 0x20, 0x63, 0x6f, 0x6c, 0x6f, 0x72, 0x20, 0x2b, 0x3d,
  0x20, 0x74, 0x65, 0x78, 0x74, 0x75, 0x72, 0x65, 0x32, 0x44, 0x28, 0x75,
  0x5f, 0x54, 0x65, 0x78, 0x74, 0x75, 0x72, 0x65, 0x4d, 0x61, 0x70, 0x2c,
  0x20, 0x74, 0x63, 0x29, 0x3b, 0x0a, 0x09, 0x74, 0x63, 0x20, 0x3d, 0x20,
  0x76, 0x61, 0x72, 0x5f, 0x54, 0x65, 0x78, 0x43, 0x6f, 0x6f, 0x72, 0x64,
  0x73, 0x20, 0x2b, 0x20, 0x75, 0x5f, 0x49, 0x6e, 0x76, 0x54, 0x65, 0x78,
  0x52, 0x65, 0x73, 0x20, 0x2a, 0x20, 0x76, 0x65, 0x63, 0x32, 0x28, 0x20,
  0x31, 0x2e, 0x35, 0x2c, 0x20, 0x2d, 0x30, 0x2e, 0x35, 0x29, 0x3b, 0x20,
  0x63, 0x6f, 0x6c, 0x6f, 0x72, 0x20, 0x2b, 0x3d, 0x20, 0x74, 0x65, 0x78,
  0x74, 0x75, 0x72, 0x65, 0x32, 0x44, 0x28, 0x75, 0x5f, 0x54, 0x65, 0x78,
  0x74, 0x75, 0x72, 0x65, 0x4d, 0x61, 0x70, 0x2c, 0x20, 0x74, 0x63, 0x29,
  0x3b, 0x0a, 0x0a, 0x09, 0x74, 0x63, 0x20, 0x3d, 0x20, 0x76, 0x61, 0x72,
  0x5f, 0x54, 0x65, 0x78, 0x43, 0x6f, 0x6f, 0x72, 0x64, 0x73, 0x20, 0x2b,
  0x20, 0x75, 0x5f, 0x49, 0x6e, 0x76, 0x54, 0x65, 0x78, 0x52, 0x65, 0x73,
  0x20, 0x2a, 0x20, 0x76, 0x65, 0x63, 0x32, 0x28, 0x2d, 0x31, 0x2e, 0x35,
  0x2c, 0x20, 0x20, 0x30, 0x2e, 0x35, 0x29, 0x3b, 0x20, 0x63, 0x6f, 0x6c,
  0x6f, 0x72, 0x20, 0x2b, 0x3d, 0x20, 0x74, 0x65, 0x78, 0x74, 0x75, 0x72,
  0x65, 0x32, 0x44, 0x28, 0x75, 0x5f, 0x54, 0x65, 0x78, 0x74, 0x75, 0x72,
  0x65, 0x4d, 0x61, 0x70, 0x2c, 0x20, 0x74, 0x63, 0x29, 0x3b, 0x0a, 0x09,
  0x74, 0x63, 0x20, 0x3d, 0x20, 0x76, 0x61, 0x72, 0x5f, 0x54, 0x65, 0x78,
  0x43, 0x6f, 0x6f, 0x72, 0x64, 0x73, 0x20, 0x2b, 0x20, 0x75, 0x5f, 0x49,
  0x6e, 0x76, 0x54, 0x65, 0x78, 0x52, 0x65, 0x73, 0x20, 0x2a, 0x20, 0x76,
  0x65, 0x63, 0x32, 0x28, 0x2d, 0x30, 0x2e, 0x35, 0x2c, 0x20, 0x20, 0x30,
  0x2e, 0x35, 0x29, 0x3b, 0x20, 0x63, 0x6f, 0x6c, 0x6f, 0x72, 0x20, 0x2b,
  0x3d, 0x20, 0x74, 0x65, 0x78, 0x74, 0x75, 0x72, 0x65, 0x32, 0x44, 0x28,
  0x75, 0x5f, 0x54, 0x65, 0x78, 0x74, 0x75, 0x72, 0x65, 0x4d, 0x61, 0x70,
  0x2c, 0x20, 0x74, 0x63, 0x29, 0x3b, 0x0a, 0x09, 0x74, 0x63, 0x20, 0x3d,
  0x20, 0x76, 0x61, 0x72, 0x5f, 0x54, 0x65, 0x78, 0x43, 0x6f, 0x6f, 0x72,
  0x64, 0x73, 0x20, 0x2b, 0x20, 0x75, 0x5f, 0x49, 0x6e, 0x76, 0x54, 0x65,
  0x78, 0x52, 0x65, 0x73, 0x20, 0x2a, 0x20, 0x76, 0x65, 0x63, 0x32, 0x28,
  0x20, 0x30, 0x2e, 0x35, 0x2c, 0x20, 0x20, 0x30, 0x2e, 0x35, 0x29, 0x3b,
  0x20, 0x63, 0x6f, 0x6c, 0x6f, 0x72, 0x20, 0x2b, 0x3d, 0x20, 0x74, 0x65,
  0x78, 0x74, 0x75, 0x72, 0x65, 0x32, 0x44, 0x28, 0x75, 0x5f, 0x54, 0x65,
  0x78, 0x74, 0x75, 0x72, 0x65, 0x4d, 0x61, 0x70, 0x2c, 0x20, 0x74, 0x63,
  0x29, 0x3b, 0x0a, 0x09, 0x74, 0x63, 0x20, 0x3d, 0x20, 0x76, 0x61, 0x72,
  0x5f, 0x54, 0x65, 0x78, 0x43, 0x6f, 0x6f, 0x72, 0x64, 0x73, 0x20, 0x2b,
  0x20, 0x75, 0x5f, 0x49, 0x6e, 0x76, 0x54, 0x65, 0x78, 0x52, 0x65, 0x73,
  0x20, 0x2a, 0x20, 0x76, 0x65, 0x63, 0x32, 0x28, 0x20, 0x31, 0x2e, 0x35,
  0x2c, 0x20, 0x20, 0x30, 0x2e, 0x35, 0x29, 0x3b, 0x20, 0x63, 0x6f, 0x6c,
  0x6f, 0x72, 0x20, 0x2b, 0x3d, 0x20, 0x74, 0x65, 0x78, 0x74, 0x75, 0x72,
  0x65, 0x32, 0x44, 0x28, 0x75, 0x5f, 0x54, 0x65, 0x78, 0x74, 0x75, 0x72,
  0x65, 0x4d, 0x61, 0x70, 0x2c, 0x20, 0x74, 0x63, 0x29, 0x3b, 0x0a, 0x0a,
  0x09, 0x74, 0x63, 0x20, 0x3d, 0x20, 0x76, 0x61, 0x72, 0x5f, 0x54, 0x65,
  0x78, 0x43, 0x6f, 0x6f, 0x72, 0x64, 0x73, 0x20, 0x2b, 0x20, 0x75, 0x5f,
  0x49, 0x6e, 0x76, 0x54, 0x65, 0x78, 0x52, 0x65, 0x73, 0x20, 0x2a, 0x20,
  0x76, 0x65, 0x63, 0x32, 0x28, 0x2d, 0x31, 0x2e, 0x35, 0x2c, 0x20, 0x20,
  0x31, 0x2e, 0x35, 0x29, 0x3b, 0x20, 0x20, 0x63, 0x6f, 0x6c, 0x6f, 0x72,
  0x20, 0x2b, 0x3d, 0x20, 0x74, 0x65, 0x78, 0x74, 0x75, 0x72, 0x65, 0x32,
  0x44, 0x28, 0x75, 0x5f, 0x54, 0x65, 0x78, 0x74, 0x75, 0x72, 0x65, 0x4d,
  0x61, 0x70, 0x2c, 0x20, 0x74, 0x63, 0x29, 0x3b, 0x0a, 0x09, 0x74, 0x63,
  0x20, 0x3d, 0x20, 0x76, 0x61, 0x72, 0x5f, 0x54, 0x65, 0x78, 0x43, 0x6f,
  0x6f, 0x72, 0x64, 0x73, 0x20, 0x2b, 0x20, 0x75, 0x5f, 0x49, 0x6e, 0x76,
  0x54, 0x65, 0x78, 0x52, 0x65, 0x73, 0x20, 0x2a, 0x20, 0x76, 0x65, 0x63,
  0x32, 0x28, 0x2d, 0x30, 0x2e, 0x35, 0x2c, 0x20, 0x20, 0x31, 0x2e, 0x35,
  0x29, 0x3b, 0x20, 0x20, 0x63, 0x6f, 0x6c, 0x6f, 0x72, 0x20, 0x2b, 0x3d,
  0x20, 0x74, 0x65, 0x78, 0x74, 0x75, 0x72, 0x65, 0x32, 0x44, 0x28, 0x75,
  0x5f, 0x54, 0x65, 0x78, 0x74, 0x75, 0x72, 0x65, 0x4d, 0x61, 0x70, 0x2c,
  0x20, 0x74, 0x63, 0x29, 0x3b, 0x0a, 0x09, 0x74, 0x63, 0x20, 0x3d, 0x20,
  0x76, 0x61, 0x72, 0x5f, 0x54, 0x65, 0x78, 0x43, 0x6f, 0x6f, 0x72, 0x64,
  0x73, 0x20, 0x2b, 0x20, 0x75, 0x5f, 0x49, 0x6e, 0x76, 0x54, 0x65, 0x78,
  0x52, 0x65, 0x73, 0x20, 0x2a, 0x20, 0x76, 0x65, 0x63, 0x32, 0x28, 0x20,
  0x30, 0x2e, 0x35, 0x2c, 0x20, 0x20, 0x31, 0x2e, 0x35, 0x29, 0x3b, 0x20,
  0x20, 0x63, 0x6f, 0x6c, 0x6f, 0x72, 0x20, 0x2b, 0x3d, 0x20, 0x74, 0x65,
  0x78, 0x74, 0x75, 0x72, 0x65, 0x32, 0x44, 0x28, 0x75, 0x5f, 0x54, 0x65,
  0x78, 0x74, 0x75, 0x72, 0x65, 0x4d, 0x61, 0x70, 0x2c, 0x20, 0x74, 0x63,
  0x29, 0x3b, 0x0a, 0x09, 0x74, 0x63, 0x20, 0x3d, 0x20, 0x76, 0x61, 0x72,
  0x5f, 0x54, 0x65, 0x78, 0x43, 0x6f, 0x6f, 0x72, 0x64, 0x73, 0x20, 0x2b,
  0x20, 0x75, 0x5f, 0x49, 0x6e, 0x76, 0x54, 0x65, 0x78, 0x52, 0x65, 0x73,
  0x20, 0x2a, 0x20, 0x76, 0x65, 0x63, 0x32, 0x28, 0x20, 0x31, 0x2e, 0x35,
  0x2c, 0x20, 0x20, 0x31, 0x2e, 0x35, 0x29, 0x3b, 0x20, 0x20, 0x63, 0x6f,
  0x6c, 0x6f, 0x72, 0x20, 0x2b, 0x3d, 0x20, 0x74, 0x65, 0x78, 0x74, 0x75,
  0x72, 0x65, 0x32, 0x44, 0x28, 0x75, 0x5f, 0x54, 0x65, 0x78, 0x74, 0x75,
  0x72, 0x65, 0x4d, 0x61, 0x70, 0x2c, 0x20, 0x74, 0x63, 0x29, 0x3b, 0x0a,
  0x09, 0x0a, 0x09, 0x63, 0x6f, 0x6c, 0x6f, 0x72, 0x20, 0x2a, 0x3d, 0x20,
  0x30, 0x2e, 0x30, 0x36, 0x32, 0x35, 0x3b, 0x0a, 0x09, 0x0a, 0x09, 0x67,
  0x6c, 0x5f, 0x46, 0x72, 0x61, 0x67, 0x43, 0x6f, 0x6c, 0x6f, 0x72, 0x20,
  0x3d, 0x20, 0x63, 0x6f, 0x6c, 0x6f, 0x72, 0x3b, 0x0a, 0x7d, 0x0a
};
unsigned int fallbackShader_down4x_fp_len = 1667;
unsigned char fallbackShader_down4x_vp[] = {
  0x61, 0x74, 0x74, 0x72, 0x69, 0x62, 0x75, 0x74, 0x65, 0x20, 0x76, 0x65,
  0x63, 0x33, 0x20, 0x61, 0x74, 0x74, 0x72, 0x5f, 0x50, 0x6f, 0x73, 0x69,
  0x74, 0x69, 0x6f, 0x6e, 0x3b, 0x0a, 0x61, 0x74, 0x74, 0x72, 0x69, 0x62,
  0x75, 0x74, 0x65, 0x20, 0x76, 0x65, 0x63, 0x34, 0x20, 0x61, 0x74, 0x74,
  0x72, 0x5f, 0x54, 0x65, 0x78, 0x43, 0x6f, 0x6f, 0x72, 0x64, 0x30, 0x3b,
  0x0a, 0x0a, 0x75, 0x6e, 0x69, 0x66, 0x6f, 0x72, 0x6d, 0x20, 0x6d, 0x61,
  0x74, 0x34, 0x20, 0x20, 0x20, 0x75, 0x5f, 0x4d, 0x6f, 0x64, 0x65, 0x6c,
  0x56, 0x69, 0x65, 0x77, 0x50, 0x72, 0x6f, 0x6a, 0x65, 0x63, 0x74, 0x69,
  0x6f, 0x6e, 0x4d, 0x61, 0x74, 0x72, 0x69, 0x78, 0x3b, 0x0a, 0x0a, 0x76,
  0x61, 0x72, 0x79, 0x69, 0x6e, 0x67, 0x20, 0x76, 0x65, 0x63, 0x32, 0x20,
  0x20, 0x20, 0x76, 0x61, 0x72, 0x5f, 0x54, 0x65, 0x78, 0x43, 0x6f, 0x6f,
  0x72, 0x64, 0x73, 0x3b, 0x0a, 0x0a, 0x0a, 0x76, 0x6f, 0x69, 0x64, 0x20,
  0x6d, 0x61, 0x69, 0x6e, 0x28, 0x29, 0x0a, 0x7b, 0x0a, 0x09, 0x67, 0x6c,
  0x5f, 0x50, 0x6f, 0x73, 0x69, 0x74, 0x69, 0x6f, 0x6e, 0x20, 0x3d, 0x20,
  0x75, 0x5f, 0x4d, 0x6f, 0x64, 0x65, 0x6c, 0x56, 0x69, 0x65, 0x77, 0x50,
  0x72, 0x6f, 0x6a, 0x65, 0x63, 0x74, 0x69, 0x6f, 0x6e, 0x4d, 0x61, 0x74,
  0x72, 0x69, 0x78, 0x20, 0x2a, 0x20, 0x76, 0x65, 0x63, 0x34, 0x28, 0x61,
  0x74, 0x74, 0x72, 0x5f, 0x50, 0x6f, 0x73, 0x69, 0x74, 0x69, 0x6f, 0x6e,
  0x2c, 0x20, 0x31, 0x2e, 0x30, 0x29, 0x3b, 0x0a, 0x09, 0x76, 0x61, 0x72,
  0x5f, 0x54, 0x65, 0x78, 0x43, 0x6f, 0x6f, 0x72, 0x64, 0x73, 0x20, 0x3d,
  0x20, 0x61, 0x74, 0x74, 0x72, 0x5f, 0x54, 0x65, 0x78, 0x43, 0x6f, 0x6f,
  0x72, 0x64, 0x30, 0x2e, 0x73, 0x74, 0x3b, 0x0a, 0x7d, 0x0a
};
unsigned int fallbackShader_down4x_vp_len = 262;
unsigned char fallbackShader_fogpass_fp[] = {
  0x75, 0x6e, 0x69, 0x66, 0x6f, 0x72, 0x6d, 0x20, 0x76, 0x65, 0x63, 0x34,
  0x20, 0x20, 0x75, 0x5f, 0x43, 0x6f, 0x6c, 0x6f, 0x72, 0x3b, 0x0a, 0x0a,
  0x76, 0x61, 0x72, 0x79, 0x69, 0x6e, 0x67, 0x20, 0x66, 0x6c, 0x6f, 0x61,
  0x74, 0x20, 0x76, 0x61, 0x72, 0x5f, 0x53, 0x63, 0x61, 0x6c, 0x65, 0x3b,
  0x0a, 0x0a, 0x76, 0x6f, 0x69, 0x64, 0x20, 0x6d, 0x61, 0x69, 0x6e, 0x28,
  0x29, 0x0a, 0x7b, 0x0a, 0x09, 0x67, 0x6c, 0x5f, 0x46, 0x72, 0x61, 0x67,
  0x43, 0x6f, 0x6c, 0x6f, 0x72, 0x20, 0x3d, 0x20, 0x75, 0x5f, 0x43, 0x6f,
  0x6c, 0x6f, 0x72, 0x3b, 0x0a, 0x09, 0x67, 0x6c, 0x5f, 0x46, 0x72, 0x61,
  0x67, 0x43, 0x6f, 0x6c, 0x6f, 0x72, 0x2e, 0x61, 0x20, 0x3d, 0x20, 0x73,
  0x71, 0x72, 0x74, 0x28, 0x63, 0x6c, 0x61, 0x6d, 0x70, 0x28, 0x76, 0x61,
  0x72, 0x5f, 0x53, 0x63, 0x61, 0x6c, 0x65, 0x2c, 0x20, 0x30, 0x2e, 0x30,
  0x2c, 0x20, 0x31, 0x2e, 0x30, 0x29, 0x29, 0x3b, 0x0a, 0x7d, 0x0a
};
unsigned int fallbackShader_fogpass_fp_len = 143;
unsigned char fallbackShader_fogpass_vp[] = {
  0x61, 0x74, 0x74, 0x72, 0x69, 0x62, 0x75, 0x74, 0x65, 0x20, 0x76, 0x65,
  0x63, 0x33, 0x20, 0x20, 0x61, 0x74, 0x74, 0x72, 0x5f, 0x50, 0x6f, 0x73,
  0x69, 0x74, 0x69, 0x6f, 0x6e, 0x3b, 0x0a, 0x61, 0x74, 0x74, 0x72, 0x69,
  0x62, 0x75, 0x74, 0x65, 0x20, 0x76, 0x65, 0x63, 0x33, 0x20, 0x20, 0x61,
  0x74, 0x74, 0x72, 0x5f, 0x4e, 0x6f, 0x72, 0x6d, 0x61, 0x6c, 0x3b, 0x0a,
  0x0a, 0x61, 0x74, 0x74, 0x72, 0x69, 0x62, 0x75, 0x74, 0x65, 0x20, 0x76,
  0x65, 0x63, 0x34, 0x20, 0x20, 0x61, 0x74, 0x74, 0x72, 0x5f, 0x54, 0x65,
  0x78, 0x43, 0x6f, 0x6f, 0x72, 0x64, 0x30, 0x3b, 0x0a, 0x0a, 0x23, 0x69,
  0x66, 0x20, 0x64, 0x65, 0x66, 0x69, 0x6e, 0x65, 0x64, 0x28, 0x55, 0x53,
  0x45, 0x5f, 0x56, 0x45, 0x52, 0x54, 0x45, 0x58, 0x5f, 0x41, 0x4e, 0x49,
  0x4d, 0x41, 0x54, 0x49, 0x4f, 0x4e, 0x29, 0x0a, 0x61, 0x74, 0x74, 0x72,
  0x69, 0x62, 0x75, 0x74, 0x65, 0x20, 0x76, 0x65, 0x63, 0x33, 0x20, 0x20,
  0x61, 0x74, 0x74, 0x72, 0x5f, 0x50, 0x6f, 0x73, 0x69, 0x74, 0x69, 0x6f,
  0x6e, 0x32, 0x3b, 0x0a, 0x61, 0x74, 0x74, 0x72, 0x69, 0x62, 0x75, 0x74,
  0x65, 0x20, 0x76, 0x65, 0x63, 0x33, 0x20, 0x20, 0x61, 0x74, 0x74, 0x72,
  0x5f, 0x4e, 0x6f, 0x72, 0x6d, 0x61, 0x6c, 0x32, 0x3b, 0x0a, 0x23, 0x65,
  0x6c, 0x69, 0x66, 0x20, 0x64, 0x65, 0x66, 0x69, 0x6e, 0x65, 0x64, 0x28,
  0x55, 0x53, 0x45, 0x5f, 0x42, 0x4f, 0x4e, 0x45, 0x5f, 0x41, 0x4e, 0x49,
  0x4d, 0x41, 0x54, 0x49, 0x4f, 0x4e, 0x29, 0x0a, 0x61, 0x74, 0x74, 0x72,
  0x69, 0x62, 0x75, 0x74, 0x65, 0x20, 0x76, 0x65, 0x63, 0x34, 0x20, 0x61,
  0x74, 0x74, 0x72, 0x5f, 0x42, 0x6f, 0x6e, 0x65, 0x49, 0x6e, 0x64, 0x65,
  0x78, 0x65, 0x73, 0x3b, 0x0a, 0x61, 0x74, 0x74, 0x72, 0x69, 0x62, 0x75,
  0x74, 0x65, 0x20, 0x76, 0x65, 0x63, 0x34, 0x20, 0x61, 0x74, 0x74, 0x72,
  0x5f, 0x42, 0x6f, 0x6e, 0x65, 0x57, 0x65, 0x69, 0x67, 0x68, 0x74, 0x73,
  0x3b, 0x0a, 0x23, 0x65, 0x6e, 0x64, 0x69, 0x66, 0x0a, 0x0a, 0x75, 0x6e,
  0x69, 0x66, 0x6f, 0x72, 0x6d, 0x20, 0x76, 0x65, 0x63, 0x34, 0x20, 0x20,
  0x20, 0x20, 0x75, 0x5f, 0x46, 0x6f, 0x67, 0x44, 0x69, 0x73, 0x74, 0x61,
  0x6e, 0x63, 0x65, 0x3b, 0x0a, 0x75, 0x6e, 0x69, 0x66, 0x6f, 0x72, 0x6d,
  0x20, 0x76, 0x65, 0x63, 0x34, 0x20, 0x20, 0x20, 0x20, 0x75, 0x5f, 0x46,
  0x6f, 0x67, 0x44, 0x65, 0x70, 0x74, 0x68, 0x3b, 0x0a, 0x75, 0x6e, 0x69,
  0x66, 0x6f, 0x72, 0x6d, 0x20, 0x66, 0x6c, 0x6f, 0x61, 0x74, 0x20, 0x20,
  0x20, 0x75, 0x5f, 0x46, 0x6f, 0x67, 0x45, 0x79, 0x65, 0x54, 0x3b, 0x0a,
  0x0a, 0x23, 0x69, 0x66, 0x20, 0x64, 0x65, 0x66, 0x69, 0x6e, 0x65, 0x64,
  0x28, 0x55, 0x53, 0x45, 0x5f, 0x44, 0x45, 0x46, 0x4f, 0x52, 0x4d, 0x5f,
  0x56, 0x45, 0x52, 0x54, 0x45, 0x58, 0x45, 0x53, 0x29, 0x0a, 0x75, 0x6e,
  0x69, 0x66, 0x6f, 0x72, 0x6d, 0x20, 0x69, 0x6e, 0x74, 0x20, 0x20, 0x20,
  0x20, 0x20, 0x75, 0x5f, 0x44, 0x65, 0x66, 0x6f, 0x72, 0x6d, 0x47, 0x65,
  0x6e, 0x3b, 0x0a, 0x75, 0x6e, 0x69, 0x66, 0x6f, 0x72, 0x6d, 0x20, 0x66,
  0x6c, 0x6f, 0x61, 0x74, 0x20, 0x20, 0x20, 0x75, 0x5f, 0x44, 0x65, 0x66,
  0x6f, 0x72, 0x6d, 0x50, 0x61, 0x72, 0x61, 0x6d, 0x73, 0x5b, 0x35, 0x5d,
  0x3b, 0x0a, 0x23, 0x65, 0x6e, 0x64, 0x69, 0x66, 0x0a, 0x0a, 0x75, 0x6e,
  0x69, 0x66, 0x6f, 0x72, 0x6d, 0x20, 0x66, 0x6c, 0x6f, 0x61, 0x74, 0x20,
  0x20, 0x20, 0x75, 0x5f, 0x54, 0x69, 0x6d, 0x65, 0x3b, 0x0a, 0x75, 0x6e,
  0x69, 0x66, 0x6f, 0x72, 0x6d, 0x20, 0x6d, 0x61, 0x74, 0x34, 0x20, 0x20,
  0x20, 0x20, 0x75, 0x5f, 0x4d, 0x6f, 0x64, 0x65, 0x6c, 0x56, 0x69, 0x65,
  0x77, 0x50, 0x72, 0x6f, 0x6a, 0x65, 0x63, 0x74, 0x69, 0x6f, 0x6e, 0x4d,
  0x61, 0x74, 0x72, 0x69, 0x78, 0x3b, 0x0a, 0x0a, 0x23, 0x69, 0x66, 0x20,
  0x64, 0x65, 0x66, 0x69, 0x6e, 0x65, 0x64, 0x28, 0x55, 0x53, 0x45, 0x5f,
  0x56, 0x45, 0x52, 0x54, 0x45, 0x58, 0x5f, 0x41, 0x4e, 0x49, 0x4d, 0x41,
  0x54, 0x49, 0x4f, 0x4e, 0x29, 0x0a, 0x75, 0x6e, 0x69, 0x66, 0x6f, 0x72,
  0x6d, 0x20, 0x66, 0x6c, 0x6f, 0x61, 0x74, 0x20, 0x20, 0x20, 0x75, 0x5f,
  0x56, 0x65, 0x72, 0x74, 0x65, 0x78, 0x4c, 0x65, 0x72, 0x70, 0x3b, 0x0a,
  0x23, 0x65, 0x6c, 0x69, 0x66, 0x20, 0x64, 0x65, 0x66, 0x69, 0x6e, 0x65,
  0x64, 0x28, 0x55, 0x53, 0x45, 0x5f, 0x42, 0x4f, 0x4e, 0x45, 0x5f, 0x41,
  0x4e, 0x49, 0x4d, 0x41, 0x54, 0x49, 0x4f, 0x4e, 0x29, 0x0a, 0x75, 0x6e,
  0x69, 0x66, 0x6f, 0x72, 0x6d, 0x20, 0x6d, 0x61, 0x74, 0x34, 0x20, 0x75,
  0x5f, 0x42, 0x6f, 0x6e, 0x65, 0x4d, 0x61, 0x74, 0x72, 0x69, 0x78, 0x5b,
  0x4d, 0x41, 0x58, 0x5f, 0x47, 0x4c, 0x53, 0x4c, 0x5f, 0x42, 0x4f, 0x4e,
  0x45, 0x53, 0x5d, 0x3b, 0x0a, 0x23, 0x65, 0x6e, 0x64, 0x69, 0x66, 0x0a,
  0x0a, 0x75, 0x6e, 0x69, 0x66, 0x6f, 0x72, 0x6d, 0x20, 0x76, 0x65, 0x63,
  0x34, 0x20, 0x20, 0x75, 0x5f, 0x43, 0x6f, 0x6c, 0x6f, 0x72, 0x3b, 0x0a,
  0x0a, 0x76, 0x61, 0x72, 0x79, 0x69, 0x6e, 0x67, 0x20, 0x66, 0x6c, 0x6f,
  0x61, 0x74, 0x20, 0x20, 0x20, 0x76, 0x61, 0x72, 0x5f, 0x53, 0x63, 0x61,
  0x6c, 0x65, 0x3b, 0x0a, 0x0a, 0x23, 0x69, 0x66, 0x20, 0x64, 0x65, 0x66,
  0x69, 0x6e, 0x65, 0x64, 0x28, 0x55, 0x53, 0x45, 0x5f, 0x44, 0x45, 0x46,
  0x4f, 0x52, 0x4d, 0x5f, 0x56, 0x45, 0x52, 0x54, 0x45, 0x58, 0x45, 0x53,
  0x29, 0x0a, 0x76, 0x65, 0x63, 0x33, 0x20, 0x44, 0x65, 0x66, 0x6f, 0x72,
  0x6d, 0x50, 0x6f, 0x73, 0x69, 0x74, 0x69, 0x6f, 0x6e, 0x28, 0x63, 0x6f,
  0x6e, 0x73, 0x74, 0x20, 0x76, 0x65, 0x63, 0x33, 0x20, 0x70, 0x6f, 0x73,
  0x2c, 0x20, 0x63, 0x6f, 0x6e, 0x73, 0x74, 0x20, 0x76, 0x65, 0x63, 0x33,
  0x20, 0x6e, 0x6f, 0x72, 0x6d, 0x61, 0x6c, 0x2c, 0x20, 0x63, 0x6f, 0x6e,
  0x73, 0x74, 0x20, 0x76, 0x65, 0x63, 0x32, 0x20, 0x73, 0x74, 0x29, 0x0a,
  0x7b, 0x0a, 0x09, 0x69, 0x66, 0x20, 0x28, 0x75, 0x5f, 0x44, 0x65, 0x66,
  0x6f, 0x72, 0x6d, 0x47, 0x65, 0x6e, 0x20, 0x3d, 0x3d, 0x20, 0x30, 0x29,
  0x0a, 0x09, 0x7b, 0x0a, 0x09, 0x09, 0x72, 0x65, 0x74, 0x75, 0x72, 0x6e,
  0x20, 0x70, 0x6f, 0x73, 0x3b, 0x0a, 0x09, 0x7d, 0x0a, 0x0a, 0x09, 0x66,
  0x6c, 0x6f, 0x61, 0x74, 0x20, 0x62, 0x61, 0x73, 0x65, 0x20, 0x3d, 0x20,
  0x20, 0x20, 0x20, 0x20, 0x20, 0x75, 0x5f, 0x44, 0x65, 0x66, 0x6f, 0x72,
  0x6d, 0x50, 0x61, 0x72, 0x61, 0x6d, 0x73, 0x5b, 0x30, 0x5d, 0x3b, 0x0a,
  0x09, 0x66, 0x6c, 0x6f, 0x61, 0x74, 0x20, 0x61, 0x6d, 0x70, 0x6c, 0x69,
  0x74, 0x75, 0x64, 0x65, 0x20, 0x3d, 0x20, 0x75, 0x5f, 0x44, 0x65, 0x66,
  0x6f, 0x72, 0x6d, 0x50, 0x61, 0x72, 0x61, 0x6d, 0x73, 0x5b, 0x31, 0x5d,
  0x3b, 0x0a, 0x09, 0x66, 0x6c, 0x6f, 0x61, 0x74, 0x20, 0x70, 0x68, 0x61,
  0x73, 0x65, 0x20, 0x3d, 0x20, 0x20, 0x20, 0x20, 0x20, 0x75, 0x5f, 0x44,
  0x65, 0x66, 0x6f, 0x72, 0x6d, 0x50, 0x61, 0x72, 0x61, 0x6d, 0x73, 0x5b,
  0x32, 0x5d, 0x3b, 0x0a, 0x09, 0x66, 0x6c, 0x6f, 0x61, 0x74, 0x20, 0x66,
  0x72, 0x65, 0x71, 0x75, 0x65, 0x6e, 0x63, 0x79, 0x20, 0x3d, 0x20, 0x75,
  0x5f, 0x44, 0x65, 0x66, 0x6f, 0x72, 0x6d, 0x50, 0x61, 0x72, 0x61, 0x6d,
  0x73, 0x5b, 0x33, 0x5d, 0x3b, 0x0a, 0x09, 0x66, 0x6c, 0x6f, 0x61, 0x74,
  0x20, 0x73, 0x70, 0x72, 0x65, 0x61, 0x64, 0x20, 0x3d, 0x20, 0x20, 0x20,
  0x20, 0x75, 0x5f, 0x44, 0x65, 0x66, 0x6f, 0x72, 0x6d, 0x50, 0x61, 0x72,
  0x61, 0x6d, 0x73, 0x5b, 0x34, 0x5d, 0x3b, 0x0a, 0x0a, 0x09, 0x69, 0x66,
  0x20, 0x28, 0x75, 0x5f, 0x44, 0x65, 0x66, 0x6f, 0x72, 0x6d, 0x47, 0x65,
  0x6e, 0x20, 0x3d, 0x3d, 0x20, 0x44, 0x47, 0x45, 0x4e, 0x5f, 0x42, 0x55,
  0x4c, 0x47, 0x45, 0x29, 0x0a, 0x09, 0x7b, 0x0a, 0x09, 0x09, 0x70, 0x68,
  0x61, 0x73, 0x65, 0x20, 0x2a, 0x3d, 0x20, 0x73, 0x74, 0x2e, 0x78, 0x3b,
  0x0a, 0x09, 0x7d, 0x0a, 0x09, 0x65, 0x6c, 0x73, 0x65, 0x20, 0x2f, 0x2f,
  0x20, 0x69, 0x66, 0x20, 0x28, 0x75, 0x5f, 0x44, 0x65, 0x66, 0x6f, 0x72,
  0x6d, 0x47, 0x65, 0x6e, 0x20, 0x3c, 0x3d, 0x20, 0x44, 0x47, 0x45, 0x4e,
  0x5f, 0x57, 0x41, 0x56, 0x45, 0x5f, 0x49, 0x4e, 0x56, 0x45, 0x52, 0x53,
  0x45, 0x5f, 0x53, 0x41, 0x57, 0x54, 0x4f, 0x4f, 0x54, 0x48, 0x29, 0x0a,
  0x09, 0x7b, 0x0a, 0x09, 0x09, 0x70, 0x68, 0x61, 0x73, 0x65, 0x20, 0x2b,
  0x3d, 0x20, 0x64, 0x6f, 0x74, 0x28, 0x70, 0x6f, 0x73, 0x2e, 0x78, 0x79,
  0x7a, 0x2c, 0x20, 0x76, 0x65, 0x63, 0x33, 0x28, 0x73, 0x70, 0x72, 0x65,
  0x61, 0x64, 0x29, 0x29, 0x3b, 0x0a, 0x09, 0x7d, 0x0a, 0x0a, 0x09, 0x66,
  0x6c, 0x6f, 0x61, 0x74, 0x20, 0x76, 0x61, 0x6c, 0x75, 0x65, 0x20, 0x3d,
  0x20, 0x70, 0x68, 0x61, 0x73, 0x65, 0x20, 0x2b, 0x20, 0x28, 0x75, 0x5f,
  0x54, 0x69, 0x6d, 0x65, 0x20, 0x2a, 0x20, 0x66, 0x72, 0x65, 0x71, 0x75,
  0x65, 0x6e, 0x63, 0x79, 0x29, 0x3b, 0x0a, 0x09, 0x66, 0x6c, 0x6f, 0x61,
  0x74, 0x20, 0x66, 0x75, 0x6e, 0x63, 0x3b, 0x0a, 0x0a, 0x09, 0x69, 0x66,
  0x20, 0x28, 0x75, 0x5f, 0x44, 0x65, 0x66, 0x6f, 0x72, 0x6d, 0x47, 0x65,
  0x6e, 0x20, 0x3d, 0x3d, 0x20, 0x44, 0x47, 0x45, 0x4e, 0x5f, 0x57, 0x41,
  0x56, 0x45, 0x5f, 0x53, 0x49, 0x4e, 0x29, 0x0a, 0x09, 0x7b, 0x0a, 0x09,
  0x09, 0x66, 0x75, 0x6e, 0x63, 0x20, 0x3d, 0x20, 0x73, 0x69, 0x6e, 0x28,
  0x76, 0x61, 0x6c, 0x75, 0x65, 0x20, 0x2a, 0x20, 0x32, 0x2e, 0x30, 0x20,
  0x2a, 0x20, 0x4d, 0x5f, 0x50, 0x49, 0x29, 0x3b, 0x0a, 0x09, 0x7d, 0x0a,
  0x09, 0x65, 0x6c, 0x73, 0x65, 0x20, 0x69, 0x66, 0x20, 0x28, 0x75, 0x5f,
  0x44, 0x65, 0x66, 0x6f, 0x72, 0x6d, 0x47, 0x65, 0x6e, 0x20, 0x3d, 0x3d,
  0x20, 0x44, 0x47, 0x45, 0x4e, 0x5f, 0x57, 0x41, 0x56, 0x45, 0x5f, 0x53,
  0x51, 0x55, 0x41, 0x52, 0x45, 0x29, 0x0a, 0x09, 0x7b, 0x0a, 0x09, 0x09,
  0x66, 0x75, 0x6e, 0x63, 0x20, 0x3d, 0x20, 0x73, 0x69, 0x67, 0x6e, 0x28,
  0x30, 0x2e, 0x35, 0x20, 0x2d, 0x20, 0x66, 0x72, 0x61, 0x63, 0x74, 0x28,
  0x76, 0x61, 0x6c, 0x75, 0x65, 0x29, 0x29, 0x3b, 0x0a, 0x09, 0x7d, 0x0a,
  0x09, 0x65, 0x6c, 0x73, 0x65, 0x20, 0x69, 0x66, 0x20, 0x28, 0x75, 0x5f,
  0x44, 0x65, 0x66, 0x6f, 0x72, 0x6d, 0x47, 0x65, 0x6e, 0x20, 0x3d, 0x3d,
  0x20, 0x44, 0x47, 0x45, 0x4e, 0x5f, 0x57, 0x41, 0x56, 0x45, 0x5f, 0x54,
  0x52, 0x49, 0x41, 0x4e, 0x47, 0x4c, 0x45, 0x29, 0x0a, 0x09, 0x7b, 0x0a,
  0x09, 0x09, 0x66, 0x75, 0x6e, 0x63, 0x20, 0x3d, 0x20, 0x61, 0x62, 0x73,
  0x28, 0x66, 0x72, 0x61, 0x63, 0x74, 0x28, 0x76, 0x61, 0x6c, 0x75, 0x65,
  0x20, 0x2b, 0x20, 0x30, 0x2e, 0x37, 0x35, 0x29, 0x20, 0x2d, 0x20, 0x30,
  0x2e, 0x35, 0x29, 0x20, 0x2a, 0x20, 0x34, 0x2e, 0x30, 0x20, 0x2d, 0x20,
  0x31, 0x2e, 0x30, 0x3b, 0x0a, 0x09, 0x7d, 0x0a, 0x09, 0x65, 0x6c, 0x73,
  0x65, 0x20, 0x69, 0x66, 0x20, 0x28, 0x75, 0x5f, 0x44, 0x65, 0x66, 0x6f,
  0x72, 0x6d, 0x47, 0x65, 0x6e, 0x20, 0x3d, 0x3d, 0x20, 0x44, 0x47, 0x45,
  0x4e, 0x5f, 0x57, 0x41, 0x56, 0x45, 0x5f, 0x53, 0x41, 0x57, 0x54, 0x4f,
  0x4f, 0x54, 0x48, 0x29, 0x0a, 0x09, 0x7b, 0x0a, 0x09, 0x09, 0x66, 0x75,
  0x6e, 0x63, 0x20, 0x3d, 0x20, 0x66, 0x72, 0x61, 0x63, 0x74, 0x28, 0x76,
  0x61, 0x6c, 0x75, 0x65, 0x29, 0x3b, 0x0a, 0x09, 0x7d, 0x0a, 0x09, 0x65,
  0x6c, 0x73, 0x65, 0x20, 0x69, 0x66, 0x20, 0x28, 0x75, 0x5f, 0x44, 0x65,
  0x66, 0x6f, 0x72, 0x6d, 0x47, 0x65, 0x6e, 0x20, 0x3d, 0x3d, 0x20, 0x44,
  0x47, 0x45, 0x4e, 0x5f, 0x57, 0x41, 0x56, 0x45, 0x5f, 0x49, 0x4e, 0x56,
  0x45, 0x52, 0x53, 0x45, 0x5f, 0x53, 0x41, 0x57, 0x54, 0x4f, 0x4f, 0x54,
  0x48, 0x29, 0x0a, 0x09, 0x7b, 0x0a, 0x09, 0x09, 0x66, 0x75, 0x6e, 0x63,
  0x20, 0x3d, 0x20, 0x28, 0x31, 0x2e, 0x30, 0x20, 0x2d, 0x20, 0x66, 0x72,
  0x61, 0x63, 0x74, 0x28, 0x76, 0x61, 0x6c, 0x75, 0x65, 0x29, 0x29, 0x3b,
  0x0a, 0x09, 0x7d, 0x0a, 0x09, 0x65, 0x6c, 0x73, 0x65, 0x20, 0x2f, 0x2f,
  0x20, 0x69, 0x66, 0x20, 0x28, 0x75, 0x5f, 0x44, 0x65, 0x66, 0x6f, 0x72,
  0x6d, 0x47, 0x65, 0x6e, 0x20, 0x3d, 0x3d, 0x20, 0x44, 0x47, 0x45, 0x4e,
  0x5f, 0x42, 0x55, 0x4c, 0x47, 0x45, 0x29, 0x0a, 0x09, 0x7b, 0x0a, 0x09,
  0x09, 0x66, 0x75, 0x6e, 0x63, 0x20, 0x3d, 0x20, 0x73, 0x69, 0x6e, 0x28,
  0x76, 0x61, 0x6c, 0x75, 0x65, 0x29, 0x3b, 0x0a, 0x09, 0x7d, 0x0a, 0x0a,
  0x09, 0x72, 0x65, 0x74, 0x75, 0x72, 0x6e, 0x20, 0x70, 0x6f, 0x73, 0x20,
  0x2b, 0x20, 0x6e, 0x6f, 0x72, 0x6d, 0x61, 0x6c, 0x20, 0x2a, 0x20, 0x28,
  0x62, 0x61, 0x73, 0x65, 0x20, 0x2b, 0x20, 0x66, 0x75, 0x6e, 0x63, 0x20,
  0x2a, 0x20, 0x61, 0x6d, 0x70, 0x6c, 0x69, 0x74, 0x75, 0x64, 0x65, 0x29,
  0x3b, 0x0a, 0x7d, 0x0a, 0x23, 0x65, 0x6e, 0x64, 0x69, 0x66, 0x0a, 0x0a,
  0x66, 0x6c, 0x6f, 0x61, 0x74, 0x20, 0x43, 0x61, 0x6c, 0x63, 0x46, 0x6f,
  0x67, 0x28, 0x76, 0x65, 0x63, 0x33, 0x20, 0x70, 0x6f, 0x73, 0x69, 0x74,
  0x69, 0x6f, 0x6e, 0x29, 0x0a, 0x7b, 0x0a, 0x09, 0x66, 0x6c, 0x6f, 0x61,
  0x74, 0x20, 0x73, 0x20, 0x3d, 0x20, 0x64, 0x6f, 0x74, 0x28, 0x76, 0x65,
  0x63, 0x34, 0x28, 0x70, 0x6f, 0x73, 0x69, 0x74, 0x69, 0x6f, 0x6e, 0x2c,
  0x20, 0x31, 0x2e, 0x30, 0x29, 0x2c, 0x20, 0x75, 0x5f, 0x46, 0x6f, 0x67,
  0x44, 0x69, 0x73, 0x74, 0x61, 0x6e, 0x63, 0x65, 0x29, 0x20, 0x2a, 0x20,
  0x38, 0x2e, 0x30, 0x3b, 0x0a, 0x09, 0x66, 0x6c, 0x6f, 0x61, 0x74, 0x20,
  0x74, 0x20, 0x3d, 0x20, 0x64, 0x6f, 0x74, 0x28, 0x76, 0x65, 0x63, 0x34,
  0x28, 0x70, 0x6f, 0x73, 0x69, 0x74, 0x69, 0x6f, 0x6e, 0x2c, 0x20, 0x31,
  0x2e, 0x30, 0x29, 0x2c, 0x20, 0x75, 0x5f, 0x46, 0x6f, 0x67, 0x44, 0x65,
  0x70, 0x74, 0x68, 0x29, 0x3b, 0x0a, 0x0a, 0x09, 0x66, 0x6c, 0x6f, 0x61,
  0x74, 0x20, 0x65, 0x79, 0x65, 0x4f, 0x75, 0x74, 0x73, 0x69, 0x64, 0x65,
  0x20, 0x3d, 0x20, 0x66, 0x6c, 0x6f, 0x61, 0x74, 0x28, 0x75, 0x5f, 0x46,
  0x6f, 0x67, 0x45, 0x79, 0x65, 0x54, 0x20, 0x3c, 0x20, 0x30, 0x2e, 0x30,
  0x29, 0x3b, 0x0a, 0x09, 0x66, 0x6c, 0x6f, 0x61, 0x74, 0x20, 0x66, 0x6f,
  0x67, 0x67, 0x65, 0x64, 0x20, 0x3d, 0x20, 0x66, 0x6c, 0x6f, 0x61, 0x74,
  0x28, 0x74, 0x20, 0x3e, 0x3d, 0x20, 0x65, 0x79, 0x65, 0x4f, 0x75, 0x74,
  0x73, 0x69, 0x64, 0x65, 0x29, 0x3b, 0x0a, 0x0a, 0x09, 0x74, 0x20, 0x2b,
  0x3d, 0x20, 0x31, 0x65, 0x2d, 0x36, 0x3b, 0x0a, 0x09, 0x74, 0x20, 0x2a,
  0x3d, 0x20, 0x66, 0x6f, 0x67, 0x67, 0x65, 0x64, 0x20, 0x2f, 0x20, 0x28,
  0x74, 0x20, 0x2d, 0x20, 0x75, 0x5f, 0x46, 0x6f, 0x67, 0x45, 0x79, 0x65,
  0x54, 0x20, 0x2a, 0x20, 0x65, 0x79, 0x65, 0x4f, 0x75, 0x74, 0x73, 0x69,
  0x64, 0x65, 0x29, 0x3b, 0x0a, 0x0a, 0x09, 0x72, 0x65, 0x74, 0x75, 0x72,
  0x6e, 0x20, 0x73, 0x20, 0x2a, 0x20, 0x74, 0x3b, 0x0a, 0x7d, 0x0a, 0x0a,
  0x76, 0x6f, 0x69, 0x64, 0x20, 0x6d, 0x61, 0x69, 0x6e, 0x28, 0x29, 0x0a,
  0x7b, 0x0a, 0x23, 0x69, 0x66, 0x20, 0x64, 0x65, 0x66, 0x69, 0x6e, 0x65,
  0x64, 0x28, 0x55, 0x53, 0x45, 0x5f, 0x56, 0x45, 0x52, 0x54, 0x45, 0x58,
  0x5f, 0x41, 0x4e, 0x49, 0x4d, 0x41, 0x54, 0x49, 0x4f, 0x4e, 0x29, 0x0a,
  0x09, 0x76, 0x65, 0x63, 0x33, 0x20, 0x70, 0x6f, 0x73, 0x69, 0x74, 0x69,
  0x6f, 0x6e, 0x20, 0x3d, 0x20, 0x6d, 0x69, 0x78, 0x28, 0x61, 0x74, 0x74,
  0x72, 0x5f, 0x50, 0x6f, 0x73, 0x69, 0x74, 0x69, 0x6f, 0x6e, 0x2c, 0x20,
  0x61, 0x74, 0x74, 0x72, 0x5f, 0x50, 0x6f, 0x73, 0x69, 0x74, 0x69, 0x6f,
  0x6e, 0x32, 0x2c, 0x20, 0x75, 0x5f, 0x56, 0x65, 0x72, 0x74, 0x65, 0x78,
  0x4c, 0x65, 0x72, 0x70, 0x29, 0x3b, 0x0a, 0x09, 0x76, 0x65, 0x63, 0x33,
  0x20, 0x6e, 0x6f, 0x72, 0x6d, 0x61, 0x6c, 0x20, 0x20, 0x20, 0x3d, 0x20,
  0x6d, 0x69, 0x78, 0x28, 0x61, 0x74, 0x74, 0x72, 0x5f, 0x4e, 0x6f, 0x72,
  0x6d, 0x61, 0x6c, 0x2c, 0x20, 0x20, 0x20, 0x61, 0x74, 0x74, 0x72, 0x5f,
  0x4e, 0x6f, 0x72, 0x6d, 0x61, 0x6c, 0x32, 0x2c, 0x20, 0x20, 0x20, 0x75,
  0x5f, 0x56, 0x65, 0x72, 0x74, 0x65, 0x78, 0x4c, 0x65, 0x72, 0x70, 0x29,
  0x3b, 0x0a, 0x23, 0x65, 0x6c, 0x69, 0x66, 0x20, 0x64, 0x65, 0x66, 0x69,
  0x6e, 0x65, 0x64, 0x28, 0x55, 0x53, 0x45, 0x5f, 0x42, 0x4f, 0x4e, 0x45,
  0x5f, 0x41, 0x4e, 0x49, 0x4d, 0x41, 0x54, 0x49, 0x4f, 0x4e, 0x29, 0x0a,
  0x09, 0x6d, 0x61, 0x74, 0x34, 0x20, 0x76, 0x74, 0x78, 0x4d, 0x61, 0x74,
  0x20, 0x20, 0x3d, 0x20, 0x75, 0x5f, 0x42, 0x6f, 0x6e, 0x65, 0x4d, 0x61,
  0x74, 0x72, 0x69, 0x78, 0x5b, 0x69, 0x6e, 0x74, 0x28, 0x61, 0x74, 0x74,
  0x72, 0x5f, 0x42, 0x6f, 0x6e, 0x65, 0x49, 0x6e, 0x64, 0x65, 0x78, 0x65,
  0x73, 0x2e, 0x78, 0x29, 0x5d, 0x20, 0x2a, 0x20, 0x61, 0x74, 0x74, 0x72,
  0x5f, 0x42, 0x6f, 0x6e, 0x65, 0x57, 0x65, 0x69, 0x67, 0x68, 0x74, 0x73,
  0x2e, 0x78, 0x3b, 0x0a, 0x09, 0x20, 0x20, 0x20, 0x20, 0x20, 0x76, 0x74,
  0x78, 0x4d, 0x61, 0x74, 0x20, 0x2b, 0x3d, 0x20, 0x75, 0x5f, 0x42, 0x6f,
  0x6e, 0x65, 0x4d, 0x61, 0x74, 0x72, 0x69, 0x78, 0x5b, 0x69, 0x6e, 0x74,
  0x28, 0x61, 0x74, 0x74, 0x72, 0x5f, 0x42, 0x6f, 0x6e, 0x65, 0x49, 0x6e,
  0x64, 0x65, 0x78, 0x65, 0x73, 0x2e, 0x79, 0x29, 0x5d, 0x20, 0x2a, 0x20,
  0x61, 0x74, 0x74, 0x72, 0x5f, 0x42, 0x6f, 0x6e, 0x65, 0x57, 0x65, 0x69,
  0x67, 0x68, 0x74, 0x73, 0x2e, 0x79, 0x3b, 0x0a, 0x09, 0x20, 0x20, 0x20,
  0x20, 0x20, 0x76, 0x74, 0x78, 0x4d, 0x61, 0x74, 0x20, 0x2b, 0x3d, 0x20,
  0x75, 0x5f, 0x42, 0x6f, 0x6e, 0x65, 0x4d, 0x61, 0x74, 0x72, 0x69, 0x78,
  0x5b, 0x69, 0x6e, 0x74, 0x28, 0x61, 0x74, 0x74, 0x72, 0x5f, 0x42, 0x6f,
  0x6e, 0x65, 0x49, 0x6e, 0x64, 0x65, 0x78, 0x65, 0x73, 0x2e, 0x7a, 0x29,
  0x5d, 0x20, 0x2a, 0x20, 0x61, 0x74, 0x74, 0x72, 0x5f, 0x42, 0x6f, 0x6e,
  0x65, 0x57, 0x65, 0x69, 0x67, 0x68, 0x74, 0x73, 0x2e, 0x7a, 0x3b, 0x0a,
  0x09, 0x20, 0x20, 0x20, 0x20, 0x20, 0x76, 0x74, 0x78, 0x4d, 0x61, 0x74,
  0x20, 0x2b, 0x3d, 0x20, 0x75, 0x5f, 0x42, 0x6f, 0x6e, 0x65, 0x4d, 0x61,
  0x74, 0x72, 0x69, 0x78, 0x5b, 0x69, 0x6e, 0x74, 0x28, 0x61, 0x74, 0x74,
  0x72, 0x5f, 0x42, 0x6f, 0x6e, 0x65, 0x49, 0x6e, 0x64, 0x65, 0x78, 0x65,
  0x73, 0x2e, 0x77, 0x29, 0x5d, 0x20, 0x2a, 0x20, 0x61, 0x74, 0x74, 0x72,
  0x5f, 0x42, 0x6f, 0x6e, 0x65, 0x57, 0x65, 0x69, 0x67, 0x68, 0x74, 0x73,
  0x2e, 0x77, 0x3b, 0x0a, 0x09, 0x6d, 0x61, 0x74, 0x33, 0x20, 0x6e, 0x72,
  0x6d, 0x4d, 0x61, 0x74, 0x20, 0x3d, 0x20, 0x6d, 0x61, 0x74, 0x33, 0x28,
  0x63, 0x72, 0x6f, 0x73, 0x73, 0x28, 0x76, 0x74, 0x78, 0x4d, 0x61, 0x74,
  0x5b, 0x31, 0x5d, 0x2e, 0x78, 0x79, 0x7a, 0x2c, 0x20, 0x76, 0x74, 0x78,
  0x4d, 0x61, 0x74, 0x5b, 0x32, 0x5d, 0x2e, 0x78, 0x79, 0x7a, 0x29, 0x2c,
  0x20, 0x63, 0x72, 0x6f, 0x73, 0x73, 0x28, 0x76, 0x74, 0x78, 0x4d, 0x61,
  0x74, 0x5b, 0x32, 0x5d, 0x2e, 0x78, 0x79, 0x7a, 0x2c, 0x20, 0x76, 0x74,
  0x78, 0x4d, 0x61, 0x74, 0x5b, 0x30, 0x5d, 0x2e, 0x78, 0x79, 0x7a, 0x29,
  0x2c, 0x20, 0x63, 0x72, 0x6f, 0x73, 0x73, 0x28, 0x76, 0x74, 0x78, 0x4d,
  0x61, 0x74, 0x5b, 0x30, 0x5d, 0x2e, 0x78, 0x79, 0x7a, 0x2c, 0x20, 0x76,
  0x74, 0x78, 0x4d, 0x61, 0x74, 0x5b, 0x31, 0x5d, 0x2e, 0x78, 0x79, 0x7a,
  0x29, 0x29, 0x3b, 0x0a, 0x0a, 0x09, 0x76, 0x65, 0x63, 0x33, 0x20, 0x70,
  0x6f, 0x73, 0x69, 0x74, 0x69, 0x6f, 0x6e, 0x20, 0x20, 0x3d, 0x20, 0x76,
  0x65, 0x63, 0x33, 0x28, 0x76, 0x74, 0x78, 0x4d, 0x61, 0x74, 0x20, 0x2a,
  0x20, 0x76, 0x65, 0x63, 0x34, 0x28, 0x61, 0x74, 0x74, 0x72, 0x5f, 0x50,
  0x6f, 0x73, 0x69, 0x74, 0x69, 0x6f, 0x6e, 0x2c, 0x20, 0x31, 0x2e, 0x30,
  0x29, 0x29, 0x3b, 0x0a, 0x09, 0x76, 0x65, 0x63, 0x33, 0x20, 0x6e, 0x6f,
  0x72, 0x6d, 0x61, 0x6c, 0x20, 0x20, 0x20, 0x20, 0x3d, 0x20, 0x6e, 0x6f,
  0x72, 0x6d, 0x61, 0x6c, 0x69, 0x7a, 0x65, 0x28, 0x6e, 0x72, 0x6d, 0x4d,
  0x61, 0x74, 0x20, 0x2a, 0x20, 0x61, 0x74, 0x74, 0x72, 0x5f, 0x4e, 0x6f,
  0x72, 0x6d, 0x61, 0x6c, 0x29, 0x3b, 0x0a, 0x23, 0x65, 0x6c, 0x73, 0x65,
  0x0a, 0x09, 0x76, 0x65, 0x63, 0x33, 0x20, 0x70, 0x6f, 0x73, 0x69, 0x74,
  0x69, 0x6f, 0x6e, 0x20, 0x3d, 0x20, 0x61, 0x74, 0x74, 0x72, 0x5f, 0x50,
  0x6f, 0x73, 0x69, 0x74, 0x69, 0x6f, 0x6e, 0x3b, 0x0a, 0x09, 0x76, 0x65,
  0x63, 0x33, 0x20, 0x6e, 0x6f, 0x72, 0x6d, 0x61, 0x6c, 0x20, 0x20, 0x20,
  0x3d, 0x20, 0x61, 0x74, 0x74, 0x72, 0x5f, 0x4e, 0x6f, 0x72, 0x6d, 0x61,
  0x6c, 0x3b, 0x0a, 0x23, 0x65, 0x6e, 0x64, 0x69, 0x66, 0x0a, 0x0a, 0x23,
  0x69, 0x66, 0x20, 0x64, 0x65, 0x66, 0x69, 0x6e, 0x65, 0x64, 0x28, 0x55,
  0x53, 0x45, 0x5f, 0x44, 0x45, 0x46, 0x4f, 0x52, 0x4d, 0x5f, 0x56, 0x45,
  0x52, 0x54, 0x45, 0x58, 0x45, 0x53, 0x29, 0x0a, 0x09, 0x70, 0x6f, 0x73,
  0x69, 0x74, 0x69, 0x6f, 0x6e, 0x2e, 0x78, 0x79, 0x7a, 0x20, 0x3d, 0x20,
  0x44, 0x65, 0x66, 0x6f, 0x72, 0x6d, 0x50, 0x6f, 0x73, 0x69, 0x74, 0x69,
  0x6f, 0x6e, 0x28, 0x70, 0x6f, 0x73, 0x69, 0x74, 0x69, 0x6f, 0x6e, 0x2e,
  0x78, 0x79, 0x7a, 0x2c, 0x20, 0x6e, 0x6f, 0x72, 0x6d, 0x61, 0x6c, 0x2c,
  0x20, 0x61, 0x74, 0x74, 0x72, 0x5f, 0x54, 0x65, 0x78, 0x43, 0x6f, 0x6f,
  0x72, 0x64, 0x30, 0x2e, 0x73, 0x74, 0x29, 0x3b, 0x0a, 0x23, 0x65, 0x6e,
  0x64, 0x69, 0x66, 0x0a, 0x0a, 0x09, 0x67, 0x6c, 0x5f, 0x50, 0x6f, 0x73,
  0x69, 0x74, 0x69, 0x6f, 0x6e, 0x20, 0x3d, 0x20, 0x75, 0x5f, 0x4d, 0x6f,
  0x64, 0x65, 0x6c, 0x56, 0x69, 0x65, 0x77, 0x50, 0x72, 0x6f, 0x6a, 0x65,
  0x63, 0x74, 0x69, 0x6f, 0x6e, 0x4d, 0x61, 0x74, 0x72, 0x69, 0x78, 0x20,
  0x2a, 0x20, 0x76, 0x65, 0x63, 0x34, 0x28, 0x70, 0x6f, 0x73, 0x69, 0x74,
  0x69, 0x6f, 0x6e, 0x2c, 0x20, 0x31, 0x2e, 0x30, 0x29, 0x3b, 0x0a, 0x0a,
  0x09, 0x76, 0x61, 0x72, 0x5f, 0x53, 0x63, 0x61, 0x6c, 0x65, 0x20, 0x3d,
  0x20, 0x43, 0x61, 0x6c, 0x63, 0x46, 0x6f, 0x67, 0x28, 0x70, 0x6f, 0x73,
  0x69, 0x74, 0x69, 0x6f, 0x6e, 0x29, 0x20, 0x2a, 0x20, 0x75, 0x5f, 0x43,
  0x6f, 0x6c, 0x6f, 0x72, 0x2e, 0x61, 0x20, 0x2a, 0x20, 0x75, 0x5f, 0x43,
  0x6f, 0x6c, 0x6f, 0x72, 0x2e, 0x61, 0x3b, 0x0a, 0x7d, 0x0a
};
unsigned int fallbackShader_fogpass_vp_len = 3250;
unsigned char fallbackShader_generic_fp[] = {
  0x75, 0x6e, 0x69, 0x66, 0x6f, 0x72, 0x6d, 0x20, 0x73, 0x61, 0x6d, 0x70,
  0x6c, 0x65, 0x72, 0x32, 0x44, 0x20, 0x75, 0x5f, 0x44, 0x69, 0x66, 0x66,
  0x75, 0x73, 0x65, 0x4d, 0x61, 0x70, 0x3b, 0x0a, 0x0a, 0x75, 0x6e, 0x69,
  0x66, 0x6f, 0x72, 0x6d, 0x20, 0x69, 0x6e, 0x74, 0x20, 0x20, 0x20, 0x20,
  0x20, 0x20, 0x20, 0x75, 0x5f, 0x41, 0x6c, 0x70, 0x68, 0x61, 0x54, 0x65,
  0x73, 0x74, 0x3b, 0x0a, 0x0a, 0x76, 0x61, 0x72, 0x79, 0x69, 0x6e, 0x67,
  0x20, 0x76, 0x65, 0x63, 0x32, 0x20, 0x20, 0x20, 0x20, 0x20, 0x20, 0x76,
  0x61, 0x72, 0x5f, 0x44, 0x69, 0x66, 0x66, 0x75, 0x73, 0x65, 0x54, 0x65,
  0x78, 0x3b, 0x0a, 0x0a, 0x76, 0x61, 0x72, 0x79, 0x69, 0x6e, 0x67, 0x20,
  0x76, 0x65, 0x63, 0x34, 0x20, 0x20, 0x20, 0x20, 0x20, 0x20, 0x76, 0x61,
  0x72, 0x5f, 0x43, 0x6f, 0x6c, 0x6f, 0x72, 0x3b, 0x0a, 0x0a, 0x0a, 0x76,
  0x6f, 0x69, 0x64, 0x20, 0x6d, 0x61, 0x69, 0x6e, 0x28, 0x29, 0x0a, 0x7b,
  0x0a, 0x09, 0x76, 0x65, 0x63, 0x34, 0x20, 0x63, 0x6f, 0x6c, 0x6f, 0x72,
  0x20, 0x20, 0x3d, 0x20, 0x74, 0x65, 0x78, 0x74, 0x75, 0x72, 0x65, 0x32,
  0x44, 0x28, 0x75, 0x5f, 0x44, 0x69, 0x66, 0x66, 0x75, 0x73, 0x65, 0x4d,
  0x61, 0x70, 0x2c, 0x20, 0x76, 0x61, 0x72, 0x5f, 0x44, 0x69, 0x66, 0x66,
  0x75, 0x73, 0x65, 0x54, 0x65, 0x78, 0x29, 0x3b, 0x0a, 0x0a, 0x09, 0x66,
  0x6c, 0x6f, 0x61, 0x74, 0x20, 0x61, 0x6c, 0x70, 0x68, 0x61, 0x20, 0x3d,
  0x20, 0x63, 0x6f, 0x6c, 0x6f, 0x72, 0x2e, 0x61, 0x20, 0x2a, 0x20, 0x76,
  0x61, 0x72, 0x5f, 0x43, 0x6f, 0x6c, 0x6f, 0x72, 0x2e, 0x61, 0x3b, 0x0a,
  0x09, 0x69, 0x66, 0x20, 0x28, 0x75, 0x5f, 0x41, 0x6c, 0x70, 0x68, 0x61,
  0x54, 0x65, 0x73, 0x74, 0x20, 0x3d, 0x3d, 0x20, 0x31, 0x29, 0x0a, 0x09,
  0x7b, 0x0a, 0x09, 0x09, 0x69, 0x66, 0x20, 0x28, 0x61, 0x6c, 0x70, 0x68,
  0x61, 0x20, 0x3d, 0x3d, 0x20, 0x30, 0x2e, 0x30, 0x29, 0x0a, 0x09, 0x09,
  0x09, 0x64, 0x69, 0x73, 0x63, 0x61, 0x72, 0x64, 0x3b, 0x0a, 0x09, 0x7d,
  0x0a, 0x09, 0x65, 0x6c, 0x73, 0x65, 0x20, 0x69, 0x66, 0x20, 0x28, 0x75,
  0x5f, 0x41, 0x6c, 0x70, 0x68, 0x61, 0x54, 0x65, 0x73, 0x74, 0x20, 0x3d,
  0x3d, 0x20, 0x32, 0x29, 0x0a, 0x09, 0x7b, 0x0a, 0x09, 0x09, 0x69, 0x66,
  0x20, 0x28, 0x61, 0x6c, 0x70, 0x68, 0x61, 0x20, 0x3e, 0x3d, 0x20, 0x30,
  0x2e, 0x35, 0x29, 0x0a, 0x09, 0x09, 0x09, 0x64, 0x69, 0x73, 0x63, 0x61,
  0x72, 0x64, 0x3b, 0x0a, 0x09, 0x7d, 0x0a, 0x09, 0x65, 0x6c, 0x73, 0x65,
  0x20, 0x69, 0x66, 0x20, 0x28, 0x75, 0x5f, 0x41, 0x6c, 0x70, 0x68, 0x61,
  0x54, 0x65, 0x73, 0x74, 0x20, 0x3d, 0x3d, 0x20, 0x33, 0x29, 0x0a, 0x09,
  0x7b, 0x0a, 0x09, 0x09, 0x69, 0x66, 0x20, 0x28, 0x61, 0x6c, 0x70, 0x68,
  0x61, 0x20, 0x3c, 0x20, 0x30, 0x2e, 0x35, 0x29, 0x0a, 0x09, 0x09, 0x09,
  0x64, 0x69, 0x73, 0x63, 0x61, 0x72, 0x64, 0x3b, 0x0a, 0x09, 0x7d, 0x0a,
  0x09, 0x0a, 0x09, 0x67, 0x6c, 0x5f, 0x46, 0x72, 0x61, 0x67, 0x43, 0x6f,
  0x6c, 0x6f, 0x72, 0x2e, 0x72, 0x67, 0x62, 0x20, 0x3d, 0x20, 0x63, 0x6f,
  0x6c, 0x6f, 0x72, 0x2e, 0x72, 0x67, 0x62, 0x20, 0x2a, 0x20, 0x76, 0x61,
  0x72, 0x5f, 0x43, 0x6f, 0x6c, 0x6f, 0x72, 0x2e, 0x72, 0x67, 0x62, 0x3b,
  0x0a, 0x09, 0x67, 0x6c, 0x5f, 0x46, 0x72, 0x61, 0x67, 0x43, 0x6f, 0x6c,
  0x6f, 0x72, 0x2e, 0x61, 0x20, 0x3d, 0x20, 0x61, 0x6c, 0x70, 0x68, 0x61,
  0x3b, 0x0a, 0x7d, 0x0a
};
unsigned int fallbackShader_generic_fp_len = 508;
unsigned char fallbackShader_generic_vp[] = {
  0x61, 0x74, 0x74, 0x72, 0x69, 0x62, 0x75, 0x74, 0x65, 0x20, 0x76, 0x65,
  0x63, 0x33, 0x20, 0x61, 0x74, 0x74, 0x72, 0x5f, 0x50, 0x6f, 0x73, 0x69,
  0x74, 0x69, 0x6f, 0x6e, 0x3b, 0x0a, 0x61, 0x74, 0x74, 0x72, 0x69, 0x62,
  0x75, 0x74, 0x65, 0x20, 0x76, 0x65, 0x63, 0x33, 0x20, 0x61, 0x74, 0x74,
  0x72, 0x5f, 0x4e, 0x6f, 0x72, 0x6d, 0x61, 0x6c, 0x3b, 0x0a, 0x0a, 0x23,
  0x69, 0x66, 0x20, 0x64, 0x65, 0x66, 0x69, 0x6e, 0x65, 0x64, 0x28, 0x55,
  0x53, 0x45, 0x5f, 0x56, 0x45, 0x52, 0x54, 0x45, 0x58, 0x5f, 0x41, 0x4e,
  0x49, 0x4d, 0x41, 0x54, 0x49, 0x4f, 0x4e, 0x29, 0x0a, 0x61, 0x74, 0x74,
  0x72, 0x69, 0x62, 0x75, 0x74, 0x65, 0x20, 0x76, 0x65, 0x63, 0x33, 0x20,
  0x61, 0x74, 0x74, 0x72, 0x5f, 0x50, 0x6f, 0x73, 0x69, 0x74, 0x69, 0x6f,
  0x6e, 0x32, 0x3b, 0x0a, 0x61, 0x74, 0x74, 0x72, 0x69, 0x62, 0x75, 0x74,
  0x65, 0x20, 0x76, 0x65, 0x63, 0x33, 0x20, 0x61, 0x74, 0x74, 0x72, 0x5f,
  0x4e, 0x6f, 0x72, 0x6d, 0x61, 0x6c, 0x32, 0x3b, 0x0a, 0x23, 0x65, 0x6c,
  0x69, 0x66, 0x20, 0x64, 0x65, 0x66, 0x69, 0x6e, 0x65, 0x64, 0x28, 0x55,
  0x53, 0x45, 0x5f, 0x42, 0x4f, 0x4e, 0x45, 0x5f, 0x41, 0x4e, 0x49, 0x4d,
  0x41, 0x54, 0x49, 0x4f, 0x4e, 0x29, 0x0a, 0x61, 0x74, 0x74, 0x72, 0x69,
  0x62, 0x75, 0x74, 0x65, 0x20, 0x76, 0x65, 0x63, 0x34, 0x20, 0x61, 0x74,
  0x74, 0x72, 0x5f, 0x42, 0x6f, 0x6e, 0x65, 0x49, 0x6e, 0x64, 0x65, 0x78,
  0x65, 0x73, 0x3b, 0x0a, 0x61, 0x74, 0x74, 0x72, 0x69, 0x62, 0x75, 0x74,
  0x65, 0x20, 0x76, 0x65, 0x63, 0x34, 0x20, 0x61, 0x74, 0x74, 0x72, 0x5f,
  0x42, 0x6f, 0x6e, 0x65, 0x57, 0x65, 0x69, 0x67, 0x68, 0x74, 0x73, 0x3b,
  0x0a, 0x23, 0x65, 0x6e, 0x64, 0x69, 0x66, 0x0a, 0x0a, 0x61, 0x74, 0x74,
  0x72, 0x69, 0x62, 0x75, 0x74, 0x65, 0x20, 0x76, 0x65, 0x63, 0x34, 0x20,
  0x61, 0x74, 0x74, 0x72, 0x5f, 0x43, 0x6f, 0x6c, 0x6f, 0x72, 0x3b, 0x0a,
  0x61, 0x74, 0x74, 0x72, 0x69, 0x62, 0x75, 0x74, 0x65, 0x20, 0x76, 0x65,
  0x63, 0x34, 0x20, 0x61, 0x74, 0x74, 0x72, 0x5f, 0x54, 0x65, 0x78, 0x43,
  0x6f, 0x6f, 0x72, 0x64, 0x30, 0x3b, 0x0a, 0x0a, 0x23, 0x69, 0x66, 0x20,
  0x64, 0x65, 0x66, 0x69, 0x6e, 0x65, 0x64, 0x28, 0x55, 0x53, 0x45, 0x5f,
  0x54, 0x43, 0x47, 0x45, 0x4e, 0x29, 0x0a, 0x61, 0x74, 0x74, 0x72, 0x69,
  0x62, 0x75, 0x74, 0x65, 0x20, 0x76, 0x65, 0x63, 0x34, 0x20, 0x61, 0x74,
  0x74, 0x72, 0x5f, 0x54, 0x65, 0x78, 0x43, 0x6f, 0x6f, 0x72, 0x64, 0x31,
  0x3b, 0x0a, 0x23, 0x65, 0x6e, 0x64, 0x69, 0x66, 0x0a, 0x0a, 0x23, 0x69,
  0x66, 0x20, 0x64, 0x65, 0x66, 0x69, 0x6e, 0x65, 0x64, 0x28, 0x55, 0x53,
  0x45, 0x5f, 0x54, 0x43, 0x4d, 0x4f, 0x44, 0x29, 0x0a, 0x75, 0x6e, 0x69,
  0x66, 0x6f, 0x72, 0x6d, 0x20, 0x76, 0x65, 0x63, 0x34, 0x20, 0x20, 0x20,
  0x75, 0x5f, 0x44, 0x69, 0x66, 0x66, 0x75, 0x73, 0x65, 0x54, 0x65, 0x78,
  0x4d, 0x61, 0x74, 0x72, 0x69, 0x78, 0x30, 0x3b, 0x0a, 0x75, 0x6e, 0x69,
  0x66, 0x6f, 0x72, 0x6d, 0x20, 0x76, 0x65, 0x63, 0x34, 0x20, 0x20, 0x20,
  0x75, 0x5f, 0x44, 0x69, 0x66, 0x66, 0x75, 0x73, 0x65, 0x54, 0x65, 0x78,
  0x4d, 0x61, 0x74, 0x72, 0x69, 0x78, 0x31, 0x3b, 0x0a, 0x75, 0x6e, 0x69,
  0x66, 0x6f, 0x72, 0x6d, 0x20, 0x76, 0x65, 0x63, 0x34, 0x20, 0x20, 0x20,
  0x75, 0x5f, 0x44, 0x69, 0x66, 0x66, 0x75, 0x73, 0x65, 0x54, 0x65, 0x78,
  0x4d, 0x61, 0x74, 0x72, 0x69, 0x78, 0x32, 0x3b, 0x0a, 0x75, 0x6e, 0x69,
  0x66, 0x6f, 0x72, 0x6d, 0x20, 0x76, 0x65, 0x63, 0x34, 0x20, 0x20, 0x20,
  0x75, 0x5f, 0x44, 0x69, 0x66, 0x66, 0x75, 0x73, 0x65, 0x54, 0x65, 0x78,
  0x4d, 0x61, 0x74, 0x72, 0x69, 0x78, 0x33, 0x3b, 0x0a, 0x75, 0x6e, 0x69,
  0x66, 0x6f, 0x72, 0x6d, 0x20, 0x76, 0x65, 0x63, 0x34, 0x20, 0x20, 0x20,
  0x75, 0x5f, 0x44, 0x69, 0x66, 0x66, 0x75, 0x73, 0x65, 0x54, 0x65, 0x78,
  0x4d, 0x61, 0x74, 0x72, 0x69, 0x78, 0x34, 0x3b, 0x0a, 0x75, 0x6e, 0x69,
  0x66, 0x6f, 0x72, 0x6d, 0x20, 0x76, 0x65, 0x63, 0x34, 0x20, 0x20, 0x20,
  0x75, 0x5f, 0x44, 0x69, 0x66, 0x66, 0x75, 0x73, 0x65, 0x54, 0x65, 0x78,
  0x4d, 0x61, 0x74, 0x72, 0x69, 0x78, 0x35, 0x3b, 0x0a, 0x75, 0x6e, 0x69,
  0x66, 0x6f, 0x72, 0x6d, 0x20, 0x76, 0x65, 0x63, 0x34, 0x20, 0x20, 0x20,
  0x75, 0x5f, 0x44, 0x69, 0x66, 0x66, 0x75, 0x73, 0x65, 0x54, 0x65, 0x78,
  0x4d, 0x61, 0x74, 0x72, 0x69, 0x78, 0x36, 0x3b, 0x0a, 0x75, 0x6e, 0x69,
  0x66, 0x6f, 0x72, 0x6d, 0x20, 0x76, 0x65, 0x63, 0x34, 0x20, 0x20, 0x20,
  0x75, 0x5f, 0x44, 0x69, 0x66, 0x66, 0x75, 0x73, 0x65, 0x54, 0x65, 0x78,
  0x4d, 0x61, 0x74, 0x72, 0x69, 0x78, 0x37, 0x3b, 0x0a, 0x23, 0x65, 0x6e,
  0x64, 0x69, 0x66, 0x0a, 0x0a, 0x23, 0x69, 0x66, 0x20, 0x64, 0x65, 0x66,
  0x69, 0x6e, 0x65, 0x64, 0x28, 0x55, 0x53, 0x45, 0x5f, 0x54, 0x43, 0x47,
  0x45, 0x4e, 0x29, 0x20, 0x7c, 0x7c, 0x20, 0x64, 0x65, 0x66, 0x69, 0x6e,
  0x65, 0x64, 0x28, 0x55, 0x53, 0x45, 0x5f, 0x52, 0x47, 0x42, 0x41, 0x47,
  0x45, 0x4e, 0x29, 0x0a, 0x75, 0x6e, 0x69, 0x66, 0x6f, 0x72, 0x6d, 0x20,
  0x76, 0x65, 0x63, 0x33, 0x20, 0x20, 0x20, 0x75, 0x5f, 0x4c, 0x6f, 0x63,
  0x61, 0x6c, 0x56, 0x69, 0x65, 0x77, 0x4f, 0x72, 0x69, 0x67, 0x69, 0x6e,
  0x3b, 0x0a, 0x23, 0x65, 0x6e, 0x64, 0x69, 0x66, 0x0a, 0x0a, 0x23, 0x69,
  0x66, 0x20, 0x64, 0x65, 0x66, 0x69, 0x6e, 0x65, 0x64, 0x28, 0x55, 0x53,
  0x45, 0x5f, 0x54, 0x43, 0x47, 0x45, 0x4e, 0x29, 0x0a, 0x75, 0x6e, 0x69,
  0x66, 0x6f, 0x72, 0x6d, 0x20, 0x69, 0x6e, 0x74, 0x20, 0x20, 0x20, 0x20,
  0x75, 0x5f, 0x54, 0x43, 0x47, 0x65, 0x6e, 0x30, 0x3b, 0x0a, 0x75, 0x6e,
  0x69, 0x66, 0x6f, 0x72, 0x6d, 0x20, 0x76, 0x65, 0x63, 0x33, 0x20, 0x20,
  0x20, 0x75, 0x5f, 0x54, 0x43, 0x47, 0x65, 0x6e, 0x30, 0x56, 0x65, 0x63,
  0x74, 0x6f, 0x72, 0x30, 0x3b, 0x0a, 0x75, 0x6e, 0x69, 0x66, 0x6f, 0x72,
  0x6d, 0x20, 0x76, 0x65, 0x63, 0x33, 0x20, 0x20, 0x20, 0x75, 0x5f, 0x54,
  0x43, 0x47, 0x65, 0x6e, 0x30, 0x56, 0x65, 0x63, 0x74, 0x6f, 0x72, 0x31,
  0x3b, 0x0a, 0x23, 0x65, 0x6e, 0x64, 0x69, 0x66, 0x0a, 0x0a, 0x23, 0x69,
  0x66, 0x20, 0x64, 0x65, 0x66, 0x69, 0x6e, 0x65, 0x64, 0x28, 0x55, 0x53,
  0x45, 0x5f, 0x46, 0x4f, 0x47, 0x29, 0x0a, 0x75, 0x6e, 0x69, 0x66, 0x6f,
  0x72, 0x6d, 0x20, 0x76, 0x65, 0x63, 0x34, 0x20, 0x20, 0x20, 0x75, 0x5f,
  0x46, 0x6f, 0x67, 0x44, 0x69, 0x73, 0x74, 0x61, 0x6e, 0x63, 0x65, 0x3b,
  0x0a, 0x75, 0x6e, 0x69, 0x66, 0x6f, 0x72, 0x6d, 0x20, 0x76, 0x65, 0x63,
  0x34, 0x20, 0x20, 0x20, 0x75, 0x5f, 0x46, 0x6f, 0x67, 0x44, 0x65, 0x70,
  0x74, 0x68, 0x3b, 0x0a, 0x75, 0x6e, 0x69, 0x66, 0x6f, 0x72, 0x6d, 0x20,
  0x66, 0x6c, 0x6f, 0x61, 0x74, 0x20, 0x20, 0x75, 0x5f, 0x46, 0x6f, 0x67,
  0x45, 0x79, 0x65, 0x54, 0x3b, 0x0a, 0x75, 0x6e, 0x69, 0x66, 0x6f, 0x72,
  0x6d, 0x20, 0x76, 0x65, 0x63, 0x34, 0x20, 0x20, 0x20, 0x75, 0x5f, 0x46,
  0x6f, 0x67, 0x43, 0x6f, 0x6c, 0x6f, 0x72, 0x4d, 0x61, 0x73, 0x6b, 0x3b,
  0x0a, 0x23, 0x65, 0x6e, 0x64, 0x69, 0x66, 0x0a, 0x0a, 0x23, 0x69, 0x66,
  0x20, 0x64, 0x65, 0x66, 0x69, 0x6e, 0x65, 0x64, 0x28, 0x55, 0x53, 0x45,
  0x5f, 0x44, 0x45, 0x46, 0x4f, 0x52, 0x4d, 0x5f, 0x56, 0x45, 0x52, 0x54,
  0x45, 0x58, 0x45, 0x53, 0x29, 0x0a, 0x75, 0x6e, 0x69, 0x66, 0x6f, 0x72,
  0x6d, 0x20, 0x69, 0x6e, 0x74, 0x20, 0x20, 0x20, 0x20, 0x75, 0x5f, 0x44,
  0x65, 0x66, 0x6f, 0x72, 0x6d, 0x47, 0x65, 0x6e, 0x3b, 0x0a, 0x75, 0x6e,
  0x69, 0x66, 0x6f, 0x72, 0x6d, 0x20, 0x66, 0x6c, 0x6f, 0x61, 0x74, 0x20,
  0x20, 0x75, 0x5f, 0x44, 0x65, 0x66, 0x6f, 0x72, 0x6d, 0x50, 0x61, 0x72,
  0x61, 0x6d, 0x73, 0x5b, 0x35, 0x5d, 0x3b, 0x0a, 0x75, 0x6e, 0x69, 0x66,
  0x6f, 0x72, 0x6d, 0x20, 0x66, 0x6c, 0x6f, 0x61, 0x74, 0x20, 0x20, 0x75,
  0x5f, 0x54, 0x69, 0x6d, 0x65, 0x3b, 0x0a, 0x23, 0x65, 0x6e, 0x64, 0x69,
  0x66, 0x0a, 0x0a, 0x75, 0x6e, 0x69, 0x66, 0x6f, 0x72, 0x6d, 0x20, 0x6d,
  0x61, 0x74, 0x34, 0x20, 0x20, 0x20, 0x75, 0x5f, 0x4d, 0x6f, 0x64, 0x65,
  0x6c, 0x56, 0x69, 0x65, 0x77, 0x50, 0x72, 0x6f, 0x6a, 0x65, 0x63, 0x74,
  0x69, 0x6f, 0x6e, 0x4d, 0x61, 0x74, 0x72, 0x69, 0x78, 0x3b, 0x0a, 0x75,
  0x6e, 0x69, 0x66, 0x6f, 0x72, 0x6d, 0x20, 0x76, 0x65, 0x63, 0x34, 0x20,
  0x20, 0x20, 0x75, 0x5f, 0x42, 0x61, 0x73, 0x65, 0x43, 0x6f, 0x6c, 0x6f,
  0x72, 0x3b, 0x0a, 0x75, 0x6e, 0x69, 0x66, 0x6f, 0x72, 0x6d, 0x20, 0x76,
  0x65, 0x63, 0x34, 0x20, 0x20, 0x20, 0x75, 0x5f, 0x56, 0x65, 0x72, 0x74,
  0x43, 0x6f, 0x6c, 0x6f, 0x72, 0x3b, 0x0a, 0x0a, 0x23, 0x69, 0x66, 0x20,
  0x64, 0x65, 0x66, 0x69, 0x6e, 0x65, 0x64, 0x28, 0x55, 0x53, 0x45, 0x5f,
  0x52, 0x47, 0x42, 0x41, 0x47, 0x45, 0x4e, 0x29, 0x0a, 0x75, 0x6e, 0x69,
  0x66, 0x6f, 0x72, 0x6d, 0x20, 0x69, 0x6e, 0x74, 0x20, 0x20, 0x20, 0x20,
  0x75, 0x5f, 0x43, 0x6f, 0x6c, 0x6f, 0x72, 0x47, 0x65, 0x6e, 0x3b, 0x0a,
  0x75, 0x6e, 0x69, 0x66, 0x6f, 0x72, 0x6d, 0x20, 0x69, 0x6e, 0x74, 0x20,
  0x20, 0x20, 0x20, 0x75, 0x5f, 0x41, 0x6c, 0x70, 0x68, 0x61, 0x47, 0x65,
  0x6e, 0x3b, 0x0a, 0x75, 0x6e, 0x69, 0x66, 0x6f, 0x72, 0x6d, 0x20, 0x76,
  0x65, 0x63, 0x33, 0x20, 0x20, 0x20, 0x75, 0x5f, 0x41, 0x6d, 0x62, 0x69,
  0x65, 0x6e, 0x74, 0x4c, 0x69, 0x67, 0x68, 0x74, 0x3b, 0x0a, 0x75, 0x6e,
  0x69, 0x66, 0x6f, 0x72, 0x6d, 0x20, 0x76, 0x65, 0x63, 0x33, 0x20, 0x20,
  0x20, 0x75, 0x5f, 0x44, 0x69, 0x72, 0x65, 0x63, 0x74, 0x65, 0x64, 0x4c,
  0x69, 0x67, 0x68, 0x74, 0x3b, 0x0a, 0x75, 0x6e, 0x69, 0x66, 0x6f, 0x72,
  0x6d, 0x20, 0x76, 0x65, 0x63, 0x33, 0x20, 0x20, 0x20, 0x75, 0x5f, 0x4d,
  0x6f, 0x64, 0x65, 0x6c, 0x4c, 0x69, 0x67, 0x68, 0x74, 0x44, 0x69, 0x72,
  0x3b, 0x0a, 0x75, 0x6e, 0x69, 0x66, 0x6f, 0x72, 0x6d, 0x20, 0x66, 0x6c,
  0x6f, 0x61, 0x74, 0x20, 0x20, 0x75, 0x5f, 0x50, 0x6f, 0x72, 0x74, 0x61,
  0x6c, 0x52, 0x61, 0x6e, 0x67, 0x65, 0x3b, 0x0a, 0x23, 0x65, 0x6e, 0x64,
  0x69, 0x66, 0x0a, 0x0a, 0x23, 0x69, 0x66, 0x20, 0x64, 0x65, 0x66, 0x69,
  0x6e, 0x65, 0x64, 0x28, 0x55, 0x53, 0x45, 0x5f, 0x56, 0x45, 0x52, 0x54,
  0x45, 0x58, 0x5f, 0x41, 0x4e, 0x49, 0x4d, 0x41, 0x54, 0x49, 0x4f, 0x4e,
  0x29, 0x0a, 0x75, 0x6e, 0x69, 0x66, 0x6f, 0x72, 0x6d, 0x20, 0x66, 0x6c,
  0x6f, 0x61, 0x74, 0x20, 0x20, 0x75, 0x5f, 0x56, 0x65, 0x72, 0x74, 0x65,
  0x78, 0x4c, 0x65, 0x72, 0x70, 0x3b, 0x0a, 0x23, 0x65, 0x6c, 0x69, 0x66,
  0x20, 0x64, 0x65, 0x66, 0x69, 0x6e, 0x65, 0x64, 0x28, 0x55, 0x53, 0x45,
  0x5f, 0x42, 0x4f, 0x4e, 0x45, 0x5f, 0x41, 0x4e, 0x49, 0x4d, 0x41, 0x54,
  0x49, 0x4f, 0x4e, 0x29, 0x0a, 0x75, 0x6e, 0x69, 0x66, 0x6f, 0x72, 0x6d,
  0x20, 0x6d, 0x61, 0x74, 0x34, 0x20, 0x75, 0x5f, 0x42, 0x6f, 0x6e, 0x65,
  0x4d, 0x61, 0x74, 0x72, 0x69, 0x78, 0x5b, 0x4d, 0x41, 0x58, 0x5f, 0x47,
  0x4c, 0x53, 0x4c, 0x5f, 0x42, 0x4f, 0x4e, 0x45, 0x53, 0x5d, 0x3b, 0x0a,
  0x23, 0x65, 0x6e, 0x64, 0x69, 0x66, 0x0a, 0x0a, 0x76, 0x61, 0x72, 0x79,
  0x69, 0x6e, 0x67, 0x20, 0x76, 0x65, 0x63, 0x32, 0x20, 0x20, 0x20, 0x76,
  0x61, 0x72, 0x5f, 0x44, 0x69, 0x66, 0x66, 0x75, 0x73, 0x65, 0x54, 0x65,
  0x78, 0x3b, 0x0a, 0x76, 0x61, 0x72, 0x79, 0x69, 0x6e, 0x67, 0x20, 0x76,
  0x65, 0x63, 0x34, 0x20, 0x20, 0x20, 0x76, 0x61, 0x72, 0x5f, 0x43, 0x6f,
  0x6c, 0x6f, 0x72, 0x3b, 0x0a, 0x0a, 0x23, 0x69, 0x66, 0x20, 0x64, 0x65,
  0x66, 0x69, 0x6e, 0x65, 0x64, 0x28, 0x55, 0x53, 0x45, 0x5f, 0x44, 0x45,
  0x46, 0x4f, 0x52, 0x4d, 0x5f, 0x56, 0x45, 0x52, 0x54, 0x45, 0x58, 0x45,
  0x53, 0x29, 0x0a, 0x76, 0x65, 0x63, 0x33, 0x20, 0x44, 0x65, 0x66, 0x6f,
  0x72, 0x6d, 0x50, 0x6f, 0x73, 0x69, 0x74, 0x69, 0x6f, 0x6e, 0x28, 0x63,
  0x6f, 0x6e, 0x73, 0x74, 0x20, 0x76, 0x65, 0x63, 0x33, 0x20, 0x70, 0x6f,
  0x73, 0x2c, 0x20, 0x63, 0x6f, 0x6e, 0x73, 0x74, 0x20, 0x76, 0x65, 0x63,
  0x33, 0x20, 0x6e, 0x6f, 0x72, 0x6d, 0x61, 0x6c, 0x2c, 0x20, 0x63, 0x6f,
  0x6e, 0x73, 0x74, 0x20, 0x76, 0x65, 0x63, 0x32, 0x20, 0x73, 0x74, 0x29,
  0x0a, 0x7b, 0x0a, 0x09, 0x66, 0x6c, 0x6f, 0x61, 0x74, 0x20, 0x62, 0x61,
  0x73, 0x65, 0x20, 0x3d, 0x20, 0x20, 0x20, 0x20, 0x20, 0x20, 0x75, 0x5f,
  0x44, 0x65, 0x66, 0x6f, 0x72, 0x6d, 0x50, 0x61, 0x72, 0x61, 0x6d, 0x73,
  0x5b, 0x30, 0x5d, 0x3b, 0x0a, 0x09, 0x66, 0x6c, 0x6f, 0x61, 0x74, 0x20,
  0x61, 0x6d, 0x70, 0x6c, 0x69, 0x74, 0x75, 0x64, 0x65, 0x20, 0x3d, 0x20,
  0x75, 0x5f, 0x44, 0x65, 0x66, 0x6f, 0x72, 0x6d, 0x50, 0x61, 0x72, 0x61,
  0x6d, 0x73, 0x5b, 0x31, 0x5d, 0x3b, 0x0a, 0x09, 0x66, 0x6c, 0x6f, 0x61,
  0x74, 0x20, 0x70, 0x68, 0x61, 0x73, 0x65, 0x20, 0x3d, 0x20, 0x20, 0x20,
  0x20, 0x20, 0x75, 0x5f, 0x44, 0x65, 0x66, 0x6f, 0x72, 0x6d, 0x50, 0x61,
  0x72, 0x61, 0x6d, 0x73, 0x5b, 0x32, 0x5d, 0x3b, 0x0a, 0x09, 0x66, 0x6c,
  0x6f, 0x61, 0x74, 0x20, 0x66, 0x72, 0x65, 0x71, 0x75, 0x65, 0x6e, 0x63,
  0x79, 0x20, 0x3d, 0x20, 0x75, 0x5f, 0x44, 0x65, 0x66, 0x6f, 0x72, 0x6d,
  0x50, 0x61, 0x72, 0x61, 0x6d, 0x73, 0x5b, 0x33, 0x5d, 0x3b, 0x0a, 0x09,
  0x66, 0x6c, 0x6f, 0x61, 0x74, 0x20, 0x73, 0x70, 0x72, 0x65, 0x61, 0x64,
  0x20, 0x3d, 0x20, 0x20, 0x20, 0x20, 0x75, 0x5f, 0x44, 0x65, 0x66, 0x6f,
  0x72, 0x6d, 0x50, 0x61, 0x72, 0x61, 0x6d, 0x73, 0x5b, 0x34, 0x5d, 0x3b,
  0x0a, 0x0a, 0x09, 0x69, 0x66, 0x20, 0x28, 0x75, 0x5f, 0x44, 0x65, 0x66,
  0x6f, 0x72, 0x6d, 0x47, 0x65, 0x6e, 0x20, 0x3d, 0x3d, 0x20, 0x44, 0x47,
  0x45, 0x4e, 0x5f, 0x42, 0x55, 0x4c, 0x47, 0x45, 0x29, 0x0a, 0x09, 0x7b,
  0x0a, 0x09, 0x09, 0x70, 0x68, 0x61, 0x73, 0x65, 0x20, 0x2a, 0x3d, 0x20,
  0x73, 0x74, 0x2e, 0x78, 0x3b, 0x0a, 0x09, 0x7d, 0x0a, 0x09, 0x65, 0x6c,
  0x73, 0x65, 0x20, 0x2f, 0x2f, 0x20, 0x69, 0x66, 0x20, 0x28, 0x75, 0x5f,
  0x44, 0x65, 0x66, 0x6f, 0x72, 0x6d, 0x47, 0x65, 0x6e, 0x20, 0x3c, 0x3d,
  0x20, 0x44, 0x47, 0x45, 0x4e, 0x5f, 0x57, 0x41, 0x56, 0x45, 0x5f, 0x49,
  0x4e, 0x56, 0x45, 0x52, 0x53, 0x45, 0x5f, 0x53, 0x41, 0x57, 0x54, 0x4f,
  0x4f, 0x54, 0x48, 0x29, 0x0a, 0x09, 0x7b, 0x0a, 0x09, 0x09, 0x70, 0x68,
  0x61, 0x73, 0x65, 0x20, 0x2b, 0x3d, 0x20, 0x64, 0x6f, 0x74, 0x28, 0x70,
  0x6f, 0x73, 0x2e, 0x78, 0x79, 0x7a, 0x2c, 0x20, 0x76, 0x65, 0x63, 0x33,
  0x28, 0x73, 0x70, 0x72, 0x65, 0x61, 0x64, 0x29, 0x29, 0x3b, 0x0a, 0x09,
  0x7d, 0x0a, 0x0a, 0x09, 0x66, 0x6c, 0x6f, 0x61, 0x74, 0x20, 0x76, 0x61,
  0x6c, 0x75, 0x65, 0x20, 0x3d, 0x20, 0x70, 0x68, 0x61, 0x73, 0x65, 0x20,
  0x2b, 0x20, 0x28, 0x75, 0x5f, 0x54, 0x69, 0x6d, 0x65, 0x20, 0x2a, 0x20,
  0x66, 0x72, 0x65, 0x71, 0x75, 0x65, 0x6e, 0x63, 0x79, 0x29, 0x3b, 0x0a,
  0x09, 0x66, 0x6c, 0x6f, 0x61, 0x74, 0x20, 0x66, 0x75, 0x6e, 0x63, 0x3b,
  0x0a, 0x0a, 0x09, 0x69, 0x66, 0x20, 0x28, 0x75, 0x5f, 0x44, 0x65, 0x66,
  0x6f, 0x72, 0x6d, 0x47, 0x65, 0x6e, 0x20, 0x3d, 0x3d, 0x20, 0x44, 0x47,
  0x45, 0x4e, 0x5f, 0x57, 0x41, 0x56, 0x45, 0x5f, 0x53, 0x49, 0x4e, 0x29,
  0x0a, 0x09, 0x7b, 0x0a, 0x09, 0x09, 0x66, 0x75, 0x6e, 0x63, 0x20, 0x3d,
  0x20, 0x73, 0x69, 0x6e, 0x28, 0x76, 0x61, 0x6c, 0x75, 0x65, 0x20, 0x2a,
  0x20, 0x32, 0x2e, 0x30, 0x20, 0x2a, 0x20, 0x4d, 0x5f, 0x50, 0x49, 0x29,
  0x3b, 0x0a, 0x09, 0x7d, 0x0a, 0x09, 0x65, 0x6c, 0x73, 0x65, 0x20, 0x69,
  0x66, 0x20, 0x28, 0x75, 0x5f, 0x44, 0x65, 0x66, 0x6f, 0x72, 0x6d, 0x47,
  0x65, 0x6e, 0x20, 0x3d, 0x3d, 0x20, 0x44, 0x47, 0x45, 0x4e, 0x5f, 0x57,
  0x41, 0x56, 0x45, 0x5f, 0x53, 0x51, 0x55, 0x41, 0x52, 0x45, 0x29, 0x0a,
  0x09, 0x7b, 0x0a, 0x09, 0x09, 0x66, 0x75, 0x6e, 0x63, 0x20, 0x3d, 0x20,
  0x73, 0x69, 0x67, 0x6e, 0x28, 0x66, 0x72, 0x61, 0x63, 0x74, 0x28, 0x30,
  0x2e, 0x35, 0x20, 0x2d, 0x20, 0x76, 0x61, 0x6c, 0x75, 0x65, 0x29, 0x29,
  0x3b, 0x0a, 0x09, 0x7d, 0x0a, 0x09, 0x65, 0x6c, 0x73, 0x65, 0x20, 0x69,
  0x66, 0x20, 0x28, 0x75, 0x5f, 0x44, 0x65, 0x66, 0x6f, 0x72, 0x6d, 0x47,
  0x65, 0x6e, 0x20, 0x3d, 0x3d, 0x20, 0x44, 0x47, 0x45, 0x4e, 0x5f, 0x57,
  0x41, 0x56, 0x45, 0x5f, 0x54, 0x52, 0x49, 0x41, 0x4e, 0x47, 0x4c, 0x45,
  0x29, 0x0a, 0x09, 0x7b, 0x0a, 0x09, 0x09, 0x66, 0x75, 0x6e, 0x63, 0x20,
  0x3d, 0x20, 0x61, 0x62, 0x73, 0x28, 0x66, 0x72, 0x61, 0x63, 0x74, 0x28,
  0x76, 0x61, 0x6c, 0x75, 0x65, 0x20, 0x2b, 0x20, 0x30, 0x2e, 0x37, 0x35,
  0x29, 0x20, 0x2d, 0x20, 0x30, 0x2e, 0x35, 0x29, 0x20, 0x2a, 0x20, 0x34,
  0x2e, 0x30, 0x20, 0x2d, 0x20, 0x31, 0x2e, 0x30, 0x3b, 0x0a, 0x09, 0x7d,
  0x0a, 0x09, 0x65, 0x6c, 0x73, 0x65, 0x20, 0x69, 0x66, 0x20, 0x28, 0x75,
  0x5f, 0x44, 0x65, 0x66, 0x6f, 0x72, 0x6d, 0x47, 0x65, 0x6e, 0x20, 0x3d,
  0x3d, 0x20, 0x44, 0x47, 0x45, 0x4e, 0x5f, 0x57, 0x41, 0x56, 0x45, 0x5f,
  0x53, 0x41, 0x57, 0x54, 0x4f, 0x4f, 0x54, 0x48, 0x29, 0x0a, 0x09, 0x7b,
  0x0a, 0x09, 0x09, 0x66, 0x75, 0x6e, 0x63, 0x20, 0x3d, 0x20, 0x66, 0x72,
  0x61, 0x63, 0x74, 0x28, 0x76, 0x61, 0x6c, 0x75, 0x65, 0x29, 0x3b, 0x0a,
  0x09, 0x7d, 0x0a, 0x09, 0x65, 0x6c, 0x73, 0x65, 0x20, 0x69, 0x66, 0x20,
  0x28, 0x75, 0x5f, 0x44, 0x65, 0x66, 0x6f, 0x72, 0x6d, 0x47, 0x65, 0x6e,
  0x20, 0x3d, 0x3d, 0x20, 0x44, 0x47, 0x45, 0x4e, 0x5f, 0x57, 0x41, 0x56,
  0x45, 0x5f, 0x49, 0x4e, 0x56, 0x45, 0x52, 0x53, 0x45, 0x5f, 0x53, 0x41,
  0x57, 0x54, 0x4f, 0x4f, 0x54, 0x48, 0x29, 0x0a, 0x09, 0x7b, 0x0a, 0x09,
  0x09, 0x66, 0x75, 0x6e, 0x63, 0x20, 0x3d, 0x20, 0x28, 0x31, 0x2e, 0x30,
  0x20, 0x2d, 0x20, 0x66, 0x72, 0x61, 0x63, 0x74, 0x28, 0x76, 0x61, 0x6c,
  0x75, 0x65, 0x29, 0x29, 0x3b, 0x0a, 0x09, 0x7d, 0x0a, 0x09, 0x65, 0x6c,
  0x73, 0x65, 0x20, 0x2f, 0x2f, 0x20, 0x69, 0x66, 0x20, 0x28, 0x75, 0x5f,
  0x44, 0x65, 0x66, 0x6f, 0x72, 0x6d, 0x47, 0x65, 0x6e, 0x20, 0x3d, 0x3d,
  0x20, 0x44, 0x47, 0x45, 0x4e, 0x5f, 0x42, 0x55, 0x4c, 0x47, 0x45, 0x29,
  0x0a, 0x09, 0x7b, 0x0a, 0x09, 0x09, 0x66, 0x75, 0x6e, 0x63, 0x20, 0x3d,
  0x20, 0x73, 0x69, 0x6e, 0x28, 0x76, 0x61, 0x6c, 0x75, 0x65, 0x29, 0x3b,
  0x0a, 0x09, 0x7d, 0x0a, 0x0a, 0x09, 0x72, 0x65, 0x74, 0x75, 0x72, 0x6e,
  0x20, 0x70, 0x6f, 0x73, 0x20, 0x2b, 0x20, 0x6e, 0x6f, 0x72, 0x6d, 0x61,
  0x6c, 0x20, 0x2a, 0x20, 0x28, 0x62, 0x61, 0x73, 0x65, 0x20, 0x2b, 0x20,
  0x66, 0x75, 0x6e, 0x63, 0x20, 0x2a, 0x20, 0x61, 0x6d, 0x70, 0x6c, 0x69,
  0x74, 0x75, 0x64, 0x65, 0x29, 0x3b, 0x0a, 0x7d, 0x0a, 0x23, 0x65, 0x6e,
  0x64, 0x69, 0x66, 0x0a, 0x0a, 0x23, 0x69, 0x66, 0x20, 0x64, 0x65, 0x66,
  0x69, 0x6e, 0x65, 0x64, 0x28, 0x55, 0x53, 0x45, 0x5f, 0x54, 0x43, 0x47,
  0x45, 0x4e, 0x29, 0x0a, 0x76, 0x65, 0x63, 0x32, 0x20, 0x47, 0x65, 0x6e,
  0x54, 0x65, 0x78, 0x43, 0x6f, 0x6f, 0x72, 0x64, 0x73, 0x28, 0x69, 0x6e,
  0x74, 0x20, 0x54, 0x43, 0x47, 0x65, 0x6e, 0x2c, 0x20, 0x76, 0x65, 0x63,
  0x33, 0x20, 0x70, 0x6f, 0x73, 0x69, 0x74, 0x69, 0x6f, 0x6e, 0x2c, 0x20,
  0x76, 0x65, 0x63, 0x33, 0x20, 0x6e, 0x6f, 0x72, 0x6d, 0x61, 0x6c, 0x2c,
  0x20, 0x76, 0x65, 0x63, 0x33, 0x20, 0x54, 0x43, 0x47, 0x65, 0x6e, 0x56,
  0x65, 0x63, 0x74, 0x6f, 0x72, 0x30, 0x2c, 0x20, 0x76, 0x65, 0x63, 0x33,
  0x20, 0x54, 0x43, 0x47, 0x65, 0x6e, 0x56, 0x65, 0x63, 0x74, 0x6f, 0x72,
  0x31, 0x29, 0x0a, 0x7b, 0x0a, 0x09, 0x76, 0x65, 0x63, 0x32, 0x20, 0x74,
  0x65, 0x78, 0x20, 0x3d, 0x20, 0x61, 0x74, 0x74, 0x72, 0x5f, 0x54, 0x65,
  0x78, 0x43, 0x6f, 0x6f, 0x72, 0x64, 0x30, 0x2e, 0x73, 0x74, 0x3b, 0x0a,
  0x0a, 0x09, 0x69, 0x66, 0x20, 0x28, 0x54, 0x43, 0x47, 0x65, 0x6e, 0x20,
  0x3d, 0x3d, 0x20, 0x54, 0x43, 0x47, 0x45, 0x4e, 0x5f, 0x4c, 0x49, 0x47,
  0x48, 0x54, 0x4d, 0x41, 0x50, 0x29, 0x0a, 0x09, 0x7b, 0x0a, 0x09, 0x09,
  0x74, 0x65, 0x78, 0x20, 0x3d, 0x20, 0x61, 0x74, 0x74, 0x72, 0x5f, 0x54,
  0x65, 0x78, 0x43, 0x6f, 0x6f, 0x72, 0x64, 0x31, 0x2e, 0x73, 0x74, 0x3b,
  0x0a, 0x09, 0x7d, 0x0a, 0x09, 0x65, 0x6c, 0x73, 0x65, 0x20, 0x69, 0x66,
  0x20, 0x28, 0x54, 0x43, 0x47, 0x65, 0x6e, 0x20, 0x3d, 0x3d, 0x20, 0x54,
  0x43, 0x47, 0x45, 0x4e, 0x5f, 0x45, 0x4e, 0x56, 0x49, 0x52, 0x4f, 0x4e,
  0x4d, 0x45, 0x4e, 0x54, 0x5f, 0x4d, 0x41, 0x50, 0x50, 0x45, 0x44, 0x29,
  0x0a, 0x09, 0x7b, 0x0a, 0x09, 0x09, 0x76, 0x65, 0x63, 0x33, 0x20, 0x76,
  0x69, 0x65, 0x77, 0x65, 0x72, 0x20, 0x3d, 0x20, 0x6e, 0x6f, 0x72, 0x6d,
  0x61, 0x6c, 0x69, 0x7a, 0x65, 0x28, 0x75, 0x5f, 0x4c, 0x6f, 0x63, 0x61,
  0x6c, 0x56, 0x69, 0x65, 0x77, 0x4f, 0x72, 0x69, 0x67, 0x69, 0x6e, 0x20,
  0x2d, 0x20, 0x70, 0x6f, 0x73, 0x69, 0x74, 0x69, 0x6f, 0x6e, 0x29, 0x3b,
  0x0a, 0x09, 0x09, 0x76, 0x65, 0x63, 0x32, 0x20, 0x72, 0x65, 0x66, 0x20,
  0x3d, 0x20, 0x72, 0x65, 0x66, 0x6c, 0x65, 0x63, 0x74, 0x28, 0x76, 0x69,
  0x65, 0x77, 0x65, 0x72, 0x2c, 0x20, 0x6e, 0x6f, 0x72, 0x6d, 0x61, 0x6c,
  0x29, 0x2e, 0x79, 0x7a, 0x3b, 0x0a, 0x09, 0x09, 0x74, 0x65, 0x78, 0x2e,
  0x73, 0x20, 0x3d, 0x20, 0x72, 0x65, 0x66, 0x2e, 0x78, 0x20, 0x2a, 0x20,
  0x2d, 0x30, 0x2e, 0x35, 0x20, 0x2b, 0x20, 0x30, 0x2e, 0x35, 0x3b, 0x0a,
  0x09, 0x09, 0x74, 0x65, 0x78, 0x2e, 0x74, 0x20, 0x3d, 0x20, 0x72, 0x65,
  0x66, 0x2e, 0x79, 0x20, 0x2a, 0x20, 0x20, 0x30, 0x2e, 0x35, 0x20, 0x2b,
  0x20, 0x30, 0x2e, 0x35, 0x3b, 0x0a, 0x09, 0x7d, 0x0a, 0x09, 0x65, 0x6c,
  0x73, 0x65, 0x20, 0x69, 0x66, 0x20, 0x28, 0x54, 0x43, 0x47, 0x65, 0x6e,
  0x20, 0x3d, 0x3d, 0x20, 0x54, 0x43, 0x47, 0x45, 0x4e, 0x5f, 0x56, 0x45,
  0x43, 0x54, 0x4f, 0x52, 0x29, 0x0a, 0x09, 0x7b, 0x0a, 0x09, 0x09, 0x74,
  0x65, 0x78, 0x20, 0x3d, 0x20, 0x76, 0x65, 0x63, 0x32, 0x28, 0x64, 0x6f,
  0x74, 0x28, 0x70, 0x6f, 0x73, 0x69, 0x74, 0x69, 0x6f, 0x6e, 0x2c, 0x20,
  0x54, 0x43, 0x47, 0x65, 0x6e, 0x56, 0x65, 0x63, 0x74, 0x6f, 0x72, 0x30,
  0x29, 0x2c, 0x20, 0x64, 0x6f, 0x74, 0x28, 0x70, 0x6f, 0x73, 0x69, 0x74,
  0x69, 0x6f, 0x6e, 0x2c, 0x20, 0x54, 0x43, 0x47, 0x65, 0x6e, 0x56, 0x65,
  0x63, 0x74, 0x6f, 0x72, 0x31, 0x29, 0x29, 0x3b, 0x0a, 0x09, 0x7d, 0x0a,
  0x09, 0x0a, 0x09, 0x72, 0x65, 0x74, 0x75, 0x72, 0x6e, 0x20, 0x74, 0x65,
  0x78, 0x3b, 0x0a, 0x7d, 0x0a, 0x23, 0x65, 0x6e, 0x64, 0x69, 0x66, 0x0a,
  0x0a, 0x23, 0x69, 0x66, 0x20, 0x64, 0x65, 0x66, 0x69, 0x6e, 0x65, 0x64,
  0x28, 0x55, 0x53, 0x45, 0x5f, 0x54, 0x43, 0x4d, 0x4f, 0x44, 0x29, 0x0a,
  0x76, 0x65, 0x63, 0x32, 0x20, 0x4d, 0x6f, 0x64, 0x54, 0x65, 0x78, 0x43,
  0x6f, 0x6f, 0x72, 0x64, 0x73, 0x28, 0x76, 0x65, 0x63, 0x32, 0x20, 0x73,
  0x74, 0x2c, 0x20, 0x76, 0x65, 0x63, 0x33, 0x20, 0x70, 0x6f, 0x73, 0x69,
  0x74, 0x69, 0x6f, 0x6e, 0x2c, 0x20, 0x76, 0x65, 0x63, 0x34, 0x20, 0x74,
  0x65, 0x78, 0x4d, 0x61, 0x74, 0x72, 0x69, 0x78, 0x5b, 0x38, 0x5d, 0x29,
  0x0a, 0x7b, 0x0a, 0x09, 0x76, 0x65, 0x63, 0x32, 0x20, 0x73, 0x74, 0x32,
  0x20, 0x3d, 0x20, 0x73, 0x74, 0x3b, 0x0a, 0x0a, 0x09, 0x76, 0x65, 0x63,
  0x32, 0x20, 0x6f, 0x66, 0x66, 0x73, 0x65, 0x74, 0x50, 0x6f, 0x73, 0x20,
  0x3d, 0x20, 0x76, 0x65, 0x63, 0x32, 0x28, 0x70, 0x6f, 0x73, 0x69, 0x74,
  0x69, 0x6f, 0x6e, 0x2e, 0x78, 0x20, 0x2b, 0x20, 0x70, 0x6f, 0x73, 0x69,
  0x74, 0x69, 0x6f, 0x6e, 0x2e, 0x7a, 0x2c, 0x20, 0x70, 0x6f, 0x73, 0x69,
  0x74, 0x69, 0x6f, 0x6e, 0x2e, 0x79, 0x29, 0x3b, 0x0a, 0x09, 0x0a, 0x09,
  0x73, 0x74, 0x32, 0x20, 0x3d, 0x20, 0x76, 0x65, 0x63, 0x32, 0x28, 0x73,
  0x74, 0x32, 0x2e, 0x78, 0x20, 0x2a, 0x20, 0x74, 0x65, 0x78, 0x4d, 0x61,
  0x74, 0x72, 0x69, 0x78, 0x5b, 0x30, 0x5d, 0x2e, 0x78, 0x20, 0x2b, 0x20,
  0x73, 0x74, 0x32, 0x2e, 0x79, 0x20, 0x2a, 0x20, 0x74, 0x65, 0x78, 0x4d,
  0x61, 0x74, 0x72, 0x69, 0x78, 0x5b, 0x30, 0x5d, 0x2e, 0x79, 0x20, 0x2b,
  0x20, 0x74, 0x65, 0x78, 0x4d, 0x61, 0x74, 0x72, 0x69, 0x78, 0x5b, 0x30,
  0x5d, 0x2e, 0x7a, 0x2c, 0x0a, 0x09, 0x20, 0x20, 0x20, 0x20, 0x20, 0x20,
  0x20, 0x20, 0x20, 0x20, 0x20, 0x73, 0x74, 0x32, 0x2e, 0x78, 0x20, 0x2a,
  0x20, 0x74, 0x65, 0x78, 0x4d, 0x61, 0x74, 0x72, 0x69, 0x78, 0x5b, 0x31,
  0x5d, 0x2e, 0x78, 0x20, 0x2b, 0x20, 0x73, 0x74, 0x32, 0x2e, 0x79, 0x20,
  0x2a, 0x20, 0x74, 0x65, 0x78, 0x4d, 0x61, 0x74, 0x72, 0x69, 0x78, 0x5b,
  0x31, 0x5d, 0x2e, 0x79, 0x20, 0x2b, 0x20, 0x74, 0x65, 0x78, 0x4d, 0x61,
  0x74, 0x72, 0x69, 0x78, 0x5b, 0x31, 0x5d, 0x2e, 0x7a, 0x29, 0x3b, 0x0a,
  0x09, 0x73, 0x74, 0x32, 0x20, 0x2b, 0x3d, 0x20, 0x74, 0x65, 0x78, 0x4d,
  0x61, 0x74, 0x72, 0x69, 0x78, 0x5b, 0x30, 0x5d, 0x2e, 0x77, 0x20, 0x2a,
  0x20, 0x73, 0x69, 0x6e, 0x28, 0x6f, 0x66, 0x66, 0x73, 0x65, 0x74, 0x50,
  0x6f, 0x73, 0x20, 0x2a, 0x20, 0x28, 0x32, 0x2e, 0x30, 0x20, 0x2a, 0x20,
  0x4d, 0x5f, 0x50, 0x49, 0x20, 0x2f, 0x20, 0x31, 0x30, 0x32, 0x34, 0x2e,
  0x30, 0x29, 0x20, 0x2b, 0x20, 0x76, 0x65, 0x63, 0x32, 0x28, 0x74, 0x65,
  0x78, 0x4d, 0x61, 0x74, 0x72, 0x69, 0x78, 0x5b, 0x31, 0x5d, 0x2e, 0x77,
  0x20, 0x2a, 0x20, 0x32, 0x2e, 0x30, 0x20, 0x2a, 0x20, 0x4d, 0x5f, 0x50,
  0x49, 0x29, 0x29, 0x3b, 0x0a, 0x09, 0x0a, 0x09, 0x73, 0x74, 0x32, 0x20,
  0x3d, 0x20, 0x76, 0x65, 0x63, 0x32, 0x28, 0x73, 0x74, 0x32, 0x2e, 0x78,
  0x20, 0x2a, 0x20, 0x74, 0x65, 0x78, 0x4d, 0x61, 0x74, 0x72, 0x69, 0x78,
  0x5b, 0x32, 0x5d, 0x2e, 0x78, 0x20, 0x2b, 0x20, 0x73, 0x74, 0x32, 0x2e,
  0x79, 0x20, 0x2a, 0x20, 0x74, 0x65, 0x78, 0x4d, 0x61, 0x74, 0x72, 0x69,
  0x78, 0x5b, 0x32, 0x5d, 0x2e, 0x79, 0x20, 0x2b, 0x20, 0x74, 0x65, 0x78,
  0x4d, 0x61, 0x74, 0x72, 0x69, 0x78, 0x5b, 0x32, 0x5d, 0x2e, 0x7a, 0x2c,
  0x0a, 0x09, 0x20, 0x20, 0x20, 0x20, 0x20, 0x20, 0x20, 0x20, 0x20, 0x20,
  0x20, 0x73, 0x74, 0x32, 0x2e, 0x78, 0x20, 0x2a, 0x20, 0x74, 0x65, 0x78,
  0x4d, 0x61, 0x74, 0x72, 0x69, 0x78, 0x5b, 0x33, 0x5d, 0x2e, 0x78, 0x20,
  0x2b, 0x20, 0x73, 0x74, 0x32, 0x2e, 0x79, 0x20, 0x2a, 0x20, 0x74, 0x65,
  0x78, 0x4d, 0x61, 0x74, 0x72, 0x69, 0x78, 0x5b, 0x33, 0x5d, 0x2e, 0x79,
  0x20, 0x2b, 0x20, 0x74, 0x65, 0x78, 0x4d, 0x61, 0x74, 0x72, 0x69, 0x78,
  0x5b, 0x33, 0x5d, 0x2e, 0x7a, 0x29, 0x3b, 0x0a, 0x09, 0x73, 0x74, 0x32,
  0x20, 0x2b, 0x3d, 0x20, 0x74, 0x65, 0x78, 0x4d, 0x61, 0x74, 0x72, 0x69,
  0x78, 0x5b, 0x32, 0x5d, 0x2e, 0x77, 0x20, 0x2a, 0x20, 0x73, 0x69, 0x6e,
  0x28, 0x6f, 0x66, 0x66, 0x73, 0x65, 0x74, 0x50, 0x6f, 0x73, 0x20, 0x2a,
  0x20, 0x28, 0x32, 0x2e, 0x30, 0x20, 0x2a, 0x20, 0x4d, 0x5f, 0x50, 0x49,
  0x20, 0x2f, 0x20, 0x31, 0x30, 0x32, 0x34, 0x2e, 0x30, 0x29, 0x20, 0x2b,
  0x20, 0x76, 0x65, 0x63, 0x32, 0x28, 0x74, 0x65, 0x78, 0x4d, 0x61, 0x74,
  0x72, 0x69, 0x78, 0x5b, 0x33, 0x5d, 0x2e, 0x77, 0x20, 0x2a, 0x20, 0x32,
  0x2e, 0x30, 0x20, 0x2a, 0x20, 0x4d, 0x5f, 0x50, 0x49, 0x29, 0x29, 0x3b,
  0x0a, 0x0a, 0x09, 0x73, 0x74, 0x32, 0x20, 0x3d, 0x20, 0x76, 0x65, 0x63,
  0x32, 0x28, 0x73, 0x74, 0x32, 0x2e, 0x78, 0x20, 0x2a, 0x20, 0x74, 0x65,
  0x78, 0x4d, 0x61, 0x74, 0x72, 0x69, 0x78, 0x5b, 0x34, 0x5d, 0x2e, 0x78,
  0x20, 0x2b, 0x20, 0x73, 0x74, 0x32, 0x2e, 0x79, 0x20, 0x2a, 0x20, 0x74,
  0x65, 0x78, 0x4d, 0x61, 0x74, 0x72, 0x69, 0x78, 0x5b, 0x34, 0x5d, 0x2e,
  0x79, 0x20, 0x2b, 0x20, 0x74, 0x65, 0x78, 0x4d, 0x61, 0x74, 0x72, 0x69,
  0x78, 0x5b, 0x34, 0x5d, 0x2e, 0x7a, 0x2c, 0x0a, 0x09, 0x20, 0x20, 0x20,
  0x20, 0x20, 0x20, 0x20, 0x20, 0x20, 0x20, 0x20, 0x73, 0x74, 0x32, 0x2e,
  0x78, 0x20, 0x2a, 0x20, 0x74, 0x65, 0x78, 0x4d, 0x61, 0x74, 0x72, 0x69,
  0x78, 0x5b, 0x35, 0x5d, 0x2e, 0x78, 0x20, 0x2b, 0x20, 0x73, 0x74, 0x32,
  0x2e, 0x79, 0x20, 0x2a, 0x20, 0x74, 0x65, 0x78, 0x4d, 0x61, 0x74, 0x72,
  0x69, 0x78, 0x5b, 0x35, 0x5d, 0x2e, 0x79, 0x20, 0x2b, 0x20, 0x74, 0x65,
  0x78, 0x4d, 0x61, 0x74, 0x72, 0x69, 0x78, 0x5b, 0x35, 0x5d, 0x2e, 0x7a,
  0x29, 0x3b, 0x0a, 0x09, 0x73, 0x74, 0x32, 0x20, 0x2b, 0x3d, 0x20, 0x74,
  0x65, 0x78, 0x4d, 0x61, 0x74, 0x72, 0x69, 0x78, 0x5b, 0x34, 0x5d, 0x2e,
  0x77, 0x20, 0x2a, 0x20, 0x73, 0x69, 0x6e, 0x28, 0x6f, 0x66, 0x66, 0x73,
  0x65, 0x74, 0x50, 0x6f, 0x73, 0x20, 0x2a, 0x20, 0x28, 0x32, 0x2e, 0x30,
  0x20, 0x2a, 0x20, 0x4d, 0x5f, 0x50, 0x49, 0x20, 0x2f, 0x20, 0x31, 0x30,
  0x32, 0x34, 0x2e, 0x30, 0x29, 0x20, 0x2b, 0x20, 0x76, 0x65, 0x63, 0x32,
  0x28, 0x74, 0x65, 0x78, 0x4d, 0x61, 0x74, 0x72, 0x69, 0x78, 0x5b, 0x35,
  0x5d, 0x2e, 0x77, 0x20, 0x2a, 0x20, 0x32, 0x2e, 0x30, 0x20, 0x2a, 0x20,
  0x4d, 0x5f, 0x50, 0x49, 0x29, 0x29, 0x3b, 0x0a, 0x0a, 0x09, 0x73, 0x74,
  0x32, 0x20, 0x3d, 0x20, 0x76, 0x65, 0x63, 0x32, 0x28, 0x73, 0x74, 0x32,
  0x2e, 0x78, 0x20, 0x2a, 0x20, 0x74, 0x65, 0x78, 0x4d, 0x61, 0x74, 0x72,
  0x69, 0x78, 0x5b, 0x36, 0x5d, 0x2e, 0x78, 0x20, 0x2b, 0x20, 0x73, 0x74,
  0x32, 0x2e, 0x79, 0x20, 0x2a, 0x20, 0x74, 0x65, 0x78, 0x4d, 0x61, 0x74,
  0x72, 0x69, 0x78, 0x5b, 0x36, 0x5d, 0x2e, 0x79, 0x20, 0x2b, 0x20, 0x74,
  0x65, 0x78, 0x4d, 0x61, 0x74, 0x72, 0x69, 0x78, 0x5b, 0x36, 0x5d, 0x2e,
  0x7a, 0x2c, 0x0a, 0x09, 0x20, 0x20, 0x20, 0x20, 0x20, 0x20, 0x20, 0x20,
  0x20, 0x20, 0x20, 0x73, 0x74, 0x32, 0x2e, 0x78, 0x20, 0x2a, 0x20, 0x74,
  0x65, 0x78, 0x4d, 0x61, 0x74, 0x72, 0x69, 0x78, 0x5b, 0x37, 0x5d, 0x2e,
  0x78, 0x20, 0x2b, 0x20, 0x73, 0x74, 0x32, 0x2e, 0x79, 0x20, 0x2a, 0x20,
  0x74, 0x65, 0x78, 0x4d, 0x61, 0x74, 0x72, 0x69, 0x78, 0x5b, 0x37, 0x5d,
  0x2e, 0x79, 0x20, 0x2b, 0x20, 0x74, 0x65, 0x78, 0x4d, 0x61, 0x74, 0x72,
  0x69, 0x78, 0x5b, 0x37, 0x5d, 0x2e, 0x7a, 0x29, 0x3b, 0x0a, 0x09, 0x73,
  0x74, 0x32, 0x20, 0x2b, 0x3d, 0x20, 0x74, 0x65, 0x78, 0x4d, 0x61, 0x74,
  0x72, 0x69, 0x78, 0x5b, 0x36, 0x5d, 0x2e, 0x77, 0x20, 0x2a, 0x20, 0x73,
  0x69, 0x6e, 0x28, 0x6f, 0x66, 0x66, 0x73, 0x65, 0x74, 0x50, 0x6f, 0x73,
  0x20, 0x2a, 0x20, 0x28, 0x32, 0x2e, 0x30, 0x20, 0x2a, 0x20, 0x4d, 0x5f,
  0x50, 0x49, 0x20, 0x2f, 0x20, 0x31, 0x30, 0x32, 0x34, 0x2e, 0x30, 0x29,
  0x20, 0x2b, 0x20, 0x76, 0x65, 0x63, 0x32, 0x28, 0x74, 0x65, 0x78, 0x4d,
  0x61, 0x74, 0x72, 0x69, 0x78, 0x5b, 0x37, 0x5d, 0x2e, 0x77, 0x20, 0x2a,
  0x20, 0x32, 0x2e, 0x30, 0x20, 0x2a, 0x20, 0x4d, 0x5f, 0x50, 0x49, 0x29,
  0x29, 0x3b, 0x0a, 0x0a, 0x09, 0x72, 0x65, 0x74, 0x75, 0x72, 0x6e, 0x20,
  0x73, 0x74, 0x32, 0x3b, 0x0a, 0x7d, 0x0a, 0x23, 0x65, 0x6e, 0x64, 0x69,
  0x66, 0x0a, 0x0a, 0x23, 0x69, 0x66, 0x20, 0x64, 0x65, 0x66, 0x69, 0x6e,
  0x65, 0x64, 0x28, 0x55, 0x53, 0x45, 0x5f, 0x52, 0x47, 0x42, 0x41, 0x47,
  0x45, 0x4e, 0x29, 0x0a, 0x76, 0x65, 0x63, 0x34, 0x20, 0x43, 0x61, 0x6c,
  0x63, 0x43, 0x6f, 0x6c, 0x6f, 0x72, 0x28, 0x76, 0x65, 0x63, 0x33, 0x20,
  0x70, 0x6f, 0x73, 0x69, 0x74, 0x69, 0x6f, 0x6e, 0x2c, 0x20, 0x76, 0x65,
  0x63, 0x33, 0x20, 0x6e, 0x6f, 0x72, 0x6d, 0x61, 0x6c, 0x29, 0x0a, 0x7b,
  0x0a, 0x09, 0x76, 0x65, 0x63, 0x34, 0x20, 0x63, 0x6f, 0x6c, 0x6f, 0x72,
  0x20, 0x3d, 0x20, 0x75, 0x5f, 0x56, 0x65, 0x72, 0x74, 0x43, 0x6f, 0x6c,
  0x6f, 0x72, 0x20, 0x2a, 0x20, 0x61, 0x74, 0x74, 0x72, 0x5f, 0x43, 0x6f,
  0x6c, 0x6f, 0x72, 0x20, 0x2b, 0x20, 0x75, 0x5f, 0x42, 0x61, 0x73, 0x65,
  0x43, 0x6f, 0x6c, 0x6f, 0x72, 0x3b, 0x0a, 0x09, 0x0a, 0x09, 0x69, 0x66,
  0x20, 0x28, 0x75, 0x5f, 0x43, 0x6f, 0x6c, 0x6f, 0x72, 0x47, 0x65, 0x6e,
  0x20, 0x3d, 0x3d, 0x20, 0x43, 0x47, 0x45, 0x4e, 0x5f, 0x4c, 0x49, 0x47,
  0x48, 0x54, 0x49, 0x4e, 0x47, 0x5f, 0x44, 0x49, 0x46, 0x46, 0x55, 0x53,
  0x45, 0x29, 0x0a, 0x09, 0x7b, 0x0a, 0x09, 0x09, 0x66, 0x6c, 0x6f, 0x61,
  0x74, 0x20, 0x69, 0x6e, 0x63, 0x6f, 0x6d, 0x69, 0x6e, 0x67, 0x20, 0x3d,
  0x20, 0x63, 0x6c, 0x61, 0x6d, 0x70, 0x28, 0x64, 0x6f, 0x74, 0x28, 0x6e,
  0x6f, 0x72, 0x6d, 0x61, 0x6c, 0x2c, 0x20, 0x75, 0x5f, 0x4d, 0x6f, 0x64,
  0x65, 0x6c, 0x4c, 0x69, 0x67, 0x68, 0x74, 0x44, 0x69, 0x72, 0x29, 0x2c,
  0x20, 0x30, 0x2e, 0x30, 0x2c, 0x20, 0x31, 0x2e, 0x30, 0x29, 0x3b, 0x0a,
  0x0a, 0x09, 0x09, 0x63, 0x6f, 0x6c, 0x6f, 0x72, 0x2e, 0x72, 0x67, 0x62,
  0x20, 0x3d, 0x20, 0x63, 0x6c, 0x61, 0x6d, 0x70, 0x28, 0x75, 0x5f, 0x44,
  0x69, 0x72, 0x65, 0x63, 0x74, 0x65, 0x64, 0x4c, 0x69, 0x67, 0x68, 0x74,
  0x20, 0x2a, 0x20, 0x69, 0x6e, 0x63, 0x6f, 0x6d, 0x69, 0x6e, 0x67, 0x20,
  0x2b, 0x20, 0x75, 0x5f, 0x41, 0x6d, 0x62, 0x69, 0x65, 0x6e, 0x74, 0x4c,
  0x69, 0x67, 0x68, 0x74, 0x2c, 0x20, 0x30, 0x2e, 0x30, 0x2c, 0x20, 0x31,
  0x2e, 0x30, 0x29, 0x3b, 0x0a, 0x09, 0x7d, 0x0a, 0x09, 0x0a, 0x09, 0x76,
  0x65, 0x63, 0x33, 0x20, 0x76, 0x69, 0x65, 0x77, 0x65, 0x72, 0x20, 0x3d,
  0x20, 0x75, 0x5f, 0x4c, 0x6f, 0x63, 0x61, 0x6c, 0x56, 0x69, 0x65, 0x77,
  0x4f, 0x72, 0x69, 0x67, 0x69, 0x6e, 0x20, 0x2d, 0x20, 0x70, 0x6f, 0x73,
  0x69, 0x74, 0x69, 0x6f, 0x6e, 0x3b, 0x0a, 0x0a, 0x09, 0x69, 0x66, 0x20,
  0x28, 0x75, 0x5f, 0x41, 0x6c, 0x70, 0x68, 0x61, 0x47, 0x65, 0x6e, 0x20,
  0x3d, 0x3d, 0x20, 0x41, 0x47, 0x45, 0x4e, 0x5f, 0x4c, 0x49, 0x47, 0x48,
  0x54, 0x49, 0x4e, 0x47, 0x5f, 0x53, 0x50, 0x45, 0x43, 0x55, 0x4c, 0x41,
  0x52, 0x29, 0x0a, 0x09, 0x7b, 0x0a, 0x09, 0x09, 0x76, 0x65, 0x63, 0x33,
  0x20, 0x6c, 0x69, 0x67, 0x68, 0x74, 0x44, 0x69, 0x72, 0x20, 0x3d, 0x20,
  0x6e, 0x6f, 0x72, 0x6d, 0x61, 0x6c, 0x69, 0x7a, 0x65, 0x28, 0x76, 0x65,
  0x63, 0x33, 0x28, 0x2d, 0x39, 0x36, 0x30, 0x2e, 0x30, 0x2c, 0x20, 0x31,
  0x39, 0x38, 0x30, 0x2e, 0x30, 0x2c, 0x20, 0x39, 0x36, 0x2e, 0x30, 0x29,
  0x20, 0x2d, 0x20, 0x70, 0x6f, 0x73, 0x69, 0x74, 0x69, 0x6f, 0x6e, 0x29,
  0x3b, 0x0a, 0x09, 0x09, 0x76, 0x65, 0x63, 0x33, 0x20, 0x72, 0x65, 0x66,
  0x6c, 0x65, 0x63, 0x74, 0x65, 0x64, 0x20, 0x3d, 0x20, 0x2d, 0x72, 0x65,
  0x66, 0x6c, 0x65, 0x63, 0x74, 0x28, 0x6c, 0x69, 0x67, 0x68, 0x74, 0x44,
  0x69, 0x72, 0x2c, 0x20, 0x6e, 0x6f, 0x72, 0x6d, 0x61, 0x6c, 0x29, 0x3b,
  0x0a, 0x09, 0x09, 0x0a, 0x09, 0x09, 0x63, 0x6f, 0x6c, 0x6f, 0x72, 0x2e,
  0x61, 0x20, 0x3d, 0x20, 0x63, 0x6c, 0x61, 0x6d, 0x70, 0x28, 0x64, 0x6f,
  0x74, 0x28, 0x72, 0x65, 0x66, 0x6c, 0x65, 0x63, 0x74, 0x65, 0x64, 0x2c,
  0x20, 0x6e, 0x6f, 0x72, 0x6d, 0x61, 0x6c, 0x69, 0x7a, 0x65, 0x28, 0x76,
  0x69, 0x65, 0x77, 0x65, 0x72, 0x29, 0x29, 0x2c, 0x20, 0x30, 0x2e, 0x30,
  0x2c, 0x20, 0x31, 0x2e, 0x30, 0x29, 0x3b, 0x0a, 0x09, 0x09, 0x63, 0x6f,
  0x6c, 0x6f, 0x72, 0x2e, 0x61, 0x20, 0x2a, 0x3d, 0x20, 0x63, 0x6f, 0x6c,
  0x6f, 0x72, 0x2e, 0x61, 0x3b, 0x0a, 0x09, 0x09, 0x63, 0x6f, 0x6c, 0x6f,
  0x72, 0x2e, 0x61, 0x20, 0x2a, 0x3d, 0x20, 0x63, 0x6f, 0x6c, 0x6f, 0x72,
  0x2e, 0x61, 0x3b, 0x0a, 0x09, 0x7d, 0x0a, 0x09, 0x65, 0x6c, 0x73, 0x65,
  0x20, 0x69, 0x66, 0x20, 0x28, 0x75, 0x5f, 0x41, 0x6c, 0x70, 0x68, 0x61,
  0x47, 0x65, 0x6e, 0x20, 0x3d, 0x3d, 0x20, 0x41, 0x47, 0x45, 0x4e, 0x5f,
  0x50, 0x4f, 0x52, 0x54, 0x41, 0x4c, 0x29, 0x0a, 0x09, 0x7b, 0x0a, 0x09,
  0x09, 0x63, 0x6f, 0x6c, 0x6f, 0x72, 0x2e, 0x61, 0x20, 0x3d, 0x20, 0x63,
  0x6c, 0x61, 0x6d, 0x70, 0x28, 0x6c, 0x65, 0x6e, 0x67, 0x74, 0x68, 0x28,
  0x76, 0x69, 0x65, 0x77, 0x65, 0x72, 0x29, 0x20, 0x2f, 0x20, 0x75, 0x5f,
  0x50, 0x6f, 0x72, 0x74, 0x61, 0x6c, 0x52, 0x61, 0x6e, 0x67, 0x65, 0x2c,
  0x20, 0x30, 0x2e, 0x30, 0x2c, 0x20, 0x31, 0x2e, 0x30, 0x29, 0x3b, 0x0a,
  0x09, 0x7d, 0x0a, 0x09, 0x0a, 0x09, 0x72, 0x65, 0x74, 0x75, 0x72, 0x6e,
  0x20, 0x63, 0x6f, 0x6c, 0x6f, 0x72, 0x3b, 0x0a, 0x7d, 0x0a, 0x23, 0x65,
  0x6e, 0x64, 0x69, 0x66, 0x0a, 0x0a, 0x23, 0x69, 0x66, 0x20, 0x64, 0x65,
  0x66, 0x69, 0x6e, 0x65, 0x64, 0x28, 0x55, 0x53, 0x45, 0x5f, 0x46, 0x4f,
  0x47, 0x29, 0x0a, 0x66, 0x6c, 0x6f, 0x61, 0x74, 0x20, 0x43, 0x61, 0x6c,
  0x63, 0x46, 0x6f, 0x67, 0x28, 0x76, 0x65, 0x63, 0x33, 0x20, 0x70, 0x6f,
  0x73, 0x69, 0x74, 0x69, 0x6f, 0x6e, 0x29, 0x0a, 0x7b, 0x0a, 0x09, 0x66,
  0x6c, 0x6f, 0x61, 0x74, 0x20, 0x73, 0x20, 0x3d, 0x20, 0x64, 0x6f, 0x74,
  0x28, 0x76, 0x65, 0x63, 0x34, 0x28, 0x70, 0x6f, 0x73, 0x69, 0x74, 0x69,
  0x6f, 0x6e, 0x2c, 0x20, 0x31, 0x2e, 0x30, 0x29, 0x2c, 0x20, 0x75, 0x5f,
  0x46, 0x6f, 0x67, 0x44, 0x69, 0x73, 0x74, 0x61, 0x6e, 0x63, 0x65, 0x29,
  0x20, 0x2a, 0x20, 0x38, 0x2e, 0x30, 0x3b, 0x0a, 0x09, 0x66, 0x6c, 0x6f,
  0x61, 0x74, 0x20, 0x74, 0x20, 0x3d, 0x20, 0x64, 0x6f, 0x74, 0x28, 0x76,
  0x65, 0x63, 0x34, 0x28, 0x70, 0x6f, 0x73, 0x69, 0x74, 0x69, 0x6f, 0x6e,
  0x2c, 0x20, 0x31, 0x2e, 0x30, 0x29, 0x2c, 0x20, 0x75, 0x5f, 0x46, 0x6f,
  0x67, 0x44, 0x65, 0x70, 0x74, 0x68, 0x29, 0x3b, 0x0a, 0x0a, 0x09, 0x66,
  0x6c, 0x6f, 0x61, 0x74, 0x20, 0x65, 0x79, 0x65, 0x4f, 0x75, 0x74, 0x73,
  0x69, 0x64, 0x65, 0x20, 0x3d, 0x20, 0x66, 0x6c, 0x6f, 0x61, 0x74, 0x28,
  0x75, 0x5f, 0x46, 0x6f, 0x67, 0x45, 0x79, 0x65, 0x54, 0x20, 0x3c, 0x20,
  0x30, 0x2e, 0x30, 0x29, 0x3b, 0x0a, 0x09, 0x66, 0x6c, 0x6f, 0x61, 0x74,
  0x20, 0x66, 0x6f, 0x67, 0x67, 0x65, 0x64, 0x20, 0x3d, 0x20, 0x66, 0x6c,
  0x6f, 0x61, 0x74, 0x28, 0x74, 0x20, 0x3e, 0x3d, 0x20, 0x65, 0x79, 0x65,
  0x4f, 0x75, 0x74, 0x73, 0x69, 0x64, 0x65, 0x29, 0x3b, 0x0a, 0x0a, 0x09,
  0x74, 0x20, 0x2b, 0x3d, 0x20, 0x31, 0x65, 0x2d, 0x36, 0x3b, 0x0a, 0x09,
  0x74, 0x20, 0x2a, 0x3d, 0x20, 0x66, 0x6f, 0x67, 0x67, 0x65, 0x64, 0x20,
  0x2f, 0x20, 0x28, 0x74, 0x20, 0x2d, 0x20, 0x75, 0x5f, 0x46, 0x6f, 0x67,
  0x45, 0x79, 0x65, 0x54, 0x20, 0x2a, 0x20, 0x65, 0x79, 0x65, 0x4f, 0x75,
  0x74, 0x73, 0x69, 0x64, 0x65, 0x29, 0x3b, 0x0a, 0x0a, 0x09, 0x72, 0x65,
  0x74, 0x75, 0x72, 0x6e, 0x20, 0x73, 0x20, 0x2a, 0x20, 0x74, 0x3b, 0x0a,
  0x7d, 0x0a, 0x23, 0x65, 0x6e, 0x64, 0x69, 0x66, 0x0a, 0x0a, 0x76, 0x6f,
  0x69, 0x64, 0x20, 0x6d, 0x61, 0x69, 0x6e, 0x28, 0x29, 0x0a, 0x7b, 0x0a,
  0x23, 0x69, 0x66, 0x20, 0x64, 0x65, 0x66, 0x69, 0x6e, 0x65, 0x64, 0x28,
  0x55, 0x53, 0x45, 0x5f, 0x56, 0x45, 0x52, 0x54, 0x45, 0x58, 0x5f, 0x41,
  0x4e, 0x49, 0x4d, 0x41, 0x54, 0x49, 0x4f, 0x4e, 0x29, 0x0a, 0x09, 0x76,
  0x65, 0x63, 0x33, 0x20, 0x70, 0x6f, 0x73, 0x69, 0x74, 0x69, 0x6f, 0x6e,
  0x20, 0x20, 0x3d, 0x20, 0x6d, 0x69, 0x78, 0x28, 0x61, 0x74, 0x74, 0x72,
  0x5f, 0x50, 0x6f, 0x73, 0x69, 0x74, 0x69, 0x6f, 0x6e, 0x2c, 0x20, 0x61,
  0x74, 0x74, 0x72, 0x5f, 0x50, 0x6f, 0x73, 0x69, 0x74, 0x69, 0x6f, 0x6e,
  0x32, 0x2c, 0x20, 0x75, 0x5f, 0x56, 0x65, 0x72, 0x74, 0x65, 0x78, 0x4c,
  0x65, 0x72, 0x70, 0x29, 0x3b, 0x0a, 0x09, 0x76, 0x65, 0x63, 0x33, 0x20,
  0x6e, 0x6f, 0x72, 0x6d, 0x61, 0x6c, 0x20, 0x20, 0x20, 0x20, 0x3d, 0x20,
  0x6d, 0x69, 0x78, 0x28, 0x61, 0x74, 0x74, 0x72, 0x5f, 0x4e, 0x6f, 0x72,
  0x6d, 0x61, 0x6c, 0x2c, 0x20, 0x20, 0x20, 0x61, 0x74, 0x74, 0x72, 0x5f,
  0x4e, 0x6f, 0x72, 0x6d, 0x61, 0x6c, 0x32, 0x2c, 0x20, 0x20, 0x20, 0x75,
  0x5f, 0x56, 0x65, 0x72, 0x74, 0x65, 0x78, 0x4c, 0x65, 0x72, 0x70, 0x29,
  0x3b, 0x0a, 0x23, 0x65, 0x6c, 0x69, 0x66, 0x20, 0x64, 0x65, 0x66, 0x69,
  0x6e, 0x65, 0x64, 0x28, 0x55, 0x53, 0x45, 0x5f, 0x42, 0x4f, 0x4e, 0x45,
  0x5f, 0x41, 0x4e, 0x49, 0x4d, 0x41, 0x54, 0x49, 0x4f, 0x4e, 0x29, 0x0a,
  0x09, 0x6d, 0x61, 0x74, 0x34, 0x20, 0x76, 0x74, 0x78, 0x4d, 0x61, 0x74,
  0x20, 0x20, 0x3d, 0x20, 0x75, 0x5f, 0x42, 0x6f, 0x6e, 0x65, 0x4d, 0x61,
  0x74, 0x72, 0x69, 0x78, 0x5b, 0x69, 0x6e, 0x74, 0x28, 0x61, 0x74, 0x74,
  0x72, 0x5f, 0x42, 0x6f, 0x6e, 0x65, 0x49, 0x6e, 0x64, 0x65, 0x78, 0x65,
  0x73, 0x2e, 0x78, 0x29, 0x5d, 0x20, 0x2a, 0x20, 0x61, 0x74, 0x74, 0x72,
  0x5f, 0x42, 0x6f, 0x6e, 0x65, 0x57, 0x65, 0x69, 0x67, 0x68, 0x74, 0x73,
  0x2e, 0x78, 0x3b, 0x0a, 0x09, 0x20, 0x20, 0x20, 0x20, 0x20, 0x76, 0x74,
  0x78, 0x4d, 0x61, 0x74, 0x20, 0x2b, 0x3d, 0x20, 0x75, 0x5f, 0x42, 0x6f,
  0x6e, 0x65, 0x4d, 0x61, 0x74, 0x72, 0x69, 0x78, 0x5b, 0x69, 0x6e, 0x74,
  0x28, 0x61, 0x74, 0x74, 0x72, 0x5f, 0x42, 0x6f, 0x6e, 0x65, 0x49, 0x6e,
  0x64, 0x65, 0x78, 0x65, 0x73, 0x2e, 0x79, 0x29, 0x5d, 0x20, 0x2a, 0x20,
  0x61, 0x74, 0x74, 0x72, 0x5f, 0x42, 0x6f, 0x6e, 0x65, 0x57, 0x65, 0x69,
  0x67, 0x68, 0x74, 0x73, 0x2e, 0x79, 0x3b, 0x0a, 0x09, 0x20, 0x20, 0x20,
  0x20, 0x20, 0x76, 0x74, 0x78, 0x4d, 0x61, 0x74, 0x20, 0x2b, 0x3d, 0x20,
  0x75, 0x5f, 0x42, 0x6f, 0x6e, 0x65, 0x4d, 0x61, 0x74, 0x72, 0x69, 0x78,
  0x5b, 0x69, 0x6e, 0x74, 0x28, 0x61, 0x74, 0x74, 0x72, 0x5f, 0x42, 0x6f,
  0x6e, 0x65, 0x49, 0x6e, 0x64, 0x65, 0x78, 0x65, 0x73, 0x2e, 0x7a, 0x29,
  0x5d, 0x20, 0x2a, 0x20, 0x61, 0x74, 0x74, 0x72, 0x5f, 0x42, 0x6f, 0x6e,
  0x65, 0x57, 0x65, 0x69, 0x67, 0x68, 0x74, 0x73, 0x2e, 0x7a, 0x3b, 0x0a,
  0x09, 0x20, 0x20, 0x20, 0x20, 0x20, 0x76, 0x74, 0x78, 0x4d, 0x61, 0x74,
  0x20, 0x2b, 0x3d, 0x20, 0x75, 0x5f, 0x42, 0x6f, 0x6e, 0x65, 0x4d, 0x61,
  0x74, 0x72, 0x69, 0x78, 0x5b, 0x69, 0x6e, 0x74, 0x28, 0x61, 0x74, 0x74,
  0x72, 0x5f, 0x42, 0x6f, 0x6e, 0x65, 0x49, 0x6e, 0x64, 0x65, 0x78, 0x65,
  0x73, 0x2e, 0x77, 0x29, 0x5d, 0x20, 0x2a, 0x20, 0x61, 0x74, 0x74, 0x72,
  0x5f, 0x42, 0x6f, 0x6e, 0x65, 0x57, 0x65, 0x69, 0x67, 0x68, 0x74, 0x73,
  0x2e, 0x77, 0x3b, 0x0a, 0x09, 0x6d, 0x61, 0x74, 0x33, 0x20, 0x6e, 0x72,
  0x6d, 0x4d, 0x61, 0x74, 0x20, 0x3d, 0x20, 0x6d, 0x61, 0x74, 0x33, 0x28,
  0x63, 0x72, 0x6f, 0x73, 0x73, 0x28, 0x76, 0x74, 0x78, 0x4d, 0x61, 0x74,
  0x5b, 0x31, 0x5d, 0x2e, 0x78, 0x79, 0x7a, 0x2c, 0x20, 0x76, 0x74, 0x78,
  0x4d, 0x61, 0x74, 0x5b, 0x32, 0x5d, 0x2e, 0x78, 0x79, 0x7a, 0x29, 0x2c,
  0x20, 0x63, 0x72, 0x6f, 0x73, 0x73, 0x28, 0x76, 0x74, 0x78, 0x4d, 0x61,
  0x74, 0x5b, 0x32, 0x5d, 0x2e, 0x78, 0x79, 0x7a, 0x2c, 0x20, 0x76, 0x74,
  0x78, 0x4d, 0x61, 0x74, 0x5b, 0x30, 0x5d, 0x2e, 0x78, 0x79, 0x7a, 0x29,
  0x2c, 0x20, 0x63, 0x72, 0x6f, 0x73, 0x73, 0x28, 0x76, 0x74, 0x78, 0x4d,
  0x61, 0x74, 0x5b, 0x30, 0x5d, 0x2e, 0x78, 0x79, 0x7a, 0x2c, 0x20, 0x76,
  0x74, 0x78, 0x4d, 0x61, 0x74, 0x5b, 0x31, 0x5d, 0x2e, 0x78, 0x79, 0x7a,
  0x29, 0x29, 0x3b, 0x0a, 0x0a, 0x09, 0x76, 0x65, 0x63, 0x33, 0x20, 0x70,
  0x6f, 0x73, 0x69, 0x74, 0x69, 0x6f, 0x6e, 0x20, 0x20, 0x3d, 0x20, 0x76,
  0x65, 0x63, 0x33, 0x28, 0x76, 0x74, 0x78, 0x4d, 0x61, 0x74, 0x20, 0x2a,
  0x20, 0x76, 0x65, 0x63, 0x34, 0x28, 0x61, 0x74, 0x74, 0x72, 0x5f, 0x50,
  0x6f, 0x73, 0x69, 0x74, 0x69, 0x6f, 0x6e, 0x2c, 0x20, 0x31, 0x2e, 0x30,
  0x29, 0x29, 0x3b, 0x0a, 0x09, 0x76, 0x65, 0x63, 0x33, 0x20, 0x6e, 0x6f,
  0x72, 0x6d, 0x61, 0x6c, 0x20, 0x20, 0x20, 0x20, 0x3d, 0x20, 0x6e, 0x6f,
  0x72, 0x6d, 0x61, 0x6c, 0x69, 0x7a, 0x65, 0x28, 0x6e, 0x72, 0x6d, 0x4d,
  0x61, 0x74, 0x20, 0x2a, 0x20, 0x61, 0x74, 0x74, 0x72, 0x5f, 0x4e, 0x6f,
  0x72, 0x6d, 0x61, 0x6c, 0x29, 0x3b, 0x0a, 0x23, 0x65, 0x6c, 0x73, 0x65,
  0x0a, 0x09, 0x76, 0x65, 0x63, 0x33, 0x20, 0x70, 0x6f, 0x73, 0x69, 0x74,
  0x69, 0x6f, 0x6e, 0x20, 0x20, 0x3d, 0x20, 0x61, 0x74, 0x74, 0x72, 0x5f,
  0x50, 0x6f, 0x73, 0x69, 0x74, 0x69, 0x6f, 0x6e, 0x3b, 0x0a, 0x09, 0x76,
  0x65, 0x63, 0x33, 0x20, 0x6e, 0x6f, 0x72, 0x6d, 0x61, 0x6c, 0x20, 0x20,
  0x20, 0x20, 0x3d, 0x20, 0x61, 0x74, 0x74, 0x72, 0x5f, 0x4e, 0x6f, 0x72,
  0x6d, 0x61, 0x6c, 0x3b, 0x0a, 0x23, 0x65, 0x6e, 0x64, 0x69, 0x66, 0x0a,
  0x0a, 0x23, 0x69, 0x66, 0x20, 0x64, 0x65, 0x66, 0x69, 0x6e, 0x65, 0x64,
  0x28, 0x55, 0x53, 0x45, 0x5f, 0x44, 0x45, 0x46, 0x4f, 0x52, 0x4d, 0x5f,
  0x56, 0x45, 0x52, 0x54, 0x45, 0x58, 0x45, 0x53, 0x29, 0x0a, 0x09, 0x70,
  0x6f, 0x73, 0x69, 0x74, 0x69, 0x6f, 0x6e, 0x20, 0x3d, 0x20, 0x44, 0x65,
  0x66, 0x6f, 0x72, 0x6d, 0x50, 0x6f, 0x73, 0x69, 0x74, 0x69, 0x6f, 0x6e,
  0x28, 0x70, 0x6f, 0x73, 0x69, 0x74, 0x69, 0x6f, 0x6e, 0x2c, 0x20, 0x6e,
  0x6f, 0x72, 0x6d, 0x61, 0x6c, 0x2c, 0x20, 0x61, 0x74, 0x74, 0x72, 0x5f,
  0x54, 0x65, 0x78, 0x43, 0x6f, 0x6f, 0x72, 0x64, 0x30, 0x2e, 0x73, 0x74,
  0x29, 0x3b, 0x0a, 0x23, 0x65, 0x6e, 0x64, 0x69, 0x66, 0x0a, 0x0a, 0x09,
  0x67, 0x6c, 0x5f, 0x50, 0x6f, 0x73, 0x69, 0x74, 0x69, 0x6f, 0x6e, 0x20,
  0x3d, 0x20, 0x75, 0x5f, 0x4d, 0x6f, 0x64, 0x65, 0x6c, 0x56, 0x69, 0x65,
  0x77, 0x50, 0x72, 0x6f, 0x6a, 0x65, 0x63, 0x74, 0x69, 0x6f, 0x6e, 0x4d,
  0x61, 0x74, 0x72, 0x69, 0x78, 0x20, 0x2a, 0x20, 0x76, 0x65, 0x63, 0x34,
  0x28, 0x70, 0x6f, 0x73, 0x69, 0x74, 0x69, 0x6f, 0x6e, 0x2c, 0x20, 0x31,
  0x2e, 0x30, 0x29, 0x3b, 0x0a, 0x0a, 0x23, 0x69, 0x66, 0x20, 0x64, 0x65,
  0x66, 0x69, 0x6e, 0x65, 0x64, 0x28, 0x55, 0x53, 0x45, 0x5f, 0x54, 0x43,
  0x47, 0x45, 0x4e, 0x29, 0x0a, 0x09, 0x76, 0x65, 0x63, 0x32, 0x20, 0x74,
  0x65, 0x78, 0x20, 0x3d, 0x20, 0x47, 0x65, 0x6e, 0x54, 0x65, 0x78, 0x43,
  0x6f, 0x6f, 0x72, 0x64, 0x73, 0x28, 0x75, 0x5f, 0x54, 0x43, 0x47, 0x65,
  0x6e, 0x30, 0x2c, 0x20, 0x70, 0x6f, 0x73, 0x69, 0x74, 0x69, 0x6f, 0x6e,
  0x2c, 0x20, 0x6e, 0x6f, 0x72, 0x6d, 0x61, 0x6c, 0x2c, 0x20, 0x75, 0x5f,
  0x54, 0x43, 0x47, 0x65, 0x6e, 0x30, 0x56, 0x65, 0x63, 0x74, 0x6f, 0x72,
  0x30, 0x2c, 0x20, 0x75, 0x5f, 0x54, 0x43, 0x47, 0x65, 0x6e, 0x30, 0x56,
  0x65, 0x63, 0x74, 0x6f, 0x72, 0x31, 0x29, 0x3b, 0x0a, 0x23, 0x65, 0x6c,
  0x73, 0x65, 0x0a, 0x09, 0x76, 0x65, 0x63, 0x32, 0x20, 0x74, 0x65, 0x78,
  0x20, 0x3d, 0x20, 0x61, 0x74, 0x74, 0x72, 0x5f, 0x54, 0x65, 0x78, 0x43,
  0x6f, 0x6f, 0x72, 0x64, 0x30, 0x2e, 0x73, 0x74, 0x3b, 0x0a, 0x23, 0x65,
  0x6e, 0x64, 0x69, 0x66, 0x0a, 0x0a, 0x23, 0x69, 0x66, 0x20, 0x64, 0x65,
  0x66, 0x69, 0x6e, 0x65, 0x64, 0x28, 0x55, 0x53, 0x45, 0x5f, 0x54, 0x43,
  0x4d, 0x4f, 0x44, 0x29, 0x0a, 0x09, 0x76, 0x65, 0x63, 0x34, 0x20, 0x64,
  0x69, 0x66, 0x66, 0x75, 0x73, 0x65, 0x54, 0x65, 0x78, 0x4d, 0x61, 0x74,
  0x72, 0x69, 0x78, 0x5b, 0x38, 0x5d, 0x3b, 0x0a, 0x09, 0x64, 0x69, 0x66,
  0x66, 0x75, 0x73, 0x65, 0x54, 0x65, 0x78, 0x4d, 0x61, 0x74, 0x72, 0x69,
  0x78, 0x5b, 0x30, 0x5d, 0x20, 0x3d, 0x20, 0x75, 0x5f, 0x44, 0x69, 0x66,
  0x66, 0x75, 0x73, 0x65, 0x54, 0x65, 0x78, 0x4d, 0x61, 0x74, 0x72, 0x69,
  0x78, 0x30, 0x3b, 0x0a, 0x09, 0x64, 0x69, 0x66, 0x66, 0x75, 0x73, 0x65,
  0x54, 0x65, 0x78, 0x4d, 0x61, 0x74, 0x72, 0x69, 0x78, 0x5b, 0x31, 0x5d,
  0x20, 0x3d, 0x20, 0x75, 0x5f, 0x44, 0x69, 0x66, 0x66, 0x75, 0x73, 0x65,
  0x54, 0x65, 0x78, 0x4d, 0x61, 0x74, 0x72, 0x69, 0x78, 0x31, 0x3b, 0x0a,
  0x09, 0x64, 0x69, 0x66, 0x66, 0x75, 0x73, 0x65, 0x54, 0x65, 0x78, 0x4d,
  0x61, 0x74, 0x72, 0x69, 0x78, 0x5b, 0x32, 0x5d, 0x20, 0x3d, 0x20, 0x75,
  0x5f, 0x44, 0x69, 0x66, 0x66, 0x75, 0x73, 0x65, 0x54, 0x65, 0x78, 0x4d,
  0x61, 0x74, 0x72, 0x69, 0x78, 0x32, 0x3b, 0x0a, 0x09, 0x64, 0x69, 0x66,
  0x66, 0x75, 0x73, 0x65, 0x54, 0x65, 0x78, 0x4d, 0x61, 0x74, 0x72, 0x69,
  0x78, 0x5b, 0x33, 0x5d, 0x20, 0x3d, 0x20, 0x75, 0x5f, 0x44, 0x69, 0x66,
  0x66, 0x75, 0x73, 0x65, 0x54, 0x65, 0x78, 0x4d, 0x61, 0x74, 0x72, 0x69,
  0x78, 0x33, 0x3b, 0x0a, 0x09, 0x64, 0x69, 0x66, 0x66, 0x75, 0x73, 0x65,
  0x54, 0x65, 0x78, 0x4d, 0x61, 0x74, 0x72, 0x69, 0x78, 0x5b, 0x34, 0x5d,
  0x20, 0x3d, 0x20, 0x75, 0x5f, 0x44, 0x69, 0x66, 0x66, 0x75, 0x73, 0x65,
  0x54, 0x65, 0x78, 0x4d, 0x61, 0x74, 0x72, 0x69, 0x78, 0x34, 0x3b, 0x0a,
  0x09, 0x64, 0x69, 0x66, 0x66, 0x75, 0x73, 0x65, 0x54, 0x65, 0x78, 0x4d,
  0x61, 0x74, 0x72, 0x69, 0x78, 0x5b, 0x35, 0x5d, 0x20, 0x3d, 0x20, 0x75,
  0x5f, 0x44, 0x69, 0x66, 0x66, 0x75, 0x73, 0x65, 0x54, 0x65, 0x78, 0x4d,
  0x61, 0x74, 0x72, 0x69, 0x78, 0x35, 0x3b, 0x0a, 0x09, 0x64, 0x69, 0x66,
  0x66, 0x75, 0x73, 0x65, 0x54, 0x65, 0x78, 0x4d, 0x61, 0x74, 0x72, 0x69,
  0x78, 0x5b, 0x36, 0x5d, 0x20, 0x3d, 0x20, 0x75, 0x5f, 0x44, 0x69, 0x66,
  0x66, 0x75, 0x73, 0x65, 0x54, 0x65, 0x78, 0x4d, 0x61, 0x74, 0x72, 0x69,
  0x78, 0x36, 0x3b, 0x0a, 0x09, 0x64, 0x69, 0x66, 0x66, 0x75, 0x73, 0x65,
  0x54, 0x65, 0x78, 0x4d, 0x61, 0x74, 0x72, 0x69, 0x78, 0x5b, 0x37, 0x5d,
  0x20, 0x3d, 0x20, 0x75, 0x5f, 0x44, 0x69, 0x66, 0x66, 0x75, 0x73, 0x65,
  0x54, 0x65, 0x78, 0x4d, 0x61, 0x74, 0x72, 0x69, 0x78, 0x37, 0x3b, 0x0a,
  0x09, 0x76, 0x61, 0x72, 0x5f, 0x44, 0x69, 0x66, 0x66, 0x75, 0x73, 0x65,
  0x54, 0x65, 0x78, 0x20, 0x3d, 0x20, 0x4d, 0x6f, 0x64, 0x54, 0x65, 0x78,
  0x43, 0x6f, 0x6f, 0x72, 0x64, 0x73, 0x28, 0x74, 0x65, 0x78, 0x2c, 0x20,
  0x70, 0x6f, 0x73, 0x69, 0x74, 0x69, 0x6f, 0x6e, 0x2c, 0x20, 0x64, 0x69,
  0x66, 0x66, 0x75, 0x73, 0x65, 0x54, 0x65, 0x78, 0x4d, 0x61, 0x74, 0x72,
  0x69, 0x78, 0x29, 0x3b, 0x0a, 0x23, 0x65, 0x6c, 0x73, 0x65, 0x0a, 0x20,
  0x20, 0x20, 0x20, 0x76, 0x61, 0x72, 0x5f, 0x44, 0x69, 0x66, 0x66, 0x75,
  0x73, 0x65, 0x54, 0x65, 0x78, 0x20, 0x3d, 0x20, 0x74, 0x65, 0x78, 0x3b,
  0x0a, 0x23, 0x65, 0x6e, 0x64, 0x69, 0x66, 0x0a, 0x0a, 0x23, 0x69, 0x66,
  0x20, 0x64, 0x65, 0x66, 0x69, 0x6e, 0x65, 0x64, 0x28, 0x55, 0x53, 0x45,
  0x5f, 0x52, 0x47, 0x42, 0x41, 0x47, 0x45, 0x4e, 0x29, 0x0a, 0x09, 0x76,
  0x61, 0x72, 0x5f, 0x43, 0x6f, 0x6c, 0x6f, 0x72, 0x20, 0x3d, 0x20, 0x43,
  0x61, 0x6c, 0x63, 0x43, 0x6f, 0x6c, 0x6f, 0x72, 0x28, 0x70, 0x6f, 0x73,
  0x69, 0x74, 0x69, 0x6f, 0x6e, 0x2c, 0x20, 0x6e, 0x6f, 0x72, 0x6d, 0x61,
  0x6c, 0x29, 0x3b, 0x0a, 0x23, 0x65, 0x6c, 0x73, 0x65, 0x0a, 0x09, 0x76,
  0x61, 0x72, 0x5f, 0x43, 0x6f, 0x6c, 0x6f, 0x72, 0x20, 0x3d, 0x20, 0x75,
  0x5f, 0x56, 0x65, 0x72, 0x74, 0x43, 0x6f, 0x6c, 0x6f, 0x72, 0x20, 0x2a,
  0x20, 0x61, 0x74, 0x74, 0x72, 0x5f, 0x43, 0x6f, 0x6c, 0x6f, 0x72, 0x20,
  0x2b, 0x20, 0x75, 0x5f, 0x42, 0x61, 0x73, 0x65, 0x43, 0x6f, 0x6c, 0x6f,
  0x72, 0x3b, 0x0a, 0x23, 0x65, 0x6e, 0x64, 0x69, 0x66, 0x0a, 0x0a, 0x23,
  0x69, 0x66, 0x20, 0x64, 0x65, 0x66, 0x69, 0x6e, 0x65, 0x64, 0x28, 0x55,
  0x53, 0x45, 0x5f, 0x46, 0x4f, 0x47, 0x29, 0x0a, 0x09, 0x76, 0x61, 0x72,
  0x5f, 0x43, 0x6f, 0x6c, 0x6f, 0x72, 0x20, 0x2a, 0x3d, 0x20, 0x76, 0x65,
  0x63, 0x34, 0x28, 0x31, 0x2e, 0x30, 0x29, 0x20, 0x2d, 0x20, 0x75, 0x5f,
  0x46, 0x6f, 0x67, 0x43, 0x6f, 0x6c, 0x6f, 0x72, 0x4d, 0x61, 0x73, 0x6b,
  0x20, 0x2a, 0x20, 0x73, 0x71, 0x72, 0x74, 0x28, 0x63, 0x6c, 0x61, 0x6d,
  0x70, 0x28, 0x43, 0x61, 0x6c, 0x63, 0x46, 0x6f, 0x67, 0x28, 0x70, 0x6f,
  0x73, 0x69, 0x74, 0x69, 0x6f, 0x6e, 0x29, 0x2c, 0x20, 0x30, 0x2e, 0x30,
  0x2c, 0x20, 0x31, 0x2e, 0x30, 0x29, 0x29, 0x3b, 0x0a, 0x23, 0x65, 0x6e,
  0x64, 0x69, 0x66, 0x0a, 0x7d, 0x0a
};
unsigned int fallbackShader_generic_vp_len = 7578;
unsigned char fallbackShader_lightall_fp[] = {
  0x75, 0x6e, 0x69, 0x66, 0x6f, 0x72, 0x6d, 0x20, 0x73, 0x61, 0x6d, 0x70,
  0x6c, 0x65, 0x72, 0x32, 0x44, 0x20, 0x75, 0x5f, 0x44, 0x69, 0x66, 0x66,
  0x75, 0x73, 0x65, 0x4d, 0x61, 0x70, 0x3b, 0x0a, 0x0a, 0x23, 0x69, 0x66,
  0x20, 0x64, 0x65, 0x66, 0x69, 0x6e, 0x65, 0x64, 0x28, 0x55, 0x53, 0x45,
  0x5f, 0x4c, 0x49, 0x47, 0x48, 0x54, 0x4d, 0x41, 0x50, 0x29, 0x0a, 0x75,
  0x6e, 0x69, 0x66, 0x6f, 0x72, 0x6d, 0x20, 0x73, 0x61, 0x6d, 0x70, 0x6c,
  0x65, 0x72, 0x32, 0x44, 0x20, 0x75, 0x5f, 0x4c, 0x69, 0x67, 0x68, 0x74,
  0x4d, 0x61, 0x70, 0x3b, 0x0a, 0x23, 0x65, 0x6e, 0x64, 0x69, 0x66, 0x0a,
  0x0a, 0x23, 0x69, 0x66, 0x20, 0x64, 0x65, 0x66, 0x69, 0x6e, 0x65, 0x64,
  0x28, 0x55, 0x53, 0x45, 0x5f, 0x4e, 0x4f, 0x52, 0x4d, 0x41, 0x4c, 0x4d,
  0x41, 0x50, 0x29, 0x0a, 0x75, 0x6e, 0x69, 0x66, 0x6f, 0x72, 0x6d, 0x20,
  0x73, 0x61, 0x6d, 0x70, 0x6c, 0x65, 0x72, 0x32, 0x44, 0x20, 0x75, 0x5f,
  0x4e, 0x6f, 0x72, 0x6d, 0x61, 0x6c, 0x4d, 0x61, 0x70, 0x3b, 0x0a, 0x23,
  0x65, 0x6e, 0x64, 0x69, 0x66, 0x0a, 0x0a, 0x23, 0x69, 0x66, 0x20, 0x64,
  0x65, 0x66, 0x69, 0x6e, 0x65, 0x64, 0x28, 0x55, 0x53, 0x45, 0x5f, 0x44,
  0x45, 0x4c, 0x55, 0x58, 0x45, 0x4d, 0x41, 0x50, 0x29, 0x0a, 0x75, 0x6e,
  0x69, 0x66, 0x6f, 0x72, 0x6d, 0x20, 0x73, 0x61, 0x6d, 0x70, 0x6c, 0x65,
  0x72, 0x32, 0x44, 0x20, 0x75, 0x5f, 0x44, 0x65, 0x6c, 0x75, 0x78, 0x65,
  0x4d, 0x61, 0x70, 0x3b, 0x0a, 0x23, 0x65, 0x6e, 0x64, 0x69, 0x66, 0x0a,
  0x0a, 0x23, 0x69, 0x66, 0x20, 0x64, 0x65, 0x66, 0x69, 0x6e, 0x65, 0x64,
  0x28, 0x55, 0x53, 0x45, 0x5f, 0x53, 0x50, 0x45, 0x43, 0x55, 0x4c, 0x41,
  0x52, 0x4d, 0x41, 0x50, 0x29, 0x0a, 0x75, 0x6e, 0x69, 0x66, 0x6f, 0x72,
  0x6d, 0x20, 0x73, 0x61, 0x6d, 0x70, 0x6c, 0x65, 0x72, 0x32, 0x44, 0x20,
  0x75, 0x5f, 0x53, 0x70, 0x65, 0x63, 0x75, 0x6c, 0x61, 0x72, 0x4d, 0x61,
  0x70, 0x3b, 0x0a, 0x23, 0x65, 0x6e, 0x64, 0x69, 0x66, 0x0a, 0x0a, 0x23,
  0x69, 0x66, 0x20, 0x64, 0x65, 0x66, 0x69, 0x6e, 0x65, 0x64, 0x28, 0x55,
  0x53, 0x45, 0x5f, 0x53, 0x48, 0x41, 0x44, 0x4f, 0x57, 0x4d, 0x41, 0x50,
  0x29, 0x0a, 0x75, 0x6e, 0x69, 0x66, 0x6f, 0x72, 0x6d, 0x20, 0x73, 0x61,
  0x6d, 0x70, 0x6c, 0x65, 0x72, 0x32, 0x44, 0x20, 0x75, 0x5f, 0x53, 0x68,
  0x61, 0x64, 0x6f, 0x77, 0x4d, 0x61, 0x70, 0x3b, 0x0a, 0x23, 0x65, 0x6e,
  0x64, 0x69, 0x66, 0x0a, 0x0a, 0x23, 0x69, 0x66, 0x20, 0x64, 0x65, 0x66,
  0x69, 0x6e, 0x65, 0x64, 0x28, 0x55, 0x53, 0x45, 0x5f, 0x43, 0x55, 0x42,
  0x45, 0x4d, 0x41, 0x50, 0x29, 0x0a, 0x75, 0x6e, 0x69, 0x66, 0x6f, 0x72,
  0x6d, 0x20, 0x73, 0x61, 0x6d, 0x70, 0x6c, 0x65, 0x72, 0x43, 0x75, 0x62,
  0x65, 0x20, 0x75, 0x5f, 0x43, 0x75, 0x62, 0x65, 0x4d, 0x61, 0x70, 0x3b,
  0x0a, 0x23, 0x65, 0x6e, 0x64, 0x69, 0x66, 0x0a, 0x0a, 0x23, 0x69, 0x66,
  0x20, 0x64, 0x65, 0x66, 0x69, 0x6e, 0x65, 0x64, 0x28, 0x55, 0x53, 0x45,
  0x5f, 0x4e, 0x4f, 0x52, 0x4d, 0x41, 0x4c, 0x4d, 0x41, 0x50, 0x29, 0x20,
  0x7c, 0x7c, 0x20, 0x64, 0x65, 0x66, 0x69, 0x6e, 0x65, 0x64, 0x28, 0x55,
  0x53, 0x45, 0x5f, 0x44, 0x45, 0x4c, 0x55, 0x58, 0x45, 0x4d, 0x41, 0x50,
  0x29, 0x20, 0x7c, 0x7c, 0x20, 0x64, 0x65, 0x66, 0x69, 0x6e, 0x65, 0x64,
  0x28, 0x55, 0x53, 0x45, 0x5f, 0x53, 0x50, 0x45, 0x43, 0x55, 0x4c, 0x41,
  0x52, 0x4d, 0x41, 0x50, 0x29, 0x20, 0x7c, 0x7c, 0x20, 0x64, 0x65, 0x66,
  0x69, 0x6e, 0x65, 0x64, 0x28, 0x55, 0x53, 0x45, 0x5f, 0x43, 0x55, 0x42,
  0x45, 0x4d, 0x41, 0x50, 0x29, 0x0a, 0x2f, 0x2f, 0x20, 0x79, 0x20, 0x3d,
  0x20, 0x64, 0x65, 0x6c, 0x75, 0x78, 0x65, 0x2c, 0x20, 0x77, 0x20, 0x3d,
  0x20, 0x63, 0x75, 0x62, 0x65, 0x0a, 0x75, 0x6e, 0x69, 0x66, 0x6f, 0x72,
  0x6d, 0x20, 0x76, 0x65, 0x63, 0x34, 0x20, 0x20, 0x20, 0x20, 0x20, 0x20,
  0x75, 0x5f, 0x45, 0x6e, 0x61, 0x62, 0x6c, 0x65, 0x54, 0x65, 0x78, 0x74,
  0x75, 0x72, 0x65, 0x73, 0x3b, 0x20, 0x0a, 0x23, 0x65, 0x6e, 0x64, 0x69,
  0x66, 0x0a, 0x0a, 0x23, 0x69, 0x66, 0x20, 0x64, 0x65, 0x66, 0x69, 0x6e,
  0x65, 0x64, 0x28, 0x55, 0x53, 0x45, 0x5f, 0x50, 0x52, 0x49, 0x4d, 0x41,
  0x52, 0x59, 0x5f, 0x4c, 0x49, 0x47, 0x48, 0x54, 0x29, 0x20, 0x7c, 0x7c,
  0x20, 0x64, 0x65, 0x66, 0x69, 0x6e, 0x65, 0x64, 0x28, 0x55, 0x53, 0x45,
  0x5f, 0x53, 0x48, 0x41, 0x44, 0x4f, 0x57, 0x4d, 0x41, 0x50, 0x29, 0x0a,
  0x75, 0x6e, 0x69, 0x66, 0x6f, 0x72, 0x6d, 0x20, 0x76, 0x65, 0x63, 0x33,
  0x20, 0x20, 0x75, 0x5f, 0x50, 0x72, 0x69, 0x6d, 0x61, 0x72, 0x79, 0x4c,
  0x69, 0x67, 0x68, 0x74, 0x43, 0x6f, 0x6c, 0x6f, 0x72, 0x3b, 0x0a, 0x75,
  0x6e, 0x69, 0x66, 0x6f, 0x72, 0x6d, 0x20, 0x76, 0x65, 0x63, 0x33, 0x20,
  0x20, 0x75, 0x5f, 0x50, 0x72, 0x69, 0x6d, 0x61, 0x72, 0x79, 0x4c, 0x69,
  0x67, 0x68, 0x74, 0x41, 0x6d, 0x62, 0x69, 0x65, 0x6e, 0x74, 0x3b, 0x0a,
  0x23, 0x65, 0x6e, 0x64, 0x69, 0x66, 0x0a, 0x0a, 0x23, 0x69, 0x66, 0x20,
  0x64, 0x65, 0x66, 0x69, 0x6e, 0x65, 0x64, 0x28, 0x55, 0x53, 0x45, 0x5f,
  0x4c, 0x49, 0x47, 0x48, 0x54, 0x29, 0x20, 0x26, 0x26, 0x20, 0x21, 0x64,
  0x65, 0x66, 0x69, 0x6e, 0x65, 0x64, 0x28, 0x55, 0x53, 0x45, 0x5f, 0x46,
  0x41, 0x53, 0x54, 0x5f, 0x4c, 0x49, 0x47, 0x48, 0x54, 0x29, 0x0a, 0x75,
  0x6e, 0x69, 0x66, 0x6f, 0x72, 0x6d, 0x20, 0x76, 0x65, 0x63, 0x34, 0x20,
  0x20, 0x20, 0x20, 0x20, 0x20, 0x75, 0x5f, 0x4e, 0x6f, 0x72, 0x6d, 0x61,
  0x6c, 0x53, 0x63, 0x61, 0x6c, 0x65, 0x3b, 0x0a, 0x75, 0x6e, 0x69, 0x66,
  0x6f, 0x72, 0x6d, 0x20, 0x76, 0x65, 0x63, 0x34, 0x20, 0x20, 0x20, 0x20,
  0x20, 0x20, 0x75, 0x5f, 0x53, 0x70, 0x65, 0x63, 0x75, 0x6c, 0x61, 0x72,
  0x53, 0x63, 0x61, 0x6c, 0x65, 0x3b, 0x0a, 0x23, 0x65, 0x6e, 0x64, 0x69,
  0x66, 0x0a, 0x0a, 0x23, 0x69, 0x66, 0x20, 0x64, 0x65, 0x66, 0x69, 0x6e,
  0x65, 0x64, 0x28, 0x55, 0x53, 0x45, 0x5f, 0x4c, 0x49, 0x47, 0x48, 0x54,
  0x29, 0x20, 0x26, 0x26, 0x20, 0x21, 0x64, 0x65, 0x66, 0x69, 0x6e, 0x65,
  0x64, 0x28, 0x55, 0x53, 0x45, 0x5f, 0x46, 0x41, 0x53, 0x54, 0x5f, 0x4c,
  0x49, 0x47, 0x48, 0x54, 0x29, 0x0a, 0x23, 0x69, 0x66, 0x20, 0x64, 0x65,
  0x66, 0x69, 0x6e, 0x65, 0x64, 0x28, 0x55, 0x53, 0x45, 0x5f, 0x43, 0x55,
  0x42, 0x45, 0x4d, 0x41, 0x50, 0x29, 0x0a, 0x75, 0x6e, 0x69, 0x66, 0x6f,
  0x72, 0x6d, 0x20, 0x76, 0x65, 0x63, 0x34, 0x20, 0x20, 0x20, 0x20, 0x20,
  0x20, 0x75, 0x5f, 0x43, 0x75, 0x62, 0x65, 0x4d, 0x61, 0x70, 0x49, 0x6e,
  0x66, 0x6f, 0x3b, 0x0a, 0x23, 0x65, 0x6e, 0x64, 0x69, 0x66, 0x0a, 0x23,
  0x65, 0x6e, 0x64, 0x69, 0x66, 0x0a, 0x0a, 0x75, 0x6e, 0x69, 0x66, 0x6f,
  0x72, 0x6d, 0x20, 0x69, 0x6e, 0x74, 0x20, 0x20, 0x20, 0x20, 0x20, 0x20,
  0x20, 0x75, 0x5f, 0x41, 0x6c, 0x70, 0x68, 0x61, 0x54, 0x65, 0x73, 0x74,
  0x3b, 0x0a, 0x0a, 0x76, 0x61, 0x72, 0x79, 0x69, 0x6e, 0x67, 0x20, 0x76,
  0x65, 0x63, 0x34, 0x20, 0x20, 0x20, 0x20, 0x20, 0x20, 0x76, 0x61, 0x72,
  0x5f, 0x54, 0x65, 0x78, 0x43, 0x6f, 0x6f, 0x72, 0x64, 0x73, 0x3b, 0x0a,
  0x0a, 0x76, 0x61, 0x72, 0x79, 0x69, 0x6e, 0x67, 0x20, 0x76, 0x65, 0x63,
  0x34, 0x20, 0x20, 0x20, 0x20, 0x20, 0x20, 0x76, 0x61, 0x72, 0x5f, 0x43,
  0x6f, 0x6c, 0x6f, 0x72, 0x3b, 0x0a, 0x23, 0x69, 0x66, 0x20, 0x28, 0x64,
  0x65, 0x66, 0x69, 0x6e, 0x65, 0x64, 0x28, 0x55, 0x53, 0x45, 0x5f, 0x4c,
  0x49, 0x47, 0x48, 0x54, 0x29, 0x20, 0x26, 0x26, 0x20, 0x21, 0x64, 0x65,
  0x66, 0x69, 0x6e, 0x65, 0x64, 0x28, 0x55, 0x53, 0x45, 0x5f, 0x46, 0x41,
  0x53, 0x54, 0x5f, 0x4c, 0x49, 0x47, 0x48, 0x54, 0x29, 0x29, 0x0a, 0x76,
  0x61, 0x72, 0x79, 0x69, 0x6e, 0x67, 0x20, 0x76, 0x65, 0x63, 0x34, 0x20,
  0x20, 0x20, 0x20, 0x20, 0x20, 0x76, 0x61, 0x72, 0x5f, 0x43, 0x6f, 0x6c,
  0x6f, 0x72, 0x41, 0x6d, 0x62, 0x69, 0x65, 0x6e, 0x74, 0x3b, 0x0a, 0x23,
  0x65, 0x6e, 0x64, 0x69, 0x66, 0x0a, 0x0a, 0x23, 0x69, 0x66, 0x20, 0x28,
  0x64, 0x65, 0x66, 0x69, 0x6e, 0x65, 0x64, 0x28, 0x55, 0x53, 0x45, 0x5f,
  0x4c, 0x49, 0x47, 0x48, 0x54, 0x29, 0x20, 0x26, 0x26, 0x20, 0x21, 0x64,
  0x65, 0x66, 0x69, 0x6e, 0x65, 0x64, 0x28, 0x55, 0x53, 0x45, 0x5f, 0x46,
  0x41, 0x53, 0x54, 0x5f, 0x4c, 0x49, 0x47, 0x48, 0x54, 0x29, 0x29, 0x0a,
  0x76, 0x61, 0x72, 0x79, 0x69, 0x6e, 0x67, 0x20, 0x76, 0x65, 0x63, 0x34,
  0x20, 0x20, 0x20, 0x76, 0x61, 0x72, 0x5f, 0x4e, 0x6f, 0x72, 0x6d, 0x61,
  0x6c, 0x3b, 0x0a, 0x76, 0x61, 0x72, 0x79, 0x69, 0x6e, 0x67, 0x20, 0x76,
  0x65, 0x63, 0x34, 0x20, 0x20, 0x20, 0x76, 0x61, 0x72, 0x5f, 0x54, 0x61,
  0x6e, 0x67, 0x65, 0x6e, 0x74, 0x3b, 0x0a, 0x76, 0x61, 0x72, 0x79, 0x69,
  0x6e, 0x67, 0x20, 0x76, 0x65, 0x63, 0x34, 0x20, 0x20, 0x20, 0x76, 0x61,
  0x72, 0x5f, 0x42, 0x69, 0x74, 0x61, 0x6e, 0x67, 0x65, 0x6e, 0x74, 0x3b,
  0x0a, 0x23, 0x65, 0x6e, 0x64, 0x69, 0x66, 0x0a, 0x0a, 0x23, 0x69, 0x66,
  0x20, 0x64, 0x65, 0x66, 0x69, 0x6e, 0x65, 0x64, 0x28, 0x55, 0x53, 0x45,
  0x5f, 0x4c, 0x49, 0x47, 0x48, 0x54, 0x29, 0x20, 0x26, 0x26, 0x20, 0x21,
  0x64, 0x65, 0x66, 0x69, 0x6e, 0x65, 0x64, 0x28, 0x55, 0x53, 0x45, 0x5f,
  0x46, 0x41, 0x53, 0x54, 0x5f, 0x4c, 0x49, 0x47, 0x48, 0x54, 0x29, 0x0a,
  0x76, 0x61, 0x72, 0x79, 0x69, 0x6e, 0x67, 0x20, 0x76, 0x65, 0x63, 0x34,
  0x20, 0x20, 0x20, 0x20, 0x20, 0x20, 0x76, 0x61, 0x72, 0x5f, 0x4c, 0x69,
  0x67, 0x68, 0x74, 0x44, 0x69, 0x72, 0x3b, 0x0a, 0x23, 0x65, 0x6e, 0x64,
  0x69, 0x66, 0x0a, 0x0a, 0x23, 0x69, 0x66, 0x20, 0x64, 0x65, 0x66, 0x69,
  0x6e, 0x65, 0x64, 0x28, 0x55, 0x53, 0x45, 0x5f, 0x50, 0x52, 0x49, 0x4d,
  0x41, 0x52, 0x59, 0x5f, 0x4c, 0x49, 0x47, 0x48, 0x54, 0x29, 0x20, 0x7c,
  0x7c, 0x20, 0x64, 0x65, 0x66, 0x69, 0x6e, 0x65, 0x64, 0x28, 0x55, 0x53,
  0x45, 0x5f, 0x53, 0x48, 0x41, 0x44, 0x4f, 0x57, 0x4d, 0x41, 0x50, 0x29,
  0x0a, 0x76, 0x61, 0x72, 0x79, 0x69, 0x6e, 0x67, 0x20, 0x76, 0x65, 0x63,
  0x34, 0x20, 0x20, 0x20, 0x20, 0x20, 0x20, 0x76, 0x61, 0x72, 0x5f, 0x50,
  0x72, 0x69, 0x6d, 0x61, 0x72, 0x79, 0x4c, 0x69, 0x67, 0x68, 0x74, 0x44,
  0x69, 0x72, 0x3b, 0x0a, 0x23, 0x65, 0x6e, 0x64, 0x69, 0x66, 0x0a, 0x0a,
  0x0a, 0x23, 0x64, 0x65, 0x66, 0x69, 0x6e, 0x65, 0x20, 0x45, 0x50, 0x53,
  0x49, 0x4c, 0x4f, 0x4e, 0x20, 0x30, 0x2e, 0x30, 0x30, 0x30, 0x30, 0x30,
  0x30, 0x30, 0x31, 0x0a, 0x0a, 0x23, 0x69, 0x66, 0x20, 0x64, 0x65, 0x66,
  0x69, 0x6e, 0x65, 0x64, 0x28, 0x55, 0x53, 0x45, 0x5f, 0x50, 0x41, 0x52,
  0x41, 0x4c, 0x4c, 0x41, 0x58, 0x4d, 0x41, 0x50, 0x29, 0x0a, 0x66, 0x6c,
  0x6f, 0x61, 0x74, 0x20, 0x53, 0x61, 0x6d, 0x70, 0x6c, 0x65, 0x44, 0x65,
  0x70, 0x74, 0x68, 0x28, 0x73, 0x61, 0x6d, 0x70, 0x6c, 0x65, 0x72, 0x32,
  0x44, 0x20, 0x6e, 0x6f, 0x72, 0x6d, 0x61, 0x6c, 0x4d, 0x61, 0x70, 0x2c,
  0x20, 0x76, 0x65, 0x63, 0x32, 0x20, 0x74, 0x29, 0x0a, 0x7b, 0x0a, 0x20,
  0x20, 0x23, 0x69, 0x66, 0x20, 0x64, 0x65, 0x66, 0x69, 0x6e, 0x65, 0x64,
  0x28, 0x53, 0x57, 0x49, 0x5a, 0x5a, 0x4c, 0x45, 0x5f, 0x4e, 0x4f, 0x52,
  0x4d, 0x41, 0x4c, 0x4d, 0x41, 0x50, 0x29, 0x0a, 0x09, 0x72, 0x65, 0x74,
  0x75, 0x72, 0x6e, 0x20, 0x31, 0x2e, 0x30, 0x20, 0x2d, 0x20, 0x74, 0x65,
  0x78, 0x74, 0x75, 0x72, 0x65, 0x32, 0x44, 0x28, 0x6e, 0x6f, 0x72, 0x6d,
  0x61, 0x6c, 0x4d, 0x61, 0x70, 0x2c, 0x20, 0x74, 0x29, 0x2e, 0x72, 0x3b,
  0x0a, 0x20, 0x20, 0x23, 0x65, 0x6c, 0x73, 0x65, 0x0a, 0x09, 0x72, 0x65,
  0x74, 0x75, 0x72, 0x6e, 0x20, 0x31, 0x2e, 0x30, 0x20, 0x2d, 0x20, 0x74,
  0x65, 0x78, 0x74, 0x75, 0x72, 0x65, 0x32, 0x44, 0x28, 0x6e, 0x6f, 0x72,
  0x6d, 0x61, 0x6c, 0x4d, 0x61, 0x70, 0x2c, 0x20, 0x74, 0x29, 0x2e, 0x61,
  0x3b, 0x0a, 0x20, 0x20, 0x23, 0x65, 0x6e, 0x64, 0x69, 0x66, 0x0a, 0x7d,
  0x0a, 0x0a, 0x66, 0x6c, 0x6f, 0x61, 0x74, 0x20, 0x52, 0x61, 0x79, 0x49,
  0x6e, 0x74, 0x65, 0x72, 0x73, 0x65, 0x63, 0x74, 0x44, 0x69, 0x73, 0x70,
  0x6c, 0x61, 0x63, 0x65, 0x4d, 0x61, 0x70, 0x28, 0x76, 0x65, 0x63, 0x32,
  0x20, 0x64, 0x70, 0x2c, 0x20, 0x76, 0x65, 0x63, 0x32, 0x20, 0x64, 0x73,
  0x2c, 0x20, 0x73, 0x61, 0x6d, 0x70, 0x6c, 0x65, 0x72, 0x32, 0x44, 0x20,
  0x6e, 0x6f, 0x72, 0x6d, 0x61, 0x6c, 0x4d, 0x61, 0x70, 0x29, 0x0a, 0x7b,
  0x0a, 0x09, 0x63, 0x6f, 0x6e, 0x73, 0x74, 0x20, 0x69, 0x6e, 0x74, 0x20,
  0x6c, 0x69, 0x6e, 0x65, 0x61, 0x72, 0x53, 0x65, 0x61, 0x72, 0x63, 0x68,
  0x53, 0x74, 0x65, 0x70, 0x73, 0x20, 0x3d, 0x20, 0x31, 0x36, 0x3b, 0x0a,
  0x09, 0x63, 0x6f, 0x6e, 0x73, 0x74, 0x20, 0x69, 0x6e, 0x74, 0x20, 0x62,
  0x69, 0x6e, 0x61, 0x72, 0x79, 0x53, 0x65, 0x61, 0x72, 0x63, 0x68, 0x53,
  0x74, 0x65, 0x70, 0x73, 0x20, 0x3d, 0x20, 0x36, 0x3b, 0x0a, 0x0a, 0x09,
  0x2f, 0x2f, 0x20, 0x63, 0x75, 0x72, 0x72, 0x65, 0x6e, 0x74, 0x20, 0x73,
  0x69, 0x7a, 0x65, 0x20, 0x6f, 0x66, 0x20, 0x73, 0x65, 0x61, 0x72, 0x63,
  0x68, 0x20, 0x77, 0x69, 0x6e, 0x64, 0x6f, 0x77, 0x0a, 0x09, 0x66, 0x6c,
  0x6f, 0x61, 0x74, 0x20, 0x73, 0x69, 0x7a, 0x65, 0x20, 0x3d, 0x20, 0x31,
  0x2e, 0x30, 0x20, 0x2f, 0x20, 0x66, 0x6c, 0x6f, 0x61, 0x74, 0x28, 0x6c,
  0x69, 0x6e, 0x65, 0x61, 0x72, 0x53, 0x65, 0x61, 0x72, 0x63, 0x68, 0x53,
  0x74, 0x65, 0x70, 0x73, 0x29, 0x3b, 0x0a, 0x0a, 0x09, 0x2f, 0x2f, 0x20,
  0x61, 0x64, 0x6a, 0x75, 0x73, 0x74, 0x20, 0x70, 0x6f, 0x73, 0x69, 0x74,
  0x69, 0x6f, 0x6e, 0x20, 0x69, 0x66, 0x20, 0x6f, 0x66, 0x66, 0x73, 0x65,
  0x74, 0x20, 0x61, 0x62, 0x6f, 0x76, 0x65, 0x20, 0x73, 0x75, 0x72, 0x66,
  0x61, 0x63, 0x65, 0x0a, 0x09, 0x64, 0x70, 0x20, 0x2d, 0x3d, 0x20, 0x64,
  0x73, 0x20, 0x2a, 0x20, 0x72, 0x5f, 0x70, 0x61, 0x72, 0x61, 0x6c, 0x6c,
  0x61, 0x78, 0x4d, 0x61, 0x70, 0x4f, 0x66, 0x66, 0x73, 0x65, 0x74, 0x3b,
  0x0a, 0x0a, 0x09, 0x2f, 0x2f, 0x20, 0x63, 0x75, 0x72, 0x72, 0x65, 0x6e,
  0x74, 0x20, 0x64, 0x65, 0x70, 0x74, 0x68, 0x20, 0x70, 0x6f, 0x73, 0x69,
  0x74, 0x69, 0x6f, 0x6e, 0x0a, 0x09, 0x66, 0x6c, 0x6f, 0x61, 0x74, 0x20,
  0x64, 0x65, 0x70, 0x74, 0x68, 0x20, 0x3d, 0x20, 0x30, 0x2e, 0x30, 0x3b,
  0x0a, 0x0a, 0x09, 0x2f, 0x2f, 0x20, 0x62, 0x65, 0x73, 0x74, 0x20, 0x6d,
  0x61, 0x74, 0x63, 0x68, 0x20, 0x66, 0x6f, 0x75, 0x6e, 0x64, 0x20, 0x28,
  0x73, 0x74, 0x61, 0x72, 0x74, 0x73, 0x20, 0x77, 0x69, 0x74, 0x68, 0x20,
  0x6c, 0x61, 0x73, 0x74, 0x20, 0x70, 0x6f, 0x73, 0x69, 0x74, 0x69, 0x6f,
  0x6e, 0x20, 0x31, 0x2e, 0x30, 0x29, 0x0a, 0x09, 0x66, 0x6c, 0x6f, 0x61,
  0x74, 0x20, 0x62, 0x65, 0x73, 0x74, 0x44, 0x65, 0x70, 0x74, 0x68, 0x20,
  0x3d, 0x20, 0x31, 0x2e, 0x30, 0x3b, 0x0a, 0x0a, 0x09, 0x2f, 0x2f, 0x20,
  0x74, 0x65, 0x78, 0x74, 0x75, 0x72, 0x65, 0x20, 0x64, 0x65, 0x70, 0x74,
  0x68, 0x20, 0x61, 0x74, 0x20, 0x62, 0x65, 0x73, 0x74, 0x20, 0x64, 0x65,
  0x70, 0x74, 0x68, 0x0a, 0x09, 0x66, 0x6c, 0x6f, 0x61, 0x74, 0x20, 0x74,
  0x65, 0x78, 0x44, 0x65, 0x70, 0x74, 0x68, 0x20, 0x3d, 0x20, 0x30, 0x2e,
  0x30, 0x3b, 0x0a, 0x0a, 0x09, 0x66, 0x6c, 0x6f, 0x61, 0x74, 0x20, 0x70,
  0x72, 0x65, 0x76, 0x54, 0x20, 0x3d, 0x20, 0x53, 0x61, 0x6d, 0x70, 0x6c,
  0x65, 0x44, 0x65, 0x70, 0x74, 0x68, 0x28, 0x6e, 0x6f, 0x72, 0x6d, 0x61,
  0x6c, 0x4d, 0x61, 0x70, 0x2c, 0x20, 0x64, 0x70, 0x29, 0x3b, 0x0a, 0x09,
  0x66, 0x6c, 0x6f, 0x61, 0x74, 0x20, 0x70, 0x72, 0x65, 0x76, 0x54, 0x65,
  0x78, 0x44, 0x65, 0x70, 0x74, 0x68, 0x20, 0x3d, 0x20, 0x70, 0x72, 0x65,
  0x76, 0x54, 0x3b, 0x0a, 0x0a, 0x09, 0x2f, 0x2f, 0x20, 0x73, 0x65, 0x61,
  0x72, 0x63, 0x68, 0x20, 0x66, 0x72, 0x6f, 0x6e, 0x74, 0x20, 0x74, 0x6f,
  0x20, 0x62, 0x61, 0x63, 0x6b, 0x20, 0x66, 0x6f, 0x72, 0x20, 0x66, 0x69,
  0x72, 0x73, 0x74, 0x20, 0x70, 0x6f, 0x69, 0x6e, 0x74, 0x20, 0x69, 0x6e,
  0x73, 0x69, 0x64, 0x65, 0x20, 0x6f, 0x62, 0x6a, 0x65, 0x63, 0x74, 0x0a,
  0x09, 0x66, 0x6f, 0x72, 0x28, 0x69, 0x6e, 0x74, 0x20, 0x69, 0x20, 0x3d,
  0x20, 0x30, 0x3b, 0x20, 0x69, 0x20, 0x3c, 0x20, 0x6c, 0x69, 0x6e, 0x65,
  0x61, 0x72, 0x53, 0x65, 0x61, 0x72, 0x63, 0x68, 0x53, 0x74, 0x65, 0x70,
  0x73, 0x20, 0x2d, 0x20, 0x31, 0x3b, 0x20, 0x2b, 0x2b, 0x69, 0x29, 0x0a,
  0x09, 0x7b, 0x0a, 0x09, 0x09, 0x64, 0x65, 0x70, 0x74, 0x68, 0x20, 0x2b,
  0x3d, 0x20, 0x73, 0x69, 0x7a, 0x65, 0x3b, 0x0a, 0x09, 0x09, 0x0a, 0x09,
  0x09, 0x66, 0x6c, 0x6f, 0x61, 0x74, 0x20, 0x74, 0x20, 0x3d, 0x20, 0x53,
  0x61, 0x6d, 0x70, 0x6c, 0x65, 0x44, 0x65, 0x70, 0x74, 0x68, 0x28, 0x6e,
  0x6f, 0x72, 0x6d, 0x61, 0x6c, 0x4d, 0x61, 0x70, 0x2c, 0x20, 0x64, 0x70,
  0x20, 0x2b, 0x20, 0x64, 0x73, 0x20, 0x2a, 0x20, 0x64, 0x65, 0x70, 0x74,
  0x68, 0x29, 0x3b, 0x0a, 0x09, 0x09, 0x0a, 0x09, 0x09, 0x69, 0x66, 0x28,
  0x62, 0x65, 0x73, 0x74, 0x44, 0x65, 0x70, 0x74, 0x68, 0x20, 0x3e, 0x20,
  0x30, 0x2e, 0x39, 0x39, 0x36, 0x29, 0x09, 0x09, 0x2f, 0x2f, 0x20, 0x69,
  0x66, 0x20, 0x6e, 0x6f, 0x20, 0x64, 0x65, 0x70, 0x74, 0x68, 0x20, 0x66,
  0x6f, 0x75, 0x6e, 0x64, 0x20, 0x79, 0x65, 0x74, 0x0a, 0x09, 0x09, 0x09,
  0x69, 0x66, 0x28, 0x64, 0x65, 0x70, 0x74, 0x68, 0x20, 0x3e, 0x3d, 0x20,
  0x74, 0x29, 0x0a, 0x09, 0x09, 0x09, 0x7b, 0x0a, 0x09, 0x09, 0x09, 0x09,
  0x62, 0x65, 0x73, 0x74, 0x44, 0x65, 0x70, 0x74, 0x68, 0x20, 0x3d, 0x20,
  0x64, 0x65, 0x70, 0x74, 0x68, 0x3b, 0x09, 0x2f, 0x2f, 0x20, 0x73, 0x74,
  0x6f, 0x72, 0x65, 0x20, 0x62, 0x65, 0x73, 0x74, 0x20, 0x64, 0x65, 0x70,
  0x74, 0x68, 0x0a, 0x09, 0x09, 0x09, 0x09, 0x74, 0x65, 0x78, 0x44, 0x65,
  0x70, 0x74, 0x68, 0x20, 0x3d, 0x20, 0x74, 0x3b, 0x0a, 0x09, 0x09, 0x09,
  0x09, 0x70, 0x72, 0x65, 0x76, 0x54, 0x65, 0x78, 0x44, 0x65, 0x70, 0x74,
  0x68, 0x20, 0x3d, 0x20, 0x70, 0x72, 0x65, 0x76, 0x54, 0x3b, 0x0a, 0x09,
  0x09, 0x09, 0x7d, 0x0a, 0x09, 0x09, 0x70, 0x72, 0x65, 0x76, 0x54, 0x20,
  0x3d, 0x20, 0x74, 0x3b, 0x0a, 0x09, 0x7d, 0x0a, 0x0a, 0x09, 0x64, 0x65,
  0x70, 0x74, 0x68, 0x20, 0x3d, 0x20, 0x62, 0x65, 0x73, 0x74, 0x44, 0x65,
  0x70, 0x74, 0x68, 0x3b, 0x0a, 0x0a, 0x23, 0x69, 0x66, 0x20, 0x21, 0x64,
  0x65, 0x66, 0x69, 0x6e, 0x65, 0x64, 0x20, 0x28, 0x55, 0x53, 0x45, 0x5f,
  0x52, 0x45, 0x4c, 0x49, 0x45, 0x46, 0x4d, 0x41, 0x50, 0x29, 0x0a, 0x09,
  0x66, 0x6c, 0x6f, 0x61, 0x74, 0x20, 0x64, 0x69, 0x76, 0x20, 0x3d, 0x20,
  0x31, 0x2e, 0x30, 0x20, 0x2f, 0x20, 0x28, 0x31, 0x2e, 0x30, 0x20, 0x2b,
  0x20, 0x28, 0x70, 0x72, 0x65, 0x76, 0x54, 0x65, 0x78, 0x44, 0x65, 0x70,
  0x74, 0x68, 0x20, 0x2d, 0x20, 0x74, 0x65, 0x78, 0x44, 0x65, 0x70, 0x74,
  0x68, 0x29, 0x20, 0x2a, 0x20, 0x66, 0x6c, 0x6f, 0x61, 0x74, 0x28, 0x6c,
  0x69, 0x6e, 0x65, 0x61, 0x72, 0x53, 0x65, 0x61, 0x72, 0x63, 0x68, 0x53,
  0x74, 0x65, 0x70, 0x73, 0x29, 0x29, 0x3b, 0x0a, 0x09, 0x62, 0x65, 0x73,
  0x74, 0x44, 0x65, 0x70, 0x74, 0x68, 0x20, 0x2d, 0x3d, 0x20, 0x28, 0x64,
  0x65, 0x70, 0x74, 0x68, 0x20, 0x2d, 0x20, 0x73, 0x69, 0x7a, 0x65, 0x20,
  0x2d, 0x20, 0x70, 0x72, 0x65, 0x76, 0x54, 0x65, 0x78, 0x44, 0x65, 0x70,
  0x74, 0x68, 0x29, 0x20, 0x2a, 0x20, 0x64, 0x69, 0x76, 0x3b, 0x0a, 0x23,
  0x65, 0x6c, 0x73, 0x65, 0x0a, 0x09, 0x2f, 0x2f, 0x20, 0x72, 0x65, 0x63,
  0x75, 0x72, 0x73, 0x65, 0x20, 0x61, 0x72, 0x6f, 0x75, 0x6e, 0x64, 0x20,
  0x66, 0x69, 0x72, 0x73, 0x74, 0x20, 0x70, 0x6f, 0x69, 0x6e, 0x74, 0x20,
  0x28, 0x64, 0x65, 0x70, 0x74, 0x68, 0x29, 0x20, 0x66, 0x6f, 0x72, 0x20,
  0x63, 0x6c, 0x6f, 0x73, 0x65, 0x73, 0x74, 0x20, 0x6d, 0x61, 0x74, 0x63,
  0x68, 0x0a, 0x09, 0x66, 0x6f, 0x72, 0x28, 0x69, 0x6e, 0x74, 0x20, 0x69,
  0x20, 0x3d, 0x20, 0x30, 0x3b, 0x20, 0x69, 0x20, 0x3c, 0x20, 0x62, 0x69,
  0x6e, 0x61, 0x72, 0x79, 0x53, 0x65, 0x61, 0x72, 0x63, 0x68, 0x53, 0x74,
  0x65, 0x70, 0x73, 0x3b, 0x20, 0x2b, 0x2b, 0x69, 0x29, 0x0a, 0x09, 0x7b,
  0x0a, 0x09, 0x09, 0x73, 0x69, 0x7a, 0x65, 0x20, 0x2a, 0x3d, 0x20, 0x30,
  0x2e, 0x35, 0x3b, 0x0a, 0x0a, 0x09, 0x09, 0x66, 0x6c, 0x6f, 0x61, 0x74,
  0x20, 0x74, 0x20, 0x3d, 0x20, 0x53, 0x61, 0x6d, 0x70, 0x6c, 0x65, 0x44,
  0x65, 0x70, 0x74, 0x68, 0x28, 0x6e, 0x6f, 0x72, 0x6d, 0x61, 0x6c, 0x4d,
  0x61, 0x70, 0x2c, 0x20, 0x64, 0x70, 0x20, 0x2b, 0x20, 0x64, 0x73, 0x20,
  0x2a, 0x20, 0x64, 0x65, 0x70, 0x74, 0x68, 0x29, 0x3b, 0x0a, 0x09, 0x09,
  0x0a, 0x09, 0x09, 0x69, 0x66, 0x28, 0x64, 0x65, 0x70, 0x74, 0x68, 0x20,
  0x3e, 0x3d, 0x20, 0x74, 0x29, 0x0a, 0x09, 0x09, 0x7b, 0x0a, 0x09, 0x09,
  0x09, 0x62, 0x65, 0x73, 0x74, 0x44, 0x65, 0x70, 0x74, 0x68, 0x20, 0x3d,
  0x20, 0x64, 0x65, 0x70, 0x74, 0x68, 0x3b, 0x0a, 0x09, 0x09, 0x09, 0x64,
  0x65, 0x70, 0x74, 0x68, 0x20, 0x2d, 0x3d, 0x20, 0x32, 0x2e, 0x30, 0x20,
  0x2a, 0x20, 0x73, 0x69, 0x7a, 0x65, 0x3b, 0x0a, 0x09, 0x09, 0x7d, 0x0a,
  0x0a, 0x09, 0x09, 0x64, 0x65, 0x70, 0x74, 0x68, 0x20, 0x2b, 0x3d, 0x20,
  0x73, 0x69, 0x7a, 0x65, 0x3b, 0x0a, 0x09, 0x7d, 0x0a, 0x23, 0x65, 0x6e,
  0x64, 0x69, 0x66, 0x0a, 0x0a, 0x09, 0x72, 0x65, 0x74, 0x75, 0x72, 0x6e,
  0x20, 0x62, 0x65, 0x73, 0x74, 0x44, 0x65, 0x70, 0x74, 0x68, 0x20, 0x2d,
  0x20, 0x72, 0x5f, 0x70, 0x61, 0x72, 0x61, 0x6c, 0x6c, 0x61, 0x78, 0x4d,
  0x61, 0x70, 0x4f, 0x66, 0x66, 0x73, 0x65, 0x74, 0x3b, 0x0a, 0x7d, 0x0a,
  0x0a, 0x66, 0x6c, 0x6f, 0x61, 0x74, 0x20, 0x4c, 0x69, 0x67, 0x68, 0x74,
  0x52, 0x61, 0x79, 0x28, 0x76, 0x65, 0x63, 0x32, 0x20, 0x64, 0x70, 0x2c,
  0x20, 0x76, 0x65, 0x63, 0x32, 0x20, 0x64, 0x73, 0x2c, 0x20, 0x73, 0x61,
  0x6d, 0x70, 0x6c, 0x65, 0x72, 0x32, 0x44, 0x20, 0x6e, 0x6f, 0x72, 0x6d,
  0x61, 0x6c, 0x4d, 0x61, 0x70, 0x29, 0x0a, 0x7b, 0x0a, 0x09, 0x63, 0x6f,
  0x6e, 0x73, 0x74, 0x20, 0x69, 0x6e, 0x74, 0x20, 0x6c, 0x69, 0x6e, 0x65,
  0x61, 0x72, 0x53, 0x65, 0x61, 0x72, 0x63, 0x68, 0x53, 0x74, 0x65, 0x70,
  0x73, 0x20, 0x3d, 0x20, 0x31, 0x36, 0x3b, 0x0a, 0x0a, 0x09, 0x2f, 0x2f,
  0x20, 0x63, 0x75, 0x72, 0x72, 0x65, 0x6e, 0x74, 0x20, 0x73, 0x69, 0x7a,
  0x65, 0x20, 0x6f, 0x66, 0x20, 0x73, 0x65, 0x61, 0x72, 0x63, 0x68, 0x20,
  0x77, 0x69, 0x6e, 0x64, 0x6f, 0x77, 0x0a, 0x09, 0x66, 0x6c, 0x6f, 0x61,
  0x74, 0x20, 0x73, 0x69, 0x7a, 0x65, 0x20, 0x3d, 0x20, 0x31, 0x2e, 0x30,
  0x20, 0x2f, 0x20, 0x66, 0x6c, 0x6f, 0x61, 0x74, 0x28, 0x6c, 0x69, 0x6e,
  0x65, 0x61, 0x72, 0x53, 0x65, 0x61, 0x72, 0x63, 0x68, 0x53, 0x74, 0x65,
  0x70, 0x73, 0x29, 0x3b, 0x0a, 0x0a, 0x09, 0x2f, 0x2f, 0x20, 0x63, 0x75,
  0x72, 0x72, 0x65, 0x6e, 0x74, 0x20, 0x68, 0x65, 0x69, 0x67, 0x68, 0x74,
  0x20, 0x66, 0x72, 0x6f, 0x6d, 0x20, 0x69, 0x6e, 0x69, 0x74, 0x69, 0x61,
  0x6c, 0x20, 0x74, 0x65, 0x78, 0x65, 0x6c, 0x20, 0x64, 0x65, 0x70, 0x74,
  0x68, 0x0a, 0x09, 0x66, 0x6c, 0x6f, 0x61, 0x74, 0x20, 0x68, 0x65, 0x69,
  0x67, 0x68, 0x74, 0x20, 0x3d, 0x20, 0x30, 0x2e, 0x30, 0x3b, 0x0a, 0x0a,
  0x09, 0x66, 0x6c, 0x6f, 0x61, 0x74, 0x20, 0x73, 0x74, 0x61, 0x72, 0x74,
  0x44, 0x65, 0x70, 0x74, 0x68, 0x20, 0x3d, 0x20, 0x53, 0x61, 0x6d, 0x70,
  0x6c, 0x65, 0x44, 0x65, 0x70, 0x74, 0x68, 0x28, 0x6e, 0x6f, 0x72, 0x6d,
  0x61, 0x6c, 0x4d, 0x61, 0x70, 0x2c, 0x20, 0x64, 0x70, 0x29, 0x3b, 0x0a,
  0x0a, 0x09, 0x2f, 0x2f, 0x20, 0x66, 0x69, 0x6e, 0x64, 0x20, 0x61, 0x20,
  0x63, 0x6f, 0x6c, 0x6c, 0x69, 0x73, 0x69, 0x6f, 0x6e, 0x20, 0x6f, 0x72,
  0x20, 0x65, 0x73, 0x63, 0x61, 0x70, 0x65, 0x0a, 0x09, 0x66, 0x6f, 0x72,
  0x28, 0x69, 0x6e, 0x74, 0x20, 0x69, 0x20, 0x3d, 0x20, 0x30, 0x3b, 0x20,
  0x69, 0x20, 0x3c, 0x20, 0x6c, 0x69, 0x6e, 0x65, 0x61, 0x72, 0x53, 0x65,
  0x61, 0x72, 0x63, 0x68, 0x53, 0x74, 0x65, 0x70, 0x73, 0x20, 0x2d, 0x20,
  0x31, 0x3b, 0x20, 0x2b, 0x2b, 0x69, 0x29, 0x0a, 0x09, 0x7b, 0x0a, 0x09,
  0x09, 0x68, 0x65, 0x69, 0x67, 0x68, 0x74, 0x20, 0x2b, 0x3d, 0x20, 0x73,
  0x69, 0x7a, 0x65, 0x3b, 0x0a, 0x0a, 0x09, 0x09, 0x69, 0x66, 0x20, 0x28,
  0x73, 0x74, 0x61, 0x72, 0x74, 0x44, 0x65, 0x70, 0x74, 0x68, 0x20, 0x3c,
  0x20, 0x68, 0x65, 0x69, 0x67, 0x68, 0x74, 0x29, 0x0a, 0x09, 0x09, 0x09,
  0x72, 0x65, 0x74, 0x75, 0x72, 0x6e, 0x20, 0x31, 0x2e, 0x30, 0x3b, 0x0a,
  0x09, 0x09, 0x0a, 0x09, 0x09, 0x66, 0x6c, 0x6f, 0x61, 0x74, 0x20, 0x74,
  0x20, 0x3d, 0x20, 0x53, 0x61, 0x6d, 0x70, 0x6c, 0x65, 0x44, 0x65, 0x70,
  0x74, 0x68, 0x28, 0x6e, 0x6f, 0x72, 0x6d, 0x61, 0x6c, 0x4d, 0x61, 0x70,
  0x2c, 0x20, 0x64, 0x70, 0x20, 0x2b, 0x20, 0x64, 0x73, 0x20, 0x2a, 0x20,
  0x68, 0x65, 0x69, 0x67, 0x68, 0x74, 0x29, 0x3b, 0x0a, 0x0a, 0x09, 0x09,
  0x69, 0x66, 0x20, 0x28, 0x73, 0x74, 0x61, 0x72, 0x74, 0x44, 0x65, 0x70,
  0x74, 0x68, 0x20, 0x3e, 0x20, 0x74, 0x20, 0x2b, 0x20, 0x68, 0x65, 0x69,
  0x67, 0x68, 0x74, 0x29, 0x0a, 0x09, 0x09, 0x09, 0x72, 0x65, 0x74, 0x75,
  0x72, 0x6e, 0x20, 0x30, 0x2e, 0x30, 0x3b, 0x0a, 0x09, 0x7d, 0x0a, 0x0a,
  0x09, 0x72, 0x65, 0x74, 0x75, 0x72, 0x6e, 0x20, 0x31, 0x2e, 0x30, 0x3b,
  0x0a, 0x7d, 0x0a, 0x23, 0x65, 0x6e, 0x64, 0x69, 0x66, 0x0a, 0x0a, 0x76,
  0x65, 0x63, 0x33, 0x20, 0x43, 0x61, 0x6c, 0x63, 0x44, 0x69, 0x66, 0x66,
  0x75, 0x73, 0x65, 0x28, 0x76, 0x65, 0x63, 0x33, 0x20, 0x64, 0x69, 0x66,
  0x66, 0x75, 0x73, 0x65, 0x41, 0x6c, 0x62, 0x65, 0x64, 0x6f, 0x2c, 0x20,
  0x66, 0x6c, 0x6f, 0x61, 0x74, 0x20, 0x4e, 0x48, 0x2c, 0x20, 0x66, 0x6c,
  0x6f, 0x61, 0x74, 0x20, 0x45, 0x48, 0x2c, 0x20, 0x66, 0x6c, 0x6f, 0x61,
  0x74, 0x20, 0x72, 0x6f, 0x75, 0x67, 0x68, 0x6e, 0x65, 0x73, 0x73, 0x29,
  0x0a, 0x7b, 0x0a, 0x23, 0x69, 0x66, 0x20, 0x64, 0x65, 0x66, 0x69, 0x6e,
  0x65, 0x64, 0x28, 0x55, 0x53, 0x45, 0x5f, 0x42, 0x55, 0x52, 0x4c, 0x45,
  0x59, 0x29, 0x0a, 0x09, 0x2f, 0x2f, 0x20, 0x6d, 0x6f, 0x64, 0x69, 0x66,
  0x69, 0x65, 0x64, 0x20, 0x66, 0x72, 0x6f, 0x6d, 0x20, 0x68, 0x74, 0x74,
  0x70, 0x73, 0x3a, 0x2f, 0x2f, 0x64, 0x69, 0x73, 0x6e, 0x65, 0x79, 0x2d,
  0x61, 0x6e, 0x69, 0x6d, 0x61, 0x74, 0x69, 0x6f, 0x6e, 0x2e, 0x73, 0x33,
  0x2e, 0x61, 0x6d, 0x61, 0x7a, 0x6f, 0x6e, 0x61, 0x77, 0x73, 0x2e, 0x63,
  0x6f, 0x6d, 0x2f, 0x6c, 0x69, 0x62, 0x72, 0x61, 0x72, 0x79, 0x2f, 0x73,
  0x32, 0x30, 0x31, 0x32, 0x5f, 0x70, 0x62, 0x73, 0x5f, 0x64, 0x69, 0x73,
  0x6e, 0x65, 0x79, 0x5f, 0x62, 0x72, 0x64, 0x66, 0x5f, 0x6e, 0x6f, 0x74,
  0x65, 0x73, 0x5f, 0x76, 0x32, 0x2e, 0x70, 0x64, 0x66, 0x0a, 0x09, 0x66,
  0x6c, 0x6f, 0x61, 0x74, 0x20, 0x66, 0x64, 0x39, 0x30, 0x20, 0x3d, 0x20,
  0x2d, 0x30, 0x2e, 0x35, 0x20, 0x2b, 0x20, 0x45, 0x48, 0x20, 0x2a, 0x20,
  0x45, 0x48, 0x20, 0x2a, 0x20, 0x72, 0x6f, 0x75, 0x67, 0x68, 0x6e, 0x65,
  0x73, 0x73, 0x3b, 0x0a, 0x09, 0x66, 0x6c, 0x6f, 0x61, 0x74, 0x20, 0x62,
  0x75, 0x72, 0x6c, 0x65, 0x79, 0x20, 0x3d, 0x20, 0x31, 0x2e, 0x30, 0x20,
  0x2b, 0x20, 0x66, 0x64, 0x39, 0x30, 0x20, 0x2a, 0x20, 0x30, 0x2e, 0x30,
  0x34, 0x20, 0x2f, 0x20, 0x4e, 0x48, 0x3b, 0x0a, 0x09, 0x62, 0x75, 0x72,
  0x6c, 0x65, 0x79, 0x20, 0x2a, 0x3d, 0x20, 0x62, 0x75, 0x72, 0x6c, 0x65,
  0x79, 0x3b, 0x0a, 0x09, 0x72, 0x65, 0x74, 0x75, 0x72, 0x6e, 0x20, 0x64,
  0x69, 0x66, 0x66, 0x75, 0x73, 0x65, 0x41, 0x6c, 0x62, 0x65, 0x64, 0x6f,
  0x20, 0x2a, 0x20, 0x62, 0x75, 0x72, 0x6c, 0x65, 0x79, 0x3b, 0x0a, 0x23,
  0x65, 0x6c, 0x73, 0x65, 0x0a, 0x09, 0x72, 0x65, 0x74, 0x75, 0x72, 0x6e,
  0x20, 0x64, 0x69, 0x66, 0x66, 0x75, 0x73, 0x65, 0x41, 0x6c, 0x62, 0x65,
  0x64, 0x6f, 0x3b, 0x0a, 0x23, 0x65, 0x6e, 0x64, 0x69, 0x66, 0x0a, 0x7d,
  0x0a, 0x0a, 0x76, 0x65, 0x63, 0x33, 0x20, 0x45, 0x6e, 0x76, 0x69, 0x72,
  0x6f, 0x6e, 0x6d, 0x65, 0x6e, 0x74, 0x42, 0x52, 0x44, 0x46, 0x28, 0x66,
  0x6c, 0x6f, 0x61, 0x74, 0x20, 0x72, 0x6f, 0x75, 0x67, 0x68, 0x6e, 0x65,
  0x73, 0x73, 0x2c, 0x20, 0x66, 0x6c, 0x6f, 0x61, 0x74, 0x20, 0x4e, 0x45,
  0x2c, 0x20, 0x76, 0x65, 0x63, 0x33, 0x20, 0x73, 0x70, 0x65, 0x63, 0x75,
  0x6c, 0x61, 0x72, 0x29, 0x0a, 0x7b, 0x0a, 0x09, 0x2f, 0x2f, 0x20, 0x66,
  0x72, 0x6f, 0x6d, 0x20, 0x68, 0x74, 0x74, 0x70, 0x3a, 0x2f, 0x2f, 0x63,
  0x6f, 0x6d, 0x6d, 0x75, 0x6e, 0x69, 0x74, 0x79, 0x2e, 0x61, 0x72, 0x6d,
  0x2e, 0x63, 0x6f, 0x6d, 0x2f, 0x73, 0x65, 0x72, 0x76, 0x6c, 0x65, 0x74,
  0x2f, 0x4a, 0x69, 0x76, 0x65, 0x53, 0x65, 0x72, 0x76, 0x6c, 0x65, 0x74,
  0x2f, 0x64, 0x6f, 0x77, 0x6e, 0x6c, 0x6f, 0x61, 0x64, 0x2f, 0x39, 0x36,
  0x38, 0x39, 0x31, 0x35, 0x34, 0x36, 0x2d, 0x31, 0x39, 0x34, 0x39, 0x36,
  0x2f, 0x73, 0x69, 0x67, 0x67, 0x72, 0x61, 0x70, 0x68, 0x32, 0x30, 0x31,
  0x35, 0x2d, 0x6d, 0x6d, 0x67, 0x2d, 0x72, 0x65, 0x6e, 0x61, 0x6c, 0x64,
  0x61, 0x73, 0x2d, 0x73, 0x6c, 0x69, 0x64, 0x65, 0x73, 0x2e, 0x70, 0x64,
  0x66, 0x0a, 0x09, 0x66, 0x6c, 0x6f, 0x61, 0x74, 0x20, 0x76, 0x20, 0x3d,
  0x20, 0x31, 0x2e, 0x30, 0x20, 0x2d, 0x20, 0x6d, 0x61, 0x78, 0x28, 0x72,
  0x6f, 0x75, 0x67, 0x68, 0x6e, 0x65, 0x73, 0x73, 0x2c, 0x20, 0x4e, 0x45,
  0x29, 0x3b, 0x0a, 0x09, 0x76, 0x20, 0x2a, 0x3d, 0x20, 0x76, 0x20, 0x2a,
  0x20, 0x76, 0x3b, 0x0a, 0x09, 0x72, 0x65, 0x74, 0x75, 0x72, 0x6e, 0x20,
  0x76, 0x65, 0x63, 0x33, 0x28, 0x76, 0x29, 0x20, 0x2b, 0x20, 0x73, 0x70,
  0x65, 0x63, 0x75, 0x6c, 0x61, 0x72, 0x3b, 0x0a, 0x7d, 0x0a, 0x0a, 0x76,
  0x65, 0x63, 0x33, 0x20, 0x43, 0x61, 0x6c, 0x63, 0x53, 0x70, 0x65, 0x63,
  0x75, 0x6c, 0x61, 0x72, 0x28, 0x76, 0x65, 0x63, 0x33, 0x20, 0x73, 0x70,
  0x65, 0x63, 0x75, 0x6c, 0x61, 0x72, 0x2c, 0x20, 0x66, 0x6c, 0x6f, 0x61,
  0x74, 0x20, 0x4e, 0x48, 0x2c, 0x20, 0x66, 0x6c, 0x6f, 0x61, 0x74, 0x20,
  0x45, 0x48, 0x2c, 0x20, 0x66, 0x6c, 0x6f, 0x61, 0x74, 0x20, 0x72, 0x6f,
  0x75, 0x67, 0x68, 0x6e, 0x65, 0x73, 0x73, 0x29, 0x0a, 0x7b, 0x0a, 0x09,
  0x2f, 0x2f, 0x20, 0x66, 0x72, 0x6f, 0x6d, 0x20, 0x68, 0x74, 0x74, 0x70,
  0x3a, 0x2f, 0x2f, 0x63, 0x6f, 0x6d, 0x6d, 0x75, 0x6e, 0x69, 0x74, 0x79,
  0x2e, 0x61, 0x72, 0x6d, 0x2e, 0x63, 0x6f, 0x6d, 0x2f, 0x73, 0x65, 0x72,
  0x76, 0x6c, 0x65, 0x74, 0x2f, 0x4a, 0x69, 0x76, 0x65, 0x53, 0x65, 0x72,
  0x76, 0x6c, 0x65, 0x74, 0x2f, 0x64, 0x6f, 0x77, 0x6e, 0x6c, 0x6f, 0x61,
  0x64, 0x2f, 0x39, 0x36, 0x38, 0x39, 0x31, 0x35, 0x34, 0x36, 0x2d, 0x31,
  0x39, 0x34, 0x39, 0x36, 0x2f, 0x73, 0x69, 0x67, 0x67, 0x72, 0x61, 0x70,
  0x68, 0x32, 0x30, 0x31, 0x35, 0x2d, 0x6d, 0x6d, 0x67, 0x2d, 0x72, 0x65,
  0x6e, 0x61, 0x6c, 0x64, 0x61, 0x73, 0x2d, 0x73, 0x6c, 0x69, 0x64, 0x65,
  0x73, 0x2e, 0x70, 0x64, 0x66, 0x0a, 0x09, 0x66, 0x6c, 0x6f, 0x61, 0x74,
  0x20, 0x72, 0x72, 0x20, 0x3d, 0x20, 0x72, 0x6f, 0x75, 0x67, 0x68, 0x6e,
  0x65, 0x73, 0x73, 0x2a, 0x72, 0x6f, 0x75, 0x67, 0x68, 0x6e, 0x65, 0x73,
  0x73, 0x3b, 0x0a, 0x09, 0x66, 0x6c, 0x6f, 0x61, 0x74, 0x20, 0x72, 0x72,
  0x72, 0x72, 0x20, 0x3d, 0x20, 0x72, 0x72, 0x2a, 0x72, 0x72, 0x3b, 0x0a,
  0x09, 0x66, 0x6c, 0x6f, 0x61, 0x74, 0x20, 0x64, 0x20, 0x3d, 0x20, 0x28,
  0x4e, 0x48, 0x20, 0x2a, 0x20, 0x4e, 0x48, 0x29, 0x20, 0x2a, 0x20, 0x28,
  0x72, 0x72, 0x72, 0x72, 0x20, 0x2d, 0x20, 0x31, 0x2e, 0x30, 0x29, 0x20,
  0x2b, 0x20, 0x31, 0x2e, 0x30, 0x3b, 0x0a, 0x09, 0x66, 0x6c, 0x6f, 0x61,
  0x74, 0x20, 0x76, 0x20, 0x3d, 0x20, 0x28, 0x45, 0x48, 0x20, 0x2a, 0x20,
  0x45, 0x48, 0x29, 0x20, 0x2a, 0x20, 0x28, 0x72, 0x6f, 0x75, 0x67, 0x68,
  0x6e, 0x65, 0x73, 0x73, 0x20, 0x2b, 0x20, 0x30, 0x2e, 0x35, 0x29, 0x20,
  0x2b, 0x20, 0x45, 0x50, 0x53, 0x49, 0x4c, 0x4f, 0x4e, 0x3b, 0x0a, 0x09,
  0x72, 0x65, 0x74, 0x75, 0x72, 0x6e, 0x20, 0x73, 0x70, 0x65, 0x63, 0x75,
  0x6c, 0x61, 0x72, 0x20, 0x2a, 0x20, 0x28, 0x72, 0x72, 0x72, 0x72, 0x20,
  0x2f, 0x20, 0x28, 0x34, 0x2e, 0x30, 0x20, 0x2a, 0x20, 0x64, 0x20, 0x2a,
  0x20, 0x64, 0x20, 0x2a, 0x20, 0x76, 0x29, 0x29, 0x3b, 0x0a, 0x7d, 0x0a,
  0x0a, 0x0a, 0x66, 0x6c, 0x6f, 0x61, 0x74, 0x20, 0x43, 0x61, 0x6c, 0x63,
  0x4c, 0x69, 0x67, 0x68, 0x74, 0x41, 0x74, 0x74, 0x65, 0x6e, 0x75, 0x61,
  0x74, 0x69, 0x6f, 0x6e, 0x28, 0x66, 0x6c, 0x6f, 0x61, 0x74, 0x20, 0x70,
  0x6f, 0x69, 0x6e, 0x74, 0x2c, 0x20, 0x66, 0x6c, 0x6f, 0x61, 0x74, 0x20,
  0x6e, 0x6f, 0x72, 0x6d, 0x44, 0x69, 0x73, 0x74, 0x29, 0x0a, 0x7b, 0x0a,
  0x09, 0x2f, 0x2f, 0x20, 0x7a, 0x65, 0x72, 0x6f, 0x20, 0x6c, 0x69, 0x67,
  0x68, 0x74, 0x20, 0x61, 0x74, 0x20, 0x31, 0x2e, 0x30, 0x2c, 0x20, 0x61,
  0x70, 0x70, 0x72, 0x6f, 0x78, 0x69, 0x6d, 0x61, 0x74, 0x69, 0x6e, 0x67,
  0x20, 0x71, 0x33, 0x20, 0x73, 0x74, 0x79, 0x6c, 0x65, 0x0a, 0x09, 0x2f,
  0x2f, 0x20, 0x61, 0x6c, 0x73, 0x6f, 0x20, 0x64, 0x6f, 0x6e, 0x27, 0x74,
  0x20, 0x61, 0x74, 0x74, 0x65, 0x6e, 0x75, 0x61, 0x74, 0x65, 0x20, 0x64,
  0x69, 0x72, 0x65, 0x63, 0x74, 0x69, 0x6f, 0x6e, 0x61, 0x6c, 0x20, 0x6c,
  0x69, 0x67, 0x68, 0x74, 0x0a, 0x09, 0x66, 0x6c, 0x6f, 0x61, 0x74, 0x20,
  0x61, 0x74, 0x74, 0x65, 0x6e, 0x75, 0x61, 0x74, 0x69, 0x6f, 0x6e, 0x20,
  0x3d, 0x20, 0x28, 0x30, 0x2e, 0x35, 0x20, 0x2a, 0x20, 0x6e, 0x6f, 0x72,
  0x6d, 0x44, 0x69, 0x73, 0x74, 0x20, 0x2d, 0x20, 0x31, 0x2e, 0x35, 0x29,
  0x20, 0x2a, 0x20, 0x70, 0x6f, 0x69, 0x6e, 0x74, 0x20, 0x2b, 0x20, 0x31,
  0x2e, 0x30, 0x3b, 0x0a, 0x0a, 0x09, 0x2f, 0x2f, 0x20, 0x63, 0x6c, 0x61,
  0x6d, 0x70, 0x20, 0x61, 0x74, 0x74, 0x65, 0x6e, 0x75, 0x61, 0x74, 0x69,
  0x6f, 0x6e, 0x0a, 0x09, 0x23, 0x69, 0x66, 0x20, 0x64, 0x65, 0x66, 0x69,
  0x6e, 0x65, 0x64, 0x28, 0x4e, 0x4f, 0x5f, 0x4c, 0x49, 0x47, 0x48, 0x54,
  0x5f, 0x43, 0x4c, 0x41, 0x4d, 0x50, 0x29, 0x0a, 0x09, 0x61, 0x74, 0x74,
  0x65, 0x6e, 0x75, 0x61, 0x74, 0x69, 0x6f, 0x6e, 0x20, 0x3d, 0x20, 0x6d,
  0x61, 0x78, 0x28, 0x61, 0x74, 0x74, 0x65, 0x6e, 0x75, 0x61, 0x74, 0x69,
  0x6f, 0x6e, 0x2c, 0x20, 0x30, 0x2e, 0x30, 0x29, 0x3b, 0x0a, 0x09, 0x23,
  0x65, 0x6c, 0x73, 0x65, 0x0a, 0x09, 0x61, 0x74, 0x74, 0x65, 0x6e, 0x75,
  0x61, 0x74, 0x69, 0x6f, 0x6e, 0x20, 0x3d, 0x20, 0x63, 0x6c, 0x61, 0x6d,
  0x70, 0x28, 0x61, 0x74, 0x74, 0x65, 0x6e, 0x75, 0x61, 0x74, 0x69, 0x6f,
  0x6e, 0x2c, 0x20, 0x30, 0x2e, 0x30, 0x2c, 0x20, 0x31, 0x2e, 0x30, 0x29,
  0x3b, 0x0a, 0x09, 0x23, 0x65, 0x6e, 0x64, 0x69, 0x66, 0x0a, 0x0a, 0x09,
  0x72, 0x65, 0x74, 0x75, 0x72, 0x6e, 0x20, 0x61, 0x74, 0x74, 0x65, 0x6e,
  0x75, 0x61, 0x74, 0x69, 0x6f, 0x6e, 0x3b, 0x0a, 0x7d, 0x0a, 0x0a, 0x23,
  0x69, 0x66, 0x20, 0x64, 0x65, 0x66, 0x69, 0x6e, 0x65, 0x64, 0x28, 0x55,
  0x53, 0x45, 0x5f, 0x42, 0x4f, 0x58, 0x5f, 0x43, 0x55, 0x42, 0x45, 0x4d,
  0x41, 0x50, 0x5f, 0x50, 0x41, 0x52, 0x41, 0x4c, 0x4c, 0x41, 0x58, 0x29,
  0x0a, 0x76, 0x65, 0x63, 0x34, 0x20, 0x68, 0x69, 0x74, 0x43, 0x75, 0x62,
  0x65, 0x28, 0x76, 0x65, 0x63, 0x33, 0x20, 0x72, 0x61, 0x79, 0x2c, 0x20,
  0x76, 0x65, 0x63, 0x33, 0x20, 0x70, 0x6f, 0x73, 0x2c, 0x20, 0x76, 0x65,
  0x63, 0x33, 0x20, 0x69, 0x6e, 0x76, 0x53, 0x69, 0x7a, 0x65, 0x2c, 0x20,
  0x66, 0x6c, 0x6f, 0x61, 0x74, 0x20, 0x6c, 0x6f, 0x64, 0x2c, 0x20, 0x73,
  0x61, 0x6d, 0x70, 0x6c, 0x65, 0x72, 0x43, 0x75, 0x62, 0x65, 0x20, 0x74,
  0x65, 0x78, 0x29, 0x0a, 0x7b, 0x0a, 0x09, 0x2f, 0x2f, 0x20, 0x66, 0x69,
  0x6e, 0x64, 0x20, 0x61, 0x6e, 0x79, 0x20, 0x68, 0x69, 0x74, 0x73, 0x20,
  0x6f, 0x6e, 0x20, 0x63, 0x75, 0x62, 0x65, 0x6d, 0x61, 0x70, 0x20, 0x66,
  0x61, 0x63, 0x65, 0x73, 0x20, 0x66, 0x61, 0x63, 0x69, 0x6e, 0x67, 0x20,
  0x74, 0x68, 0x65, 0x20, 0x63, 0x61, 0x6d, 0x65, 0x72, 0x61, 0x0a, 0x09,
  0x76, 0x65, 0x63, 0x33, 0x20, 0x73, 0x63, 0x61, 0x6c, 0x65, 0x20, 0x3d,
  0x20, 0x28, 0x73, 0x69, 0x67, 0x6e, 0x28, 0x72, 0x61, 0x79, 0x29, 0x20,
  0x2d, 0x20, 0x70, 0x6f, 0x73, 0x29, 0x20, 0x2f, 0x20, 0x72, 0x61, 0x79,
  0x3b, 0x0a, 0x0a, 0x09, 0x2f, 0x2f, 0x20, 0x66, 0x69, 0x6e, 0x64, 0x20,
  0x74, 0x68, 0x65, 0x20, 0x6e, 0x65, 0x61, 0x72, 0x65, 0x73, 0x74, 0x20,
  0x68, 0x69, 0x74, 0x0a, 0x09, 0x66, 0x6c, 0x6f, 0x61, 0x74, 0x20, 0x6d,
  0x69, 0x6e, 0x53, 0x63, 0x61, 0x6c, 0x65, 0x20, 0x3d, 0x20, 0x6d, 0x69,
  0x6e, 0x28, 0x6d, 0x69, 0x6e, 0x28, 0x73, 0x63, 0x61, 0x6c, 0x65, 0x2e,
  0x78, 0x2c, 0x20, 0x73, 0x63, 0x61, 0x6c, 0x65, 0x2e, 0x79, 0x29, 0x2c,
  0x20, 0x73, 0x63, 0x61, 0x6c, 0x65, 0x2e, 0x7a, 0x29, 0x3b, 0x0a, 0x0a,
  0x09, 0x2f, 0x2f, 0x20, 0x69, 0x66, 0x20, 0x74, 0x68, 0x65, 0x20, 0x6e,
  0x65, 0x61, 0x72, 0x65, 0x73, 0x74, 0x20, 0x68, 0x69, 0x74, 0x20, 0x69,
  0x73, 0x20, 0x62, 0x65, 0x68, 0x69, 0x6e, 0x64, 0x20, 0x74, 0x68, 0x65,
  0x20, 0x63, 0x61, 0x6d, 0x65, 0x72, 0x61, 0x2c, 0x20, 0x69, 0x67, 0x6e,
  0x6f, 0x72, 0x65, 0x0a, 0x09, 0x2f, 0x2f, 0x20, 0x73, 0x68, 0x6f, 0x75,
  0x6c, 0x64, 0x20, 0x6e, 0x6f, 0x74, 0x20, 0x62, 0x65, 0x20, 0x6e, 0x65,
  0x63, 0x65, 0x73, 0x73, 0x61, 0x72, 0x79, 0x20, 0x61, 0x73, 0x20, 0x6c,
  0x6f, 0x6e, 0x67, 0x20, 0x61, 0x73, 0x20, 0x70, 0x6f, 0x73, 0x20, 0x69,
  0x73, 0x20, 0x69, 0x6e, 0x73, 0x69, 0x64, 0x65, 0x20, 0x74, 0x68, 0x65,
  0x20, 0x63, 0x75, 0x62, 0x65, 0x0a, 0x09, 0x2f, 0x2f, 0x69, 0x66, 0x20,
  0x28, 0x6d, 0x69, 0x6e, 0x53, 0x63, 0x61, 0x6c, 0x65, 0x20, 0x3c, 0x20,
  0x30, 0x2e, 0x30, 0x29, 0x0a, 0x09, 0x09, 0x2f, 0x2f, 0x72, 0x65, 0x74,
  0x75, 0x72, 0x6e, 0x20, 0x76, 0x65, 0x63, 0x34, 0x28, 0x30, 0x2e, 0x30,
  0x29, 0x3b, 0x0a, 0x0a, 0x09, 0x2f, 0x2f, 0x20, 0x63, 0x61, 0x6c, 0x63,
  0x75, 0x6c, 0x61, 0x74, 0x65, 0x20, 0x74, 0x68, 0x65, 0x20, 0x68, 0x69,
  0x74, 0x20, 0x70, 0x6f, 0x73, 0x69, 0x74, 0x69, 0x6f, 0x6e, 0x2c, 0x20,
  0x74, 0x68, 0x61, 0x74, 0x27, 0x73, 0x20, 0x6f, 0x75, 0x72, 0x20, 0x74,
  0x65, 0x78, 0x74, 0x75, 0x72, 0x65, 0x20, 0x63, 0x6f, 0x6f, 0x72, 0x64,
  0x69, 0x6e, 0x61, 0x74, 0x65, 0x73, 0x0a, 0x09, 0x76, 0x65, 0x63, 0x33,
  0x20, 0x74, 0x63, 0x20, 0x3d, 0x20, 0x70, 0x6f, 0x73, 0x20, 0x2b, 0x20,
  0x72, 0x61, 0x79, 0x20, 0x2a, 0x20, 0x6d, 0x69, 0x6e, 0x53, 0x63, 0x61,
  0x6c, 0x65, 0x3b, 0x0a, 0x0a, 0x09, 0x2f, 0x2f, 0x20, 0x69, 0x66, 0x20,
  0x74, 0x68, 0x65, 0x20, 0x74, 0x65, 0x78, 0x74, 0x75, 0x72, 0x65, 0x20,
  0x63, 0x6f, 0x6f, 0x72, 0x64, 0x69, 0x6e, 0x61, 0x74, 0x65, 0x73, 0x20,
  0x61, 0x72, 0x65, 0x20, 0x6f, 0x75, 0x74, 0x73, 0x69, 0x64, 0x65, 0x20,
  0x74, 0x68, 0x65, 0x20, 0x63, 0x75, 0x62, 0x65, 0x2c, 0x20, 0x69, 0x67,
  0x6e, 0x6f, 0x72, 0x65, 0x0a, 0x09, 0x2f, 0x2f, 0x20, 0x6e, 0x65, 0x63,
  0x65, 0x73, 0x73, 0x61, 0x72, 0x79, 0x20, 0x73, 0x69, 0x6e, 0x63, 0x65,
  0x20, 0x77, 0x65, 0x27, 0x72, 0x65, 0x20, 0x6e, 0x6f, 0x74, 0x20, 0x66,
  0x61, 0x64, 0x69, 0x6e, 0x67, 0x20, 0x6f, 0x75, 0x74, 0x20, 0x6f, 0x75,
  0x74, 0x73, 0x69, 0x64, 0x65, 0x20, 0x74, 0x68, 0x65, 0x20, 0x63, 0x75,
  0x62, 0x65, 0x0a, 0x09, 0x69, 0x66, 0x20, 0x28, 0x61, 0x6e, 0x79, 0x28,
  0x67, 0x72, 0x65, 0x61, 0x74, 0x65, 0x72, 0x54, 0x68, 0x61, 0x6e, 0x28,
  0x61, 0x62, 0x73, 0x28, 0x74, 0x63, 0x29, 0x2c, 0x20, 0x76, 0x65, 0x63,
  0x33, 0x28, 0x31, 0x2e, 0x30, 0x30, 0x30, 0x30, 0x31, 0x29, 0x29, 0x29,
  0x29, 0x0a, 0x09, 0x09, 0x72, 0x65, 0x74, 0x75, 0x72, 0x6e, 0x20, 0x76,
  0x65, 0x63, 0x34, 0x28, 0x30, 0x2e, 0x30, 0x29, 0x3b, 0x0a, 0x0a, 0x09,
  0x2f, 0x2f, 0x20, 0x66, 0x61, 0x64, 0x65, 0x20, 0x6f, 0x75, 0x74, 0x20,
  0x77, 0x68, 0x65, 0x6e, 0x20, 0x61, 0x70, 0x70, 0x72, 0x6f, 0x61, 0x63,
  0x68, 0x69, 0x6e, 0x67, 0x20, 0x74, 0x68, 0x65, 0x20, 0x63, 0x75, 0x62,
  0x65, 0x6d, 0x61, 0x70, 0x20, 0x65, 0x64, 0x67, 0x65, 0x73, 0x0a, 0x09,
  0x2f, 0x2f, 0x76, 0x65, 0x63, 0x33, 0x20, 0x66, 0x61, 0x64, 0x65, 0x33,
  0x20, 0x3d, 0x20, 0x61, 0x62, 0x73, 0x28, 0x70, 0x6f, 0x73, 0x29, 0x3b,
  0x0a, 0x09, 0x2f, 0x2f, 0x66, 0x6c, 0x6f, 0x61, 0x74, 0x20, 0x66, 0x61,
  0x64, 0x65, 0x20, 0x3d, 0x20, 0x6d, 0x61, 0x78, 0x28, 0x6d, 0x61, 0x78,
  0x28, 0x66, 0x61, 0x64, 0x65, 0x33, 0x2e, 0x78, 0x2c, 0x20, 0x66, 0x61,
  0x64, 0x65, 0x33, 0x2e, 0x79, 0x29, 0x2c, 0x20, 0x66, 0x61, 0x64, 0x65,
  0x33, 0x2e, 0x7a, 0x29, 0x3b, 0x0a, 0x09, 0x2f, 0x2f, 0x66, 0x61, 0x64,
  0x65, 0x20, 0x3d, 0x20, 0x63, 0x6c, 0x61, 0x6d, 0x70, 0x28, 0x31, 0x2e,
  0x30, 0x20, 0x2d, 0x20, 0x66, 0x61, 0x64, 0x65, 0x2c, 0x20, 0x30, 0x2e,
  0x30, 0x2c, 0x20, 0x31, 0x2e, 0x30, 0x29, 0x3b, 0x0a, 0x09, 0x09, 0x09,
  0x0a, 0x09, 0x2f, 0x2f, 0x72, 0x65, 0x74, 0x75, 0x72, 0x6e, 0x20, 0x76,
  0x65, 0x63, 0x34, 0x28, 0x74, 0x65, 0x78, 0x74, 0x75, 0x72, 0x65, 0x43,
  0x75, 0x62, 0x65, 0x4c, 0x6f, 0x64, 0x28, 0x74, 0x65, 0x78, 0x2c, 0x20,
  0x74, 0x63, 0x2c, 0x20, 0x6c, 0x6f, 0x64, 0x29, 0x2e, 0x72, 0x67, 0x62,
  0x20, 0x2a, 0x20, 0x66, 0x61, 0x64, 0x65, 0x2c, 0x20, 0x66, 0x61, 0x64,
  0x65, 0x29, 0x3b, 0x0a, 0x09, 0x72, 0x65, 0x74, 0x75, 0x72, 0x6e, 0x20,
  0x76, 0x65, 0x63, 0x34, 0x28, 0x74, 0x65, 0x78, 0x74, 0x75, 0x72, 0x65,
  0x43, 0x75, 0x62, 0x65, 0x4c, 0x6f, 0x64, 0x28, 0x74, 0x65, 0x78, 0x2c,
  0x20, 0x74, 0x63, 0x2c, 0x20, 0x6c, 0x6f, 0x64, 0x29, 0x2e, 0x72, 0x67,
  0x62, 0x2c, 0x20, 0x31, 0x2e, 0x30, 0x29, 0x3b, 0x0a, 0x7d, 0x0a, 0x23,
  0x65, 0x6e, 0x64, 0x69, 0x66, 0x0a, 0x0a, 0x76, 0x6f, 0x69, 0x64, 0x20,
  0x6d, 0x61, 0x69, 0x6e, 0x28, 0x29, 0x0a, 0x7b, 0x0a, 0x09, 0x76, 0x65,
  0x63, 0x33, 0x20, 0x76, 0x69, 0x65, 0x77, 0x44, 0x69, 0x72, 0x2c, 0x20,
  0x6c, 0x69, 0x67, 0x68, 0x74, 0x43, 0x6f, 0x6c, 0x6f, 0x72, 0x2c, 0x20,
  0x61, 0x6d, 0x62, 0x69, 0x65, 0x6e, 0x74, 0x43, 0x6f, 0x6c, 0x6f, 0x72,
  0x2c, 0x20, 0x72, 0x65, 0x66, 0x6c, 0x65, 0x63, 0x74, 0x61, 0x6e, 0x63,
  0x65, 0x3b, 0x0a, 0x09, 0x76, 0x65, 0x63, 0x33, 0x20, 0x4c, 0x2c, 0x20,
  0x4e, 0x2c, 0x20, 0x45, 0x2c, 0x20, 0x48, 0x3b, 0x0a, 0x09, 0x66, 0x6c,
  0x6f, 0x61, 0x74, 0x20, 0x4e, 0x4c, 0x2c, 0x20, 0x4e, 0x48, 0x2c, 0x20,
  0x4e, 0x45, 0x2c, 0x20, 0x45, 0x48, 0x2c, 0x20, 0x61, 0x74, 0x74, 0x65,
  0x6e, 0x75, 0x61, 0x74, 0x69, 0x6f, 0x6e, 0x3b, 0x0a, 0x0a, 0x23, 0x69,
  0x66, 0x20, 0x64, 0x65, 0x66, 0x69, 0x6e, 0x65, 0x64, 0x28, 0x55, 0x53,
  0x45, 0x5f, 0x4c, 0x49, 0x47, 0x48, 0x54, 0x29, 0x20, 0x26, 0x26, 0x20,
  0x21, 0x64, 0x65, 0x66, 0x69, 0x6e, 0x65, 0x64, 0x28, 0x55, 0x53, 0x45,
  0x5f, 0x46, 0x41, 0x53, 0x54, 0x5f, 0x4c, 0x49, 0x47, 0x48, 0x54, 0x29,
  0x0a, 0x09, 0x76, 0x65, 0x63, 0x33, 0x20, 0x73, 0x75, 0x72, 0x66, 0x4e,
  0x6f, 0x72, 0x6d, 0x61, 0x6c, 0x20, 0x3d, 0x20, 0x28, 0x21, 0x67, 0x6c,
  0x5f, 0x46, 0x72, 0x6f, 0x6e, 0x74, 0x46, 0x61, 0x63, 0x69, 0x6e, 0x67,
  0x20, 0x3f, 0x20, 0x76, 0x61, 0x72, 0x5f, 0x4e, 0x6f, 0x72, 0x6d, 0x61,
  0x6c, 0x20, 0x3a, 0x20, 0x2d, 0x76, 0x61, 0x72, 0x5f, 0x4e, 0x6f, 0x72,
  0x6d, 0x61, 0x6c, 0x29, 0x2e, 0x78, 0x79, 0x7a, 0x3b, 0x0a, 0x09, 0x6d,
  0x61, 0x74, 0x33, 0x20, 0x74, 0x61, 0x6e, 0x67, 0x65, 0x6e, 0x74, 0x54,
  0x6f, 0x57, 0x6f, 0x72, 0x6c, 0x64, 0x20, 0x3d, 0x20, 0x6d, 0x61, 0x74,
  0x33, 0x28, 0x76, 0x61, 0x72, 0x5f, 0x54, 0x61, 0x6e, 0x67, 0x65, 0x6e,
  0x74, 0x2e, 0x78, 0x79, 0x7a, 0x2c, 0x20, 0x76, 0x61, 0x72, 0x5f, 0x42,
  0x69, 0x74, 0x61, 0x6e, 0x67, 0x65, 0x6e, 0x74, 0x2e, 0x78, 0x79, 0x7a,
  0x2c, 0x20, 0x73, 0x75, 0x72, 0x66, 0x4e, 0x6f, 0x72, 0x6d, 0x61, 0x6c,
  0x29, 0x3b, 0x0a, 0x09, 0x76, 0x69, 0x65, 0x77, 0x44, 0x69, 0x72, 0x20,
  0x3d, 0x20, 0x76, 0x65, 0x63, 0x33, 0x28, 0x76, 0x61, 0x72, 0x5f, 0x4e,
  0x6f, 0x72, 0x6d, 0x61, 0x6c, 0x2e, 0x77, 0x2c, 0x20, 0x76, 0x61, 0x72,
  0x5f, 0x54, 0x61, 0x6e, 0x67, 0x65, 0x6e, 0x74, 0x2e, 0x77, 0x2c, 0x20,
  0x76, 0x61, 0x72, 0x5f, 0x42, 0x69, 0x74, 0x61, 0x6e, 0x67, 0x65, 0x6e,
  0x74, 0x2e, 0x77, 0x29, 0x3b, 0x0a, 0x09, 0x45, 0x20, 0x3d, 0x20, 0x6e,
  0x6f, 0x72, 0x6d, 0x61, 0x6c, 0x69, 0x7a, 0x65, 0x28, 0x76, 0x69, 0x65,
  0x77, 0x44, 0x69, 0x72, 0x29, 0x3b, 0x0a, 0x23, 0x65, 0x6e, 0x64, 0x69,
  0x66, 0x0a, 0x0a, 0x09, 0x6c, 0x69, 0x67, 0x68, 0x74, 0x43, 0x6f, 0x6c,
  0x6f, 0x72, 0x20, 0x3d, 0x20, 0x76, 0x61, 0x72, 0x5f, 0x43, 0x6f, 0x6c,
  0x6f, 0x72, 0x2e, 0x72, 0x67, 0x62, 0x3b, 0x0a, 0x0a, 0x23, 0x69, 0x66,
  0x20, 0x64, 0x65, 0x66, 0x69, 0x6e, 0x65, 0x64, 0x28, 0x55, 0x53, 0x45,
  0x5f, 0x4c, 0x49, 0x47, 0x48, 0x54, 0x4d, 0x41, 0x50, 0x29, 0x0a, 0x09,
  0x76, 0x65, 0x63, 0x34, 0x20, 0x6c, 0x69, 0x67, 0x68, 0x74, 0x6d, 0x61,
  0x70, 0x43, 0x6f, 0x6c, 0x6f, 0x72, 0x20, 0x3d, 0x20, 0x74, 0x65, 0x78,
  0x74, 0x75, 0x72, 0x65, 0x32, 0x44, 0x28, 0x75, 0x5f, 0x4c, 0x69, 0x67,
  0x68, 0x74, 0x4d, 0x61, 0x70, 0x2c, 0x20, 0x76, 0x61, 0x72, 0x5f, 0x54,
  0x65, 0x78, 0x43, 0x6f, 0x6f, 0x72, 0x64, 0x73, 0x2e, 0x7a, 0x77, 0x29,
  0x3b, 0x0a, 0x20, 0x20, 0x23, 0x69, 0x66, 0x20, 0x64, 0x65, 0x66, 0x69,
  0x6e, 0x65, 0x64, 0x28, 0x52, 0x47, 0x42, 0x4d, 0x5f, 0x4c, 0x49, 0x47,
  0x48, 0x54, 0x4d, 0x41, 0x50, 0x29, 0x0a, 0x09, 0x6c, 0x69, 0x67, 0x68,
  0x74, 0x6d, 0x61, 0x70, 0x43, 0x6f, 0x6c, 0x6f, 0x72, 0x2e, 0x72, 0x67,
  0x62, 0x20, 0x2a, 0x3d, 0x20, 0x6c, 0x69, 0x67, 0x68, 0x74, 0x6d, 0x61,
  0x70, 0x43, 0x6f, 0x6c, 0x6f, 0x72, 0x2e, 0x61, 0x3b, 0x0a, 0x20, 0x20,
  0x23, 0x65, 0x6e, 0x64, 0x69, 0x66, 0x0a, 0x20, 0x20, 0x23, 0x69, 0x66,
  0x20, 0x64, 0x65, 0x66, 0x69, 0x6e, 0x65, 0x64, 0x28, 0x55, 0x53, 0x45,
  0x5f, 0x50, 0x42, 0x52, 0x29, 0x20, 0x26, 0x26, 0x20, 0x21, 0x64, 0x65,
  0x66, 0x69, 0x6e, 0x65, 0x64, 0x28, 0x55, 0x53, 0x45, 0x5f, 0x46, 0x41,
  0x53, 0x54, 0x5f, 0x4c, 0x49, 0x47, 0x48, 0x54, 0x29, 0x0a, 0x09, 0x6c,
  0x69, 0x67, 0x68, 0x74, 0x6d, 0x61, 0x70, 0x43, 0x6f, 0x6c, 0x6f, 0x72,
  0x2e, 0x72, 0x67, 0x62, 0x20, 0x2a, 0x3d, 0x20, 0x6c, 0x69, 0x67, 0x68,
  0x74, 0x6d, 0x61, 0x70, 0x43, 0x6f, 0x6c, 0x6f, 0x72, 0x2e, 0x72, 0x67,
  0x62, 0x3b, 0x0a, 0x20, 0x20, 0x23, 0x65, 0x6e, 0x64, 0x69, 0x66, 0x0a,
  0x09, 0x6c, 0x69, 0x67, 0x68, 0x74, 0x43, 0x6f, 0x6c, 0x6f, 0x72, 0x20,
  0x2a, 0x3d, 0x20, 0x6c, 0x69, 0x67, 0x68, 0x74, 0x6d, 0x61, 0x70, 0x43,
  0x6f, 0x6c, 0x6f, 0x72, 0x2e, 0x72, 0x67, 0x62, 0x3b, 0x0a, 0x23, 0x65,
  0x6e, 0x64, 0x69, 0x66, 0x0a, 0x0a, 0x09, 0x76, 0x65, 0x63, 0x32, 0x20,
  0x74, 0x65, 0x78, 0x43, 0x6f, 0x6f, 0x72, 0x64, 0x73, 0x20, 0x3d, 0x20,
  0x76, 0x61, 0x72, 0x5f, 0x54, 0x65, 0x78, 0x43, 0x6f, 0x6f, 0x72, 0x64,
  0x73, 0x2e, 0x78, 0x79, 0x3b, 0x0a, 0x0a, 0x23, 0x69, 0x66, 0x20, 0x64,
  0x65, 0x66, 0x69, 0x6e, 0x65, 0x64, 0x28, 0x55, 0x53, 0x45, 0x5f, 0x50,
  0x41, 0x52, 0x41, 0x4c, 0x4c, 0x41, 0x58, 0x4d, 0x41, 0x50, 0x29, 0x0a,
  0x09, 0x76, 0x65, 0x63, 0x33, 0x20, 0x6f, 0x66, 0x66, 0x73, 0x65, 0x74,
  0x44, 0x69, 0x72, 0x20, 0x3d, 0x20, 0x45, 0x20, 0x2a, 0x20, 0x74, 0x61,
  0x6e, 0x67, 0x65, 0x6e, 0x74, 0x54, 0x6f, 0x57, 0x6f, 0x72, 0x6c, 0x64,
  0x3b, 0x0a, 0x0a, 0x09, 0x6f, 0x66, 0x66, 0x73, 0x65, 0x74, 0x44, 0x69,
  0x72, 0x2e, 0x78, 0x79, 0x20, 0x2a, 0x3d, 0x20, 0x2d, 0x75, 0x5f, 0x4e,
  0x6f, 0x72, 0x6d, 0x61, 0x6c, 0x53, 0x63, 0x61, 0x6c, 0x65, 0x2e, 0x61,
  0x20, 0x2f, 0x20, 0x6f, 0x66, 0x66, 0x73, 0x65, 0x74, 0x44, 0x69, 0x72,
  0x2e, 0x7a, 0x3b, 0x0a, 0x0a, 0x09, 0x74, 0x65, 0x78, 0x43, 0x6f, 0x6f,
  0x72, 0x64, 0x73, 0x20, 0x2b, 0x3d, 0x20, 0x6f, 0x66, 0x66, 0x73, 0x65,
  0x74, 0x44, 0x69, 0x72, 0x2e, 0x78, 0x79, 0x20, 0x2a, 0x20, 0x52, 0x61,
  0x79, 0x49, 0x6e, 0x74, 0x65, 0x72, 0x73, 0x65, 0x63, 0x74, 0x44, 0x69,
  0x73, 0x70, 0x6c, 0x61, 0x63, 0x65, 0x4d, 0x61, 0x70, 0x28, 0x74, 0x65,
  0x78, 0x43, 0x6f, 0x6f, 0x72, 0x64, 0x73, 0x2c, 0x20, 0x6f, 0x66, 0x66,
  0x73, 0x65, 0x74, 0x44, 0x69, 0x72, 0x2e, 0x78, 0x79, 0x2c, 0x20, 0x75,
  0x5f, 0x4e, 0x6f, 0x72, 0x6d, 0x61, 0x6c, 0x4d, 0x61, 0x70, 0x29, 0x3b,
  0x0a, 0x23, 0x65, 0x6e, 0x64, 0x69, 0x66, 0x0a, 0x0a, 0x09, 0x76, 0x65,
  0x63, 0x34, 0x20, 0x64, 0x69, 0x66, 0x66, 0x75, 0x73, 0x65, 0x20, 0x3d,
  0x20, 0x74, 0x65, 0x78, 0x74, 0x75, 0x72, 0x65, 0x32, 0x44, 0x28, 0x75,
  0x5f, 0x44, 0x69, 0x66, 0x66, 0x75, 0x73, 0x65, 0x4d, 0x61, 0x70, 0x2c,
  0x20, 0x74, 0x65, 0x78, 0x43, 0x6f, 0x6f, 0x72, 0x64, 0x73, 0x29, 0x3b,
  0x0a, 0x09, 0x0a, 0x09, 0x66, 0x6c, 0x6f, 0x61, 0x74, 0x20, 0x61, 0x6c,
  0x70, 0x68, 0x61, 0x20, 0x3d, 0x20, 0x64, 0x69, 0x66, 0x66, 0x75, 0x73,
  0x65, 0x2e, 0x61, 0x20, 0x2a, 0x20, 0x76, 0x61, 0x72, 0x5f, 0x43, 0x6f,
  0x6c, 0x6f, 0x72, 0x2e, 0x61, 0x3b, 0x0a, 0x09, 0x69, 0x66, 0x20, 0x28,
  0x75, 0x5f, 0x41, 0x6c, 0x70, 0x68, 0x61, 0x54, 0x65, 0x73, 0x74, 0x20,
  0x3d, 0x3d, 0x20, 0x31, 0x29, 0x0a, 0x09, 0x7b, 0x0a, 0x09, 0x09, 0x69,
  0x66, 0x20, 0x28, 0x61, 0x6c, 0x70, 0x68, 0x61, 0x20, 0x3d, 0x3d, 0x20,
  0x30, 0x2e, 0x30, 0x29, 0x0a, 0x09, 0x09, 0x09, 0x64, 0x69, 0x73, 0x63,
  0x61, 0x72, 0x64, 0x3b, 0x0a, 0x09, 0x7d, 0x0a, 0x09, 0x65, 0x6c, 0x73,
  0x65, 0x20, 0x69, 0x66, 0x20, 0x28, 0x75, 0x5f, 0x41, 0x6c, 0x70, 0x68,
  0x61, 0x54, 0x65, 0x73, 0x74, 0x20, 0x3d, 0x3d, 0x20, 0x32, 0x29, 0x0a,
  0x09, 0x7b, 0x0a, 0x09, 0x09, 0x69, 0x66, 0x20, 0x28, 0x61, 0x6c, 0x70,
  0x68, 0x61, 0x20, 0x3e, 0x3d, 0x20, 0x30, 0x2e, 0x35, 0x29, 0x0a, 0x09,
  0x09, 0x09, 0x64, 0x69, 0x73, 0x63, 0x61, 0x72, 0x64, 0x3b, 0x0a, 0x09,
  0x7d, 0x0a, 0x09, 0x65, 0x6c, 0x73, 0x65, 0x20, 0x69, 0x66, 0x20, 0x28,
  0x75, 0x5f, 0x41, 0x6c, 0x70, 0x68, 0x61, 0x54, 0x65, 0x73, 0x74, 0x20,
  0x3d, 0x3d, 0x20, 0x33, 0x29, 0x0a, 0x09, 0x7b, 0x0a, 0x09, 0x09, 0x69,
  0x66, 0x20, 0x28, 0x61, 0x6c, 0x70, 0x68, 0x61, 0x20, 0x3c, 0x20, 0x30,
  0x2e, 0x35, 0x29, 0x0a, 0x09, 0x09, 0x09, 0x64, 0x69, 0x73, 0x63, 0x61,
  0x72, 0x64, 0x3b, 0x0a, 0x09, 0x7d, 0x0a, 0x0a, 0x23, 0x69, 0x66, 0x20,
  0x64, 0x65, 0x66, 0x69, 0x6e, 0x65, 0x64, 0x28, 0x55, 0x53, 0x45, 0x5f,
  0x4c, 0x49, 0x47, 0x48, 0x54, 0x29, 0x20, 0x26, 0x26, 0x20, 0x21, 0x64,
  0x65, 0x66, 0x69, 0x6e, 0x65, 0x64, 0x28, 0x55, 0x53, 0x45, 0x5f, 0x46,
  0x41, 0x53, 0x54, 0x5f, 0x4c, 0x49, 0x47, 0x48, 0x54, 0x29, 0x0a, 0x09,
  0x4c, 0x20, 0x3d, 0x20, 0x76, 0x61, 0x72, 0x5f, 0x4c, 0x69, 0x67, 0x68,
  0x74, 0x44, 0x69, 0x72, 0x2e, 0x78, 0x79, 0x7a, 0x3b, 0x0a, 0x20, 0x20,
  0x23, 0x69, 0x66, 0x20, 0x64, 0x65, 0x66, 0x69, 0x6e, 0x65, 0x64, 0x28,
  0x55, 0x53, 0x45, 0x5f, 0x44, 0x45, 0x4c, 0x55, 0x58, 0x45, 0x4d, 0x41,
  0x50, 0x29, 0x0a, 0x09, 0x4c, 0x20, 0x2b, 0x3d, 0x20, 0x28, 0x74, 0x65,
  0x78, 0x74, 0x75, 0x72, 0x65, 0x32, 0x44, 0x28, 0x75, 0x5f, 0x44, 0x65,
  0x6c, 0x75, 0x78, 0x65, 0x4d, 0x61, 0x70, 0x2c, 0x20, 0x76, 0x61, 0x72,
  0x5f, 0x54, 0x65, 0x78, 0x43, 0x6f, 0x6f, 0x72, 0x64, 0x73, 0x2e, 0x7a,
  0x77, 0x29, 0x2e, 0x78, 0x79, 0x7a, 0x20, 0x2d, 0x20, 0x76, 0x65, 0x63,
  0x33, 0x28, 0x30, 0x2e, 0x35, 0x29, 0x29, 0x20, 0x2a, 0x20, 0x75, 0x5f,
  0x45, 0x6e, 0x61, 0x62, 0x6c, 0x65, 0x54, 0x65, 0x78, 0x74, 0x75, 0x72,
  0x65, 0x73, 0x2e, 0x79, 0x3b, 0x0a, 0x20, 0x20, 0x23, 0x65, 0x6e, 0x64,
  0x69, 0x66, 0x0a, 0x09, 0x66, 0x6c, 0x6f, 0x61, 0x74, 0x20, 0x73, 0x71,
  0x72, 0x4c, 0x69, 0x67, 0x68, 0x74, 0x44, 0x69, 0x73, 0x74, 0x20, 0x3d,
  0x20, 0x64, 0x6f, 0x74, 0x28, 0x4c, 0x2c, 0x20, 0x4c, 0x29, 0x3b, 0x0a,
  0x09, 0x4c, 0x20, 0x2f, 0x3d, 0x20, 0x73, 0x71, 0x72, 0x74, 0x28, 0x73,
  0x71, 0x72, 0x4c, 0x69, 0x67, 0x68, 0x74, 0x44, 0x69, 0x73, 0x74, 0x29,
  0x3b, 0x0a, 0x0a, 0x20, 0x20, 0x23, 0x69, 0x66, 0x20, 0x64, 0x65, 0x66,
  0x69, 0x6e, 0x65, 0x64, 0x28, 0x55, 0x53, 0x45, 0x5f, 0x4c, 0x49, 0x47,
  0x48, 0x54, 0x5f, 0x56, 0x45, 0x43, 0x54, 0x4f, 0x52, 0x29, 0x0a, 0x09,
  0x61, 0x74, 0x74, 0x65, 0x6e, 0x75, 0x61, 0x74, 0x69, 0x6f, 0x6e, 0x20,
  0x20, 0x3d, 0x20, 0x43, 0x61, 0x6c, 0x63, 0x4c, 0x69, 0x67, 0x68, 0x74,
  0x41, 0x74, 0x74, 0x65, 0x6e, 0x75, 0x61, 0x74, 0x69, 0x6f, 0x6e, 0x28,
  0x66, 0x6c, 0x6f, 0x61, 0x74, 0x28, 0x76, 0x61, 0x72, 0x5f, 0x4c, 0x69,
  0x67, 0x68, 0x74, 0x44, 0x69, 0x72, 0x2e, 0x77, 0x20, 0x3e, 0x20, 0x30,
  0x2e, 0x30, 0x29, 0x2c, 0x20, 0x76, 0x61, 0x72, 0x5f, 0x4c, 0x69, 0x67,
  0x68, 0x74, 0x44, 0x69, 0x72, 0x2e, 0x77, 0x20, 0x2f, 0x20, 0x73, 0x71,
  0x72, 0x4c, 0x69, 0x67, 0x68, 0x74, 0x44, 0x69, 0x73, 0x74, 0x29, 0x3b,
  0x0a, 0x20, 0x20, 0x23, 0x65, 0x6c, 0x73, 0x65, 0x0a, 0x09, 0x61, 0x74,
  0x74, 0x65, 0x6e, 0x75, 0x61, 0x74, 0x69, 0x6f, 0x6e, 0x20, 0x20, 0x3d,
  0x20, 0x31, 0x2e, 0x30, 0x3b, 0x0a, 0x20, 0x20, 0x23, 0x65, 0x6e, 0x64,
  0x69, 0x66, 0x0a, 0x0a, 0x20, 0x20, 0x23, 0x69, 0x66, 0x20, 0x64, 0x65,
  0x66, 0x69, 0x6e, 0x65, 0x64, 0x28, 0x55, 0x53, 0x45, 0x5f, 0x4e, 0x4f,
  0x52, 0x4d, 0x41, 0x4c, 0x4d, 0x41, 0x50, 0x29, 0x0a, 0x20, 0x20, 0x20,
  0x20, 0x23, 0x69, 0x66, 0x20, 0x64, 0x65, 0x66, 0x69, 0x6e, 0x65, 0x64,
  0x28, 0x53, 0x57, 0x49, 0x5a, 0x5a, 0x4c, 0x45, 0x5f, 0x4e, 0x4f, 0x52,
  0x4d, 0x41, 0x4c, 0x4d, 0x41, 0x50, 0x29, 0x0a, 0x09, 0x4e, 0x2e, 0x78,
  0x79, 0x20, 0x3d, 0x20, 0x74, 0x65, 0x78, 0x74, 0x75, 0x72, 0x65, 0x32,
  0x44, 0x28, 0x75, 0x5f, 0x4e, 0x6f, 0x72, 0x6d, 0x61, 0x6c, 0x4d, 0x61,
  0x70, 0x2c, 0x20, 0x74, 0x65, 0x78, 0x43, 0x6f, 0x6f, 0x72, 0x64, 0x73,
  0x29, 0x2e, 0x61, 0x67, 0x20, 0x2d, 0x20, 0x76, 0x65, 0x63, 0x32, 0x28,
  0x30, 0x2e, 0x35, 0x29, 0x3b, 0x0a, 0x20, 0x20, 0x20, 0x20, 0x23, 0x65,
  0x6c, 0x73, 0x65, 0x0a, 0x09, 0x4e, 0x2e, 0x78, 0x79, 0x20, 0x3d, 0x20,
  0x74, 0x65, 0x78, 0x74, 0x75, 0x72, 0x65, 0x32, 0x44, 0x28, 0x75, 0x5f,
  0x4e, 0x6f, 0x72, 0x6d, 0x61, 0x6c, 0x4d, 0x61, 0x70, 0x2c, 0x20, 0x74,
  0x65, 0x78, 0x43, 0x6f, 0x6f, 0x72, 0x64, 0x73, 0x29, 0x2e, 0x72, 0x67,
  0x20, 0x2d, 0x20, 0x76, 0x65, 0x63, 0x32, 0x28, 0x30, 0x2e, 0x35, 0x29,
  0x3b, 0x0a, 0x20, 0x20, 0x20, 0x20, 0x23, 0x65, 0x6e, 0x64, 0x69, 0x66,
  0x0a, 0x09, 0x4e, 0x2e, 0x78, 0x79, 0x20, 0x2a, 0x3d, 0x20, 0x75, 0x5f,
  0x4e, 0x6f, 0x72, 0x6d, 0x61, 0x6c, 0x53, 0x63, 0x61, 0x6c, 0x65, 0x2e,
  0x78, 0x79, 0x3b, 0x0a, 0x09, 0x4e, 0x2e, 0x7a, 0x20, 0x3d, 0x20, 0x73,
  0x71, 0x72, 0x74, 0x28, 0x63, 0x6c, 0x61, 0x6d, 0x70, 0x28, 0x28, 0x30,
  0x2e, 0x32, 0x35, 0x20, 0x2d, 0x20, 0x4e, 0x2e, 0x78, 0x20, 0x2a, 0x20,
  0x4e, 0x2e, 0x78, 0x29, 0x20, 0x2d, 0x20, 0x4e, 0x2e, 0x79, 0x20, 0x2a,
  0x20, 0x4e, 0x2e, 0x79, 0x2c, 0x20, 0x30, 0x2e, 0x30, 0x2c, 0x20, 0x31,
  0x2e, 0x30, 0x29, 0x29, 0x3b, 0x0a, 0x09, 0x4e, 0x20, 0x3d, 0x20, 0x74,
  0x61, 0x6e, 0x67, 0x65, 0x6e, 0x74, 0x54, 0x6f, 0x57, 0x6f, 0x72, 0x6c,
  0x64, 0x20, 0x2a, 0x20, 0x4e, 0x3b, 0x0a, 0x20, 0x20, 0x23, 0x65, 0x6c,
  0x73, 0x65, 0x0a, 0x09, 0x4e, 0x20, 0x3d, 0x20, 0x73, 0x75, 0x72, 0x66,
  0x4e, 0x6f, 0x72, 0x6d, 0x61, 0x6c, 0x3b, 0x0a, 0x20, 0x20, 0x23, 0x65,
  0x6e, 0x64, 0x69, 0x66, 0x0a, 0x0a, 0x09, 0x4e, 0x20, 0x3d, 0x20, 0x6e,
  0x6f, 0x72, 0x6d, 0x61, 0x6c, 0x69, 0x7a, 0x65, 0x28, 0x4e, 0x29, 0x3b,
  0x0a, 0x0a, 0x20, 0x20, 0x23, 0x69, 0x66, 0x20, 0x64, 0x65, 0x66, 0x69,
  0x6e, 0x65, 0x64, 0x28, 0x55, 0x53, 0x45, 0x5f, 0x53, 0x48, 0x41, 0x44,
  0x4f, 0x57, 0x4d, 0x41, 0x50, 0x29, 0x20, 0x0a, 0x09, 0x76, 0x65, 0x63,
  0x32, 0x20, 0x73, 0x68, 0x61, 0x64, 0x6f, 0x77, 0x54, 0x65, 0x78, 0x20,
  0x3d, 0x20, 0x67, 0x6c, 0x5f, 0x46, 0x72, 0x61, 0x67, 0x43, 0x6f, 0x6f,
  0x72, 0x64, 0x2e, 0x78, 0x79, 0x20, 0x2a, 0x20, 0x72, 0x5f, 0x46, 0x42,
  0x75, 0x66, 0x53, 0x63, 0x61, 0x6c, 0x65, 0x3b, 0x0a, 0x09, 0x66, 0x6c,
  0x6f, 0x61, 0x74, 0x20, 0x73, 0x68, 0x61, 0x64, 0x6f, 0x77, 0x56, 0x61,
  0x6c, 0x75, 0x65, 0x20, 0x3d, 0x20, 0x74, 0x65, 0x78, 0x74, 0x75, 0x72,
  0x65, 0x32, 0x44, 0x28, 0x75, 0x5f, 0x53, 0x68, 0x61, 0x64, 0x6f, 0x77,
  0x4d, 0x61, 0x70, 0x2c, 0x20, 0x73, 0x68, 0x61, 0x64, 0x6f, 0x77, 0x54,
  0x65, 0x78, 0x29, 0x2e, 0x72, 0x3b, 0x0a, 0x0a, 0x09, 0x2f, 0x2f, 0x20,
  0x73, 0x75, 0x72, 0x66, 0x61, 0x63, 0x65, 0x73, 0x20, 0x6e, 0x6f, 0x74,
  0x20, 0x66, 0x61, 0x63, 0x69, 0x6e, 0x67, 0x20, 0x74, 0x68, 0x65, 0x20,
  0x6c, 0x69, 0x67, 0x68, 0x74, 0x20, 0x61, 0x72, 0x65, 0x20, 0x61, 0x6c,
  0x77, 0x61, 0x79, 0x73, 0x20, 0x73, 0x68, 0x61, 0x64, 0x6f, 0x77, 0x65,
  0x64, 0x0a, 0x09, 0x73, 0x68, 0x61, 0x64, 0x6f, 0x77, 0x56, 0x61, 0x6c,
  0x75, 0x65, 0x20, 0x2a, 0x3d, 0x20, 0x63, 0x6c, 0x61, 0x6d, 0x70, 0x28,
  0x64, 0x6f, 0x74, 0x28, 0x4e, 0x2c, 0x20, 0x76, 0x61, 0x72, 0x5f, 0x50,
  0x72, 0x69, 0x6d, 0x61, 0x72, 0x79, 0x4c, 0x69, 0x67, 0x68, 0x74, 0x44,
  0x69, 0x72, 0x2e, 0x78, 0x79, 0x7a, 0x29, 0x2c, 0x20, 0x30, 0x2e, 0x30,
  0x2c, 0x20, 0x31, 0x2e, 0x30, 0x29, 0x3b, 0x0a, 0x0a, 0x20, 0x20, 0x20,
  0x20, 0x23, 0x69, 0x66, 0x20, 0x64, 0x65, 0x66, 0x69, 0x6e, 0x65, 0x64,
  0x28, 0x53, 0x48, 0x41, 0x44, 0x4f, 0x57, 0x4d, 0x41, 0x50, 0x5f, 0x4d,
  0x4f, 0x44, 0x55, 0x4c, 0x41, 0x54, 0x45, 0x29, 0x0a, 0x09, 0x6c, 0x69,
  0x67, 0x68, 0x74, 0x43, 0x6f, 0x6c, 0x6f, 0x72, 0x20, 0x2a, 0x3d, 0x20,
  0x73, 0x68, 0x61, 0x64, 0x6f, 0x77, 0x56, 0x61, 0x6c, 0x75, 0x65, 0x20,
  0x2a, 0x20, 0x28, 0x31, 0x2e, 0x30, 0x20, 0x2d, 0x20, 0x75, 0x5f, 0x50,
  0x72, 0x69, 0x6d, 0x61, 0x72, 0x79, 0x4c, 0x69, 0x67, 0x68, 0x74, 0x41,
  0x6d, 0x62, 0x69, 0x65, 0x6e, 0x74, 0x2e, 0x72, 0x29, 0x20, 0x2b, 0x20,
  0x75, 0x5f, 0x50, 0x72, 0x69, 0x6d, 0x61, 0x72, 0x79, 0x4c, 0x69, 0x67,
  0x68, 0x74, 0x41, 0x6d, 0x62, 0x69, 0x65, 0x6e, 0x74, 0x2e, 0x72, 0x3b,
  0x0a, 0x20, 0x20, 0x20, 0x20, 0x23, 0x65, 0x6e, 0x64, 0x69, 0x66, 0x0a,
  0x20, 0x20, 0x23, 0x65, 0x6e, 0x64, 0x69, 0x66, 0x0a, 0x0a, 0x20, 0x20,
  0x23, 0x69, 0x66, 0x20, 0x64, 0x65, 0x66, 0x69, 0x6e, 0x65, 0x64, 0x28,
  0x55, 0x53, 0x45, 0x5f, 0x50, 0x41, 0x52, 0x41, 0x4c, 0x4c, 0x41, 0x58,
  0x4d, 0x41, 0x50, 0x29, 0x20, 0x26, 0x26, 0x20, 0x64, 0x65, 0x66, 0x69,
  0x6e, 0x65, 0x64, 0x28, 0x55, 0x53, 0x45, 0x5f, 0x50, 0x41, 0x52, 0x41,
  0x4c, 0x4c, 0x41, 0x58, 0x4d, 0x41, 0x50, 0x5f, 0x53, 0x48, 0x41, 0x44,
  0x4f, 0x57, 0x53, 0x29, 0x0a, 0x09, 0x6f, 0x66, 0x66, 0x73, 0x65, 0x74,
  0x44, 0x69, 0x72, 0x20, 0x3d, 0x20, 0x4c, 0x20, 0x2a, 0x20, 0x74, 0x61,
  0x6e, 0x67, 0x65, 0x6e, 0x74, 0x54, 0x6f, 0x57, 0x6f, 0x72, 0x6c, 0x64,
  0x3b, 0x0a, 0x09, 0x6f, 0x66, 0x66, 0x73, 0x65, 0x74, 0x44, 0x69, 0x72,
  0x2e, 0x78, 0x79, 0x20, 0x2a, 0x3d, 0x20, 0x75, 0x5f, 0x4e, 0x6f, 0x72,
  0x6d, 0x61, 0x6c, 0x53, 0x63, 0x61, 0x6c, 0x65, 0x2e, 0x61, 0x20, 0x2f,
  0x20, 0x6f, 0x66, 0x66, 0x73, 0x65, 0x74, 0x44, 0x69, 0x72, 0x2e, 0x7a,
  0x3b, 0x0a, 0x09, 0x6c, 0x69, 0x67, 0x68, 0x74, 0x43, 0x6f, 0x6c, 0x6f,
  0x72, 0x20, 0x2a, 0x3d, 0x20, 0x4c, 0x69, 0x67, 0x68, 0x74, 0x52, 0x61,
  0x79, 0x28, 0x74, 0x65, 0x78, 0x43, 0x6f, 0x6f, 0x72, 0x64, 0x73, 0x2c,
  0x20, 0x6f, 0x66, 0x66, 0x73, 0x65, 0x74, 0x44, 0x69, 0x72, 0x2e, 0x78,
  0x79, 0x2c, 0x20, 0x75, 0x5f, 0x4e, 0x6f, 0x72, 0x6d, 0x61, 0x6c, 0x4d,
  0x61, 0x70, 0x29, 0x3b, 0x0a, 0x20, 0x20, 0x23, 0x65, 0x6e, 0x64, 0x69,
  0x66, 0x0a, 0x0a, 0x0a, 0x20, 0x20, 0x23, 0x69, 0x66, 0x20, 0x21, 0x64,
  0x65, 0x66, 0x69, 0x6e, 0x65, 0x64, 0x28, 0x55, 0x53, 0x45, 0x5f, 0x4c,
  0x49, 0x47, 0x48, 0x54, 0x5f, 0x56, 0x45, 0x43, 0x54, 0x4f, 0x52, 0x29,
  0x0a, 0x09, 0x61, 0x6d, 0x62, 0x69, 0x65, 0x6e, 0x74, 0x43, 0x6f, 0x6c,
  0x6f, 0x72, 0x20, 0x3d, 0x20, 0x6c, 0x69, 0x67, 0x68, 0x74, 0x43, 0x6f,
  0x6c, 0x6f, 0x72, 0x3b, 0x0a, 0x09, 0x66, 0x6c, 0x6f, 0x61, 0x74, 0x20,
  0x73, 0x75, 0x72, 0x66, 0x4e, 0x4c, 0x20, 0x3d, 0x20, 0x63, 0x6c, 0x61,
  0x6d, 0x70, 0x28, 0x64, 0x6f, 0x74, 0x28, 0x73, 0x75, 0x72, 0x66, 0x4e,
  0x6f, 0x72, 0x6d, 0x61, 0x6c, 0x2c, 0x20, 0x4c, 0x29, 0x2c, 0x20, 0x30,
  0x2e, 0x30, 0x2c, 0x20, 0x31, 0x2e, 0x30, 0x29, 0x3b, 0x0a, 0x0a, 0x09,
  0x2f, 0x2f, 0x20, 0x72, 0x65, 0x73, 0x65, 0x72, 0x76, 0x65, 0x20, 0x32,
  0x35, 0x25, 0x20, 0x61, 0x6d, 0x62, 0x69, 0x65, 0x6e, 0x74, 0x20, 0x74,
  0x6f, 0x20, 0x61, 0x76, 0x6f, 0x69, 0x64, 0x20, 0x62, 0x6c, 0x61, 0x63,
  0x6b, 0x20, 0x61, 0x72, 0x65, 0x61, 0x73, 0x20, 0x6f, 0x6e, 0x20, 0x6e,
  0x6f, 0x72, 0x6d, 0x61, 0x6c, 0x6d, 0x61, 0x70, 0x73, 0x0a, 0x09, 0x6c,
  0x69, 0x67, 0x68, 0x74, 0x43, 0x6f, 0x6c, 0x6f, 0x72, 0x20, 0x2a, 0x3d,
  0x20, 0x30, 0x2e, 0x37, 0x35, 0x3b, 0x0a, 0x0a, 0x09, 0x2f, 0x2f, 0x20,
  0x53, 0x63, 0x61, 0x6c, 0x65, 0x20, 0x74, 0x68, 0x65, 0x20, 0x69, 0x6e,
  0x63, 0x6f, 0x6d, 0x69, 0x6e, 0x67, 0x20, 0x6c, 0x69, 0x67, 0x68, 0x74,
  0x20, 0x74, 0x6f, 0x20, 0x63, 0x6f, 0x6d, 0x70, 0x65, 0x6e, 0x73, 0x61,
  0x74, 0x65, 0x20, 0x66, 0x6f, 0x72, 0x20, 0x74, 0x68, 0x65, 0x20, 0x62,
  0x61, 0x6b, 0x65, 0x64, 0x2d, 0x69, 0x6e, 0x20, 0x6c, 0x69, 0x67, 0x68,
  0x74, 0x20, 0x61, 0x6e, 0x67, 0x6c, 0x65, 0x0a, 0x09, 0x2f, 0x2f, 0x20,
  0x61, 0x74, 0x74, 0x65, 0x6e, 0x75, 0x61, 0x74, 0x69, 0x6f, 0x6e, 0x2e,
  0x0a, 0x09, 0x6c, 0x69, 0x67, 0x68, 0x74, 0x43, 0x6f, 0x6c, 0x6f, 0x72,
  0x20, 0x2f, 0x3d, 0x20, 0x6d, 0x61, 0x78, 0x28, 0x73, 0x75, 0x72, 0x66,
  0x4e, 0x4c, 0x2c, 0x20, 0x30, 0x2e, 0x32, 0x35, 0x29, 0x3b, 0x0a, 0x0a,
  0x09, 0x2f, 0x2f, 0x20, 0x52, 0x65, 0x63, 0x6f, 0x76, 0x65, 0x72, 0x20,
  0x61, 0x6e, 0x79, 0x20, 0x75, 0x6e, 0x75, 0x73, 0x65, 0x64, 0x20, 0x6c,
  0x69, 0x67, 0x68, 0x74, 0x20, 0x61, 0x73, 0x20, 0x61, 0x6d, 0x62, 0x69,
  0x65, 0x6e, 0x74, 0x2c, 0x20, 0x69, 0x6e, 0x20, 0x63, 0x61, 0x73, 0x65,
  0x20, 0x61, 0x74, 0x74, 0x65, 0x6e, 0x75, 0x61, 0x74, 0x69, 0x6f, 0x6e,
  0x20, 0x69, 0x73, 0x20, 0x6f, 0x76, 0x65, 0x72, 0x20, 0x34, 0x78, 0x20,
  0x6f, 0x72, 0x0a, 0x09, 0x2f, 0x2f, 0x20, 0x6c, 0x69, 0x67, 0x68, 0x74,
  0x20, 0x69, 0x73, 0x20, 0x62, 0x65, 0x6c, 0x6f, 0x77, 0x20, 0x74, 0x68,
  0x65, 0x20, 0x73, 0x75, 0x72, 0x66, 0x61, 0x63, 0x65, 0x0a, 0x09, 0x61,
  0x6d, 0x62, 0x69, 0x65, 0x6e, 0x74, 0x43, 0x6f, 0x6c, 0x6f, 0x72, 0x20,
  0x3d, 0x20, 0x6d, 0x61, 0x78, 0x28, 0x61, 0x6d, 0x62, 0x69, 0x65, 0x6e,
  0x74, 0x43, 0x6f, 0x6c, 0x6f, 0x72, 0x20, 0x2d, 0x20, 0x6c, 0x69, 0x67,
  0x68, 0x74, 0x43, 0x6f, 0x6c, 0x6f, 0x72, 0x20, 0x2a, 0x20, 0x73, 0x75,
  0x72, 0x66, 0x4e, 0x4c, 0x2c, 0x20, 0x76, 0x65, 0x63, 0x33, 0x28, 0x30,
  0x2e, 0x30, 0x29, 0x29, 0x3b, 0x0a, 0x20, 0x20, 0x23, 0x65, 0x6c, 0x73,
  0x65, 0x0a, 0x09, 0x61, 0x6d, 0x62, 0x69, 0x65, 0x6e, 0x74, 0x43, 0x6f,
  0x6c, 0x6f, 0x72, 0x20, 0x3d, 0x20, 0x76, 0x61, 0x72, 0x5f, 0x43, 0x6f,
  0x6c, 0x6f, 0x72, 0x41, 0x6d, 0x62, 0x69, 0x65, 0x6e, 0x74, 0x2e, 0x72,
  0x67, 0x62, 0x3b, 0x0a, 0x20, 0x20, 0x23, 0x65, 0x6e, 0x64, 0x69, 0x66,
  0x0a, 0x0a, 0x09, 0x4e, 0x4c, 0x20, 0x3d, 0x20, 0x63, 0x6c, 0x61, 0x6d,
  0x70, 0x28, 0x64, 0x6f, 0x74, 0x28, 0x4e, 0x2c, 0x20, 0x4c, 0x29, 0x2c,
  0x20, 0x30, 0x2e, 0x30, 0x2c, 0x20, 0x31, 0x2e, 0x30, 0x29, 0x3b, 0x0a,
  0x09, 0x4e, 0x45, 0x20, 0x3d, 0x20, 0x63, 0x6c, 0x61, 0x6d, 0x70, 0x28,
  0x64, 0x6f, 0x74, 0x28, 0x4e, 0x2c, 0x20, 0x45, 0x29, 0x2c, 0x20, 0x30,
  0x2e, 0x30, 0x2c, 0x20, 0x31, 0x2e, 0x30, 0x29, 0x3b, 0x0a, 0x09, 0x48,
  0x20, 0x3d, 0x20, 0x6e, 0x6f, 0x72, 0x6d, 0x61, 0x6c, 0x69, 0x7a, 0x65,
  0x28, 0x4c, 0x20, 0x2b, 0x20, 0x45, 0x29, 0x3b, 0x0a, 0x09, 0x45, 0x48,
  0x20, 0x3d, 0x20, 0x63, 0x6c, 0x61, 0x6d, 0x70, 0x28, 0x64, 0x6f, 0x74,
  0x28, 0x45, 0x2c, 0x20, 0x48, 0x29, 0x2c, 0x20, 0x30, 0x2e, 0x30, 0x2c,
  0x20, 0x31, 0x2e, 0x30, 0x29, 0x3b, 0x0a, 0x09, 0x4e, 0x48, 0x20, 0x3d,
  0x20, 0x63, 0x6c, 0x61, 0x6d, 0x70, 0x28, 0x64, 0x6f, 0x74, 0x28, 0x4e,
  0x2c, 0x20, 0x48, 0x29, 0x2c, 0x20, 0x30, 0x2e, 0x30, 0x2c, 0x20, 0x31,
  0x2e, 0x30, 0x29, 0x3b, 0x0a, 0x0a, 0x20, 0x20, 0x23, 0x69, 0x66, 0x20,
  0x64, 0x65, 0x66, 0x69, 0x6e, 0x65, 0x64, 0x28, 0x55, 0x53, 0x45, 0x5f,
  0x53, 0x50, 0x45, 0x43, 0x55, 0x4c, 0x41, 0x52, 0x4d, 0x41, 0x50, 0x29,
  0x0a, 0x09, 0x76, 0x65, 0x63, 0x34, 0x20, 0x73, 0x70, 0x65, 0x63, 0x75,
  0x6c, 0x61, 0x72, 0x20, 0x3d, 0x20, 0x74, 0x65, 0x78, 0x74, 0x75, 0x72,
  0x65, 0x32, 0x44, 0x28, 0x75, 0x5f, 0x53, 0x70, 0x65, 0x63, 0x75, 0x6c,
  0x61, 0x72, 0x4d, 0x61, 0x70, 0x2c, 0x20, 0x74, 0x65, 0x78, 0x43, 0x6f,
  0x6f, 0x72, 0x64, 0x73, 0x29, 0x3b, 0x0a, 0x20, 0x20, 0x23, 0x65, 0x6c,
  0x73, 0x65, 0x0a, 0x09, 0x76, 0x65, 0x63, 0x34, 0x20, 0x73, 0x70, 0x65,
  0x63, 0x75, 0x6c, 0x61, 0x72, 0x20, 0x3d, 0x20, 0x76, 0x65, 0x63, 0x34,
  0x28, 0x31, 0x2e, 0x30, 0x29, 0x3b, 0x0a, 0x20, 0x20, 0x23, 0x65, 0x6e,
  0x64, 0x69, 0x66, 0x0a, 0x09, 0x73, 0x70, 0x65, 0x63, 0x75, 0x6c, 0x61,
  0x72, 0x20, 0x2a, 0x3d, 0x20, 0x75, 0x5f, 0x53, 0x70, 0x65, 0x63, 0x75,
  0x6c, 0x61, 0x72, 0x53, 0x63, 0x61, 0x6c, 0x65, 0x3b, 0x0a, 0x0a, 0x20,
  0x20, 0x23, 0x69, 0x66, 0x20, 0x64, 0x65, 0x66, 0x69, 0x6e, 0x65, 0x64,
  0x28, 0x55, 0x53, 0x45, 0x5f, 0x50, 0x42, 0x52, 0x29, 0x0a, 0x09, 0x64,
  0x69, 0x66, 0x66, 0x75, 0x73, 0x65, 0x2e, 0x72, 0x67, 0x62, 0x20, 0x2a,
  0x3d, 0x20, 0x64, 0x69, 0x66, 0x66, 0x75, 0x73, 0x65, 0x2e, 0x72, 0x67,
  0x62, 0x3b, 0x0a, 0x20, 0x20, 0x23, 0x65, 0x6e, 0x64, 0x69, 0x66, 0x0a,
  0x0a, 0x20, 0x20, 0x23, 0x69, 0x66, 0x20, 0x64, 0x65, 0x66, 0x69, 0x6e,
  0x65, 0x64, 0x28, 0x55, 0x53, 0x45, 0x5f, 0x50, 0x42, 0x52, 0x29, 0x0a,
  0x09, 0x2f, 0x2f, 0x20, 0x64, 0x69, 0x66, 0x66, 0x75, 0x73, 0x65, 0x20,
  0x72, 0x67, 0x62, 0x20, 0x69, 0x73, 0x20, 0x62, 0x61, 0x73, 0x65, 0x20,
  0x63, 0x6f, 0x6c, 0x6f, 0x72, 0x0a, 0x09, 0x2f, 0x2f, 0x20, 0x73, 0x70,
  0x65, 0x63, 0x75, 0x6c, 0x61, 0x72, 0x20, 0x72, 0x65, 0x64, 0x20, 0x69,
  0x73, 0x20, 0x67, 0x6c, 0x6f, 0x73, 0x73, 0x0a, 0x09, 0x2f, 0x2f, 0x20,
  0x73, 0x70, 0x65, 0x63, 0x75, 0x6c, 0x61, 0x72, 0x20, 0x67, 0x72, 0x65,
  0x65, 0x6e, 0x20, 0x69, 0x73, 0x20, 0x6d, 0x65, 0x74, 0x61, 0x6c, 0x6c,
  0x69, 0x63, 0x6e, 0x65, 0x73, 0x73, 0x0a, 0x09, 0x66, 0x6c, 0x6f, 0x61,
  0x74, 0x20, 0x67, 0x6c, 0x6f, 0x73, 0x73, 0x20, 0x3d, 0x20, 0x73, 0x70,
  0x65, 0x63, 0x75, 0x6c, 0x61, 0x72, 0x2e, 0x72, 0x3b, 0x0a, 0x09, 0x66,
  0x6c, 0x6f, 0x61, 0x74, 0x20, 0x6d, 0x65, 0x74, 0x61, 0x6c, 0x20, 0x3d,
  0x20, 0x73, 0x70, 0x65, 0x63, 0x75, 0x6c, 0x61, 0x72, 0x2e, 0x67, 0x3b,
  0x0a, 0x09, 0x73, 0x70, 0x65, 0x63, 0x75, 0x6c, 0x61, 0x72, 0x2e, 0x72,
  0x67, 0x62, 0x20, 0x3d, 0x20, 0x6d, 0x65, 0x74, 0x61, 0x6c, 0x20, 0x2a,
  0x20, 0x64, 0x69, 0x66, 0x66, 0x75, 0x73, 0x65, 0x2e, 0x72, 0x67, 0x62,
  0x20, 0x2b, 0x20, 0x76, 0x65, 0x63, 0x33, 0x28, 0x30, 0x2e, 0x30, 0x34,
  0x20, 0x2d, 0x20, 0x30, 0x2e, 0x30, 0x34, 0x20, 0x2a, 0x20, 0x6d, 0x65,
  0x74, 0x61, 0x6c, 0x29, 0x3b, 0x0a, 0x09, 0x64, 0x69, 0x66, 0x66, 0x75,
  0x73, 0x65, 0x2e, 0x72, 0x67, 0x62, 0x20, 0x2a, 0x3d, 0x20, 0x31, 0x2e,
  0x30, 0x20, 0x2d, 0x20, 0x6d, 0x65, 0x74, 0x61, 0x6c, 0x3b, 0x0a, 0x20,
  0x20, 0x23, 0x65, 0x6c, 0x73, 0x65, 0x0a, 0x09, 0x2f, 0x2f, 0x20, 0x64,
  0x69, 0x66, 0x66, 0x75, 0x73, 0x65, 0x20, 0x72, 0x67, 0x62, 0x20, 0x69,
  0x73, 0x20, 0x64, 0x69, 0x66, 0x66, 0x75, 0x73, 0x65, 0x0a, 0x09, 0x2f,
  0x2f, 0x20, 0x73, 0x70, 0x65, 0x63, 0x75, 0x6c, 0x61, 0x72, 0x20, 0x72,
  0x67, 0x62, 0x20, 0x69, 0x73, 0x20, 0x73, 0x70, 0x65, 0x63, 0x75, 0x6c,
  0x61, 0x72, 0x20, 0x72, 0x65, 0x66, 0x6c, 0x65, 0x63, 0x74, 0x61, 0x6e,
  0x63, 0x65, 0x20, 0x61, 0x74, 0x20, 0x6e, 0x6f, 0x72, 0x6d, 0x61, 0x6c,
  0x20, 0x69, 0x6e, 0x63, 0x69, 0x64, 0x65, 0x6e, 0x63, 0x65, 0x0a, 0x09,
  0x2f, 0x2f, 0x20, 0x73, 0x70, 0x65, 0x63, 0x75, 0x6c, 0x61, 0x72, 0x20,
  0x61, 0x6c, 0x70, 0x68, 0x61, 0x20, 0x69, 0x73, 0x20, 0x67, 0x6c, 0x6f,
  0x73, 0x73, 0x0a, 0x09, 0x66, 0x6c, 0x6f, 0x61, 0x74, 0x20, 0x67, 0x6c,
  0x6f, 0x73, 0x73, 0x20, 0x3d, 0x20, 0x73, 0x70, 0x65, 0x63, 0x75, 0x6c,
  0x61, 0x72, 0x2e, 0x61, 0x3b, 0x0a, 0x0a, 0x09, 0x2f, 0x2f, 0x20, 0x61,
  0x64, 0x6a, 0x75, 0x73, 0x74, 0x20, 0x64, 0x69, 0x66, 0x66, 0x75, 0x73,
  0x65, 0x20, 0x62, 0x79, 0x20, 0x73, 0x70, 0x65, 0x63, 0x75, 0x6c, 0x61,
  0x72, 0x20, 0x72, 0x65, 0x66, 0x6c, 0x65, 0x63, 0x74, 0x61, 0x6e, 0x63,
  0x65, 0x2c, 0x20, 0x74, 0x6f, 0x20, 0x6d, 0x61, 0x69, 0x6e, 0x74, 0x61,
  0x69, 0x6e, 0x20, 0x65, 0x6e, 0x65, 0x72, 0x67, 0x79, 0x20, 0x63, 0x6f,
  0x6e, 0x73, 0x65, 0x72, 0x76, 0x61, 0x74, 0x69, 0x6f, 0x6e, 0x0a, 0x09,
  0x64, 0x69, 0x66, 0x66, 0x75, 0x73, 0x65, 0x2e, 0x72, 0x67, 0x62, 0x20,
  0x2a, 0x3d, 0x20, 0x76, 0x65, 0x63, 0x33, 0x28, 0x31, 0x2e, 0x30, 0x29,
  0x20, 0x2d, 0x20, 0x73, 0x70, 0x65, 0x63, 0x75, 0x6c, 0x61, 0x72, 0x2e,
  0x72, 0x67, 0x62, 0x3b, 0x0a, 0x20, 0x20, 0x23, 0x65, 0x6e, 0x64, 0x69,
  0x66, 0x0a, 0x0a, 0x20, 0x20, 0x23, 0x69, 0x66, 0x20, 0x64, 0x65, 0x66,
  0x69, 0x6e, 0x65, 0x64, 0x28, 0x47, 0x4c, 0x4f, 0x53, 0x53, 0x5f, 0x49,
  0x53, 0x5f, 0x47, 0x4c, 0x4f, 0x53, 0x53, 0x29, 0x0a, 0x09, 0x66, 0x6c,
  0x6f, 0x61, 0x74, 0x20, 0x72, 0x6f, 0x75, 0x67, 0x68, 0x6e, 0x65, 0x73,
  0x73, 0x20, 0x3d, 0x20, 0x65, 0x78, 0x70, 0x32, 0x28, 0x2d, 0x33, 0x2e,
  0x30, 0x20, 0x2a, 0x20, 0x67, 0x6c, 0x6f, 0x73, 0x73, 0x29, 0x3b, 0x0a,
  0x20, 0x20, 0x23, 0x65, 0x6c, 0x69, 0x66, 0x20, 0x64, 0x65, 0x66, 0x69,
  0x6e, 0x65, 0x64, 0x28, 0x47, 0x4c, 0x4f, 0x53, 0x53, 0x5f, 0x49, 0x53,
  0x5f, 0x53, 0x4d, 0x4f, 0x4f, 0x54, 0x48, 0x4e, 0x45, 0x53, 0x53, 0x29,
  0x0a, 0x09, 0x66, 0x6c, 0x6f, 0x61, 0x74, 0x20, 0x72, 0x6f, 0x75, 0x67,
  0x68, 0x6e, 0x65, 0x73, 0x73, 0x20, 0x3d, 0x20, 0x31, 0x2e, 0x30, 0x20,
  0x2d, 0x20, 0x67, 0x6c, 0x6f, 0x73, 0x73, 0x3b, 0x0a, 0x20, 0x20, 0x23,
  0x65, 0x6c, 0x69, 0x66, 0x20, 0x64, 0x65, 0x66, 0x69, 0x6e, 0x65, 0x64,
  0x28, 0x47, 0x4c, 0x4f, 0x53, 0x53, 0x5f, 0x49, 0x53, 0x5f, 0x52, 0x4f,
  0x55, 0x47, 0x48, 0x4e, 0x45, 0x53, 0x53, 0x29, 0x0a, 0x09, 0x66, 0x6c,
  0x6f, 0x61, 0x74, 0x20, 0x72, 0x6f, 0x75, 0x67, 0x68, 0x6e, 0x65, 0x73,
  0x73, 0x20, 0x3d, 0x20, 0x67, 0x6c, 0x6f, 0x73, 0x73, 0x3b, 0x0a, 0x20,
  0x20, 0x23, 0x65, 0x6c, 0x69, 0x66, 0x20, 0x64, 0x65, 0x66, 0x69, 0x6e,
  0x65, 0x64, 0x28, 0x47, 0x4c, 0x4f, 0x53, 0x53, 0x5f, 0x49, 0x53, 0x5f,
  0x53, 0x48, 0x49, 0x4e, 0x49, 0x4e, 0x45, 0x53, 0x53, 0x29, 0x0a, 0x09,
  0x66, 0x6c, 0x6f, 0x61, 0x74, 0x20, 0x72, 0x6f, 0x75, 0x67, 0x68, 0x6e,
  0x65, 0x73, 0x73, 0x20, 0x3d, 0x20, 0x70, 0x6f, 0x77, 0x28, 0x32, 0x2e,
  0x30, 0x20, 0x2f, 0x20, 0x28, 0x38, 0x31, 0x39, 0x30, 0x2e, 0x30, 0x20,
  0x2a, 0x20, 0x67, 0x6c, 0x6f, 0x73, 0x73, 0x20, 0x2b, 0x20, 0x32, 0x2e,
  0x30, 0x29, 0x2c, 0x20, 0x30, 0x2e, 0x32, 0x35, 0x29, 0x3b, 0x0a, 0x20,
  0x20, 0x23, 0x65, 0x6e, 0x64, 0x69, 0x66, 0x0a, 0x0a, 0x09, 0x72, 0x65,
  0x66, 0x6c, 0x65, 0x63, 0x74, 0x61, 0x6e, 0x63, 0x65, 0x20, 0x20, 0x3d,
  0x20, 0x43, 0x61, 0x6c, 0x63, 0x44, 0x69, 0x66, 0x66, 0x75, 0x73, 0x65,
  0x28, 0x64, 0x69, 0x66, 0x66, 0x75, 0x73, 0x65, 0x2e, 0x72, 0x67, 0x62,
  0x2c, 0x20, 0x4e, 0x48, 0x2c, 0x20, 0x45, 0x48, 0x2c, 0x20, 0x72, 0x6f,
  0x75, 0x67, 0x68, 0x6e, 0x65, 0x73, 0x73, 0x29, 0x3b, 0x0a, 0x0a, 0x20,
  0x20, 0x23, 0x69, 0x66, 0x20, 0x64, 0x65, 0x66, 0x69, 0x6e, 0x65, 0x64,
  0x28, 0x72, 0x5f, 0x64, 0x65, 0x6c, 0x75, 0x78, 0x65, 0x53, 0x70, 0x65,
  0x63, 0x75, 0x6c, 0x61, 0x72, 0x29, 0x0a, 0x20, 0x20, 0x20, 0x20, 0x23,
  0x69, 0x66, 0x20, 0x64, 0x65, 0x66, 0x69, 0x6e, 0x65, 0x64, 0x28, 0x55,
  0x53, 0x45, 0x5f, 0x4c, 0x49, 0x47, 0x48, 0x54, 0x5f, 0x56, 0x45, 0x43,
  0x54, 0x4f, 0x52, 0x29, 0x0a, 0x09, 0x72, 0x65, 0x66, 0x6c, 0x65, 0x63,
  0x74, 0x61, 0x6e, 0x63, 0x65, 0x20, 0x2b, 0x3d, 0x20, 0x43, 0x61, 0x6c,
  0x63, 0x53, 0x70, 0x65, 0x63, 0x75, 0x6c, 0x61, 0x72, 0x28, 0x73, 0x70,
  0x65, 0x63, 0x75, 0x6c, 0x61, 0x72, 0x2e, 0x72, 0x67, 0x62, 0x2c, 0x20,
  0x4e, 0x48, 0x2c, 0x20, 0x45, 0x48, 0x2c, 0x20, 0x72, 0x6f, 0x75, 0x67,
  0x68, 0x6e, 0x65, 0x73, 0x73, 0x29, 0x20, 0x2a, 0x20, 0x72, 0x5f, 0x64,
  0x65, 0x6c, 0x75, 0x78, 0x65, 0x53, 0x70, 0x65, 0x63, 0x75, 0x6c, 0x61,
  0x72, 0x3b, 0x0a, 0x20, 0x20, 0x20, 0x20, 0x23, 0x65, 0x6c, 0x73, 0x65,
  0x0a, 0x09, 0x72, 0x65, 0x66, 0x6c, 0x65, 0x63, 0x74, 0x61, 0x6e, 0x63,
  0x65, 0x20, 0x2b, 0x3d, 0x20, 0x43, 0x61, 0x6c, 0x63, 0x53, 0x70, 0x65,
  0x63, 0x75, 0x6c, 0x61, 0x72, 0x28, 0x73, 0x70, 0x65, 0x63, 0x75, 0x6c,
  0x61, 0x72, 0x2e, 0x72, 0x67, 0x62, 0x2c, 0x20, 0x4e, 0x48, 0x2c, 0x20,
  0x45, 0x48, 0x2c, 0x20, 0x70, 0x6f, 0x77, 0x28, 0x72, 0x6f, 0x75, 0x67,
  0x68, 0x6e, 0x65, 0x73, 0x73, 0x2c, 0x20, 0x72, 0x5f, 0x64, 0x65, 0x6c,
  0x75, 0x78, 0x65, 0x53, 0x70, 0x65, 0x63, 0x75, 0x6c, 0x61, 0x72, 0x29,
  0x29, 0x3b, 0x0a, 0x20, 0x20, 0x20, 0x20, 0x23, 0x65, 0x6e, 0x64, 0x69,
  0x66, 0x0a, 0x20, 0x20, 0x23, 0x65, 0x6e, 0x64, 0x69, 0x66, 0x0a, 0x0a,
  0x09, 0x67, 0x6c, 0x5f, 0x46, 0x72, 0x61, 0x67, 0x43, 0x6f, 0x6c, 0x6f,
  0x72, 0x2e, 0x72, 0x67, 0x62, 0x20, 0x20, 0x3d, 0x20, 0x6c, 0x69, 0x67,
  0x68, 0x74, 0x43, 0x6f, 0x6c, 0x6f, 0x72, 0x20, 0x20, 0x20, 0x2a, 0x20,
  0x72, 0x65, 0x66, 0x6c, 0x65, 0x63, 0x74, 0x61, 0x6e, 0x63, 0x65, 0x20,
  0x2a, 0x20, 0x28, 0x61, 0x74, 0x74, 0x65, 0x6e, 0x75, 0x61, 0x74, 0x69,
  0x6f, 0x6e, 0x20, 0x2a, 0x20, 0x4e, 0x4c, 0x29, 0x3b, 0x0a, 0x09, 0x67,
  0x6c, 0x5f, 0x46, 0x72, 0x61, 0x67, 0x43, 0x6f, 0x6c, 0x6f, 0x72, 0x2e,
  0x72, 0x67, 0x62, 0x20, 0x2b, 0x3d, 0x20, 0x61, 0x6d, 0x62, 0x69, 0x65,
  0x6e, 0x74, 0x43, 0x6f, 0x6c, 0x6f, 0x72, 0x20, 0x2a, 0x20, 0x64, 0x69,
  0x66, 0x66, 0x75, 0x73, 0x65, 0x2e, 0x72, 0x67, 0x62, 0x3b, 0x0a, 0x0a,
  0x20, 0x20, 0x23, 0x69, 0x66, 0x20, 0x64, 0x65, 0x66, 0x69, 0x6e, 0x65,
  0x64, 0x28, 0x55, 0x53, 0x45, 0x5f, 0x43, 0x55, 0x42, 0x45, 0x4d, 0x41,
  0x50, 0x29, 0x0a, 0x09, 0x72, 0x65, 0x66, 0x6c, 0x65, 0x63, 0x74, 0x61,
  0x6e, 0x63, 0x65, 0x20, 0x3d, 0x20, 0x45, 0x6e, 0x76, 0x69, 0x72, 0x6f,
  0x6e, 0x6d, 0x65, 0x6e, 0x74, 0x42, 0x52, 0x44, 0x46, 0x28, 0x72, 0x6f,
  0x75, 0x67, 0x68, 0x6e, 0x65, 0x73, 0x73, 0x2c, 0x20, 0x4e, 0x45, 0x2c,
  0x20, 0x73, 0x70, 0x65, 0x63, 0x75, 0x6c, 0x61, 0x72, 0x2e, 0x72, 0x67,
  0x62, 0x29, 0x3b, 0x0a, 0x0a, 0x09, 0x76, 0x65, 0x63, 0x33, 0x20, 0x52,
  0x20, 0x3d, 0x20, 0x72, 0x65, 0x66, 0x6c, 0x65, 0x63, 0x74, 0x28, 0x45,
  0x2c, 0x20, 0x4e, 0x29, 0x3b, 0x0a, 0x0a, 0x09, 0x2f, 0x2f, 0x20, 0x70,
  0x61, 0x72, 0x61, 0x6c, 0x6c, 0x61, 0x78, 0x20, 0x63, 0x6f, 0x72, 0x72,
  0x65, 0x63, 0x74, 0x65, 0x64, 0x20, 0x63, 0x75, 0x62, 0x65, 0x6d, 0x61,
  0x70, 0x20, 0x28, 0x63, 0x68, 0x65, 0x61, 0x70, 0x65, 0x72, 0x20, 0x74,
  0x72, 0x69, 0x63, 0x6b, 0x29, 0x0a, 0x09, 0x2f, 0x2f, 0x20, 0x66, 0x72,
  0x6f, 0x6d, 0x20, 0x68, 0x74, 0x74, 0x70, 0x3a, 0x2f, 0x2f, 0x73, 0x65,
  0x62, 0x6c, 0x61, 0x67, 0x61, 0x72, 0x64, 0x65, 0x2e, 0x77, 0x6f, 0x72,
  0x64, 0x70, 0x72, 0x65, 0x73, 0x73, 0x2e, 0x63, 0x6f, 0x6d, 0x2f, 0x32,
  0x30, 0x31, 0x32, 0x2f, 0x30, 0x39, 0x2f, 0x32, 0x39, 0x2f, 0x69, 0x6d,
  0x61, 0x67, 0x65, 0x2d, 0x62, 0x61, 0x73, 0x65, 0x64, 0x2d, 0x6c, 0x69,
  0x67, 0x68, 0x74, 0x69, 0x6e, 0x67, 0x2d, 0x61, 0x70, 0x70, 0x72, 0x6f,
  0x61, 0x63, 0x68, 0x65, 0x73, 0x2d, 0x61, 0x6e, 0x64, 0x2d, 0x70, 0x61,
  0x72, 0x61, 0x6c, 0x6c, 0x61, 0x78, 0x2d, 0x63, 0x6f, 0x72, 0x72, 0x65,
  0x63, 0x74, 0x65, 0x64, 0x2d, 0x63, 0x75, 0x62, 0x65, 0x6d, 0x61, 0x70,
  0x2f, 0x0a, 0x09, 0x76, 0x65, 0x63, 0x33, 0x20, 0x70, 0x61, 0x72, 0x61,
  0x6c, 0x6c, 0x61, 0x78, 0x20, 0x3d, 0x20, 0x75, 0x5f, 0x43, 0x75, 0x62,
  0x65, 0x4d, 0x61, 0x70, 0x49, 0x6e, 0x66, 0x6f, 0x2e, 0x78, 0x79, 0x7a,
  0x20, 0x2b, 0x20, 0x75, 0x5f, 0x43, 0x75, 0x62, 0x65, 0x4d, 0x61, 0x70,
  0x49, 0x6e, 0x66, 0x6f, 0x2e, 0x77, 0x20, 0x2a, 0x20, 0x76, 0x69, 0x65,
  0x77, 0x44, 0x69, 0x72, 0x3b, 0x0a, 0x0a, 0x20, 0x20, 0x23, 0x69, 0x66,
  0x20, 0x64, 0x65, 0x66, 0x69, 0x6e, 0x65, 0x64, 0x28, 0x55, 0x53, 0x45,
  0x5f, 0x42, 0x4f, 0x58, 0x5f, 0x43, 0x55, 0x42, 0x45, 0x4d, 0x41, 0x50,
  0x5f, 0x50, 0x41, 0x52, 0x41, 0x4c, 0x4c, 0x41, 0x58, 0x29, 0x0a, 0x09,
  0x76, 0x65, 0x63, 0x33, 0x20, 0x63, 0x75, 0x62, 0x65, 0x4c, 0x69, 0x67,
  0x68, 0x74, 0x43, 0x6f, 0x6c, 0x6f, 0x72, 0x20, 0x3d, 0x20, 0x68, 0x69,
  0x74, 0x43, 0x75, 0x62, 0x65, 0x28, 0x52, 0x20, 0x2a, 0x20, 0x75, 0x5f,
  0x43, 0x75, 0x62, 0x65, 0x4d, 0x61, 0x70, 0x49, 0x6e, 0x66, 0x6f, 0x2e,
  0x77, 0x2c, 0x20, 0x70, 0x61, 0x72, 0x61, 0x6c, 0x6c, 0x61, 0x78, 0x2c,
  0x20, 0x75, 0x5f, 0x43, 0x75, 0x62, 0x65, 0x4d, 0x61, 0x70, 0x49, 0x6e,
  0x66, 0x6f, 0x2e, 0x77, 0x77, 0x77, 0x2c, 0x20, 0x52, 0x4f, 0x55, 0x47,
  0x48, 0x4e, 0x45, 0x53, 0x53, 0x5f, 0x4d, 0x49, 0x50, 0x53, 0x20, 0x2a,
  0x20, 0x72, 0x6f, 0x75, 0x67, 0x68, 0x6e, 0x65, 0x73, 0x73, 0x2c, 0x20,
  0x75, 0x5f, 0x43, 0x75, 0x62, 0x65, 0x4d, 0x61, 0x70, 0x29, 0x2e, 0x72,
  0x67, 0x62, 0x20, 0x2a, 0x20, 0x75, 0x5f, 0x45, 0x6e, 0x61, 0x62, 0x6c,
  0x65, 0x54, 0x65, 0x78, 0x74, 0x75, 0x72, 0x65, 0x73, 0x2e, 0x77, 0x3b,
  0x0a, 0x20, 0x20, 0x23, 0x65, 0x6c, 0x73, 0x65, 0x0a, 0x09, 0x76, 0x65,
  0x63, 0x33, 0x20, 0x63, 0x75, 0x62, 0x65, 0x4c, 0x69, 0x67, 0x68, 0x74,
  0x43, 0x6f, 0x6c, 0x6f, 0x72, 0x20, 0x3d, 0x20, 0x74, 0x65, 0x78, 0x74,
  0x75, 0x72, 0x65, 0x43, 0x75, 0x62, 0x65, 0x4c, 0x6f, 0x64, 0x28, 0x75,
  0x5f, 0x43, 0x75, 0x62, 0x65, 0x4d, 0x61, 0x70, 0x2c, 0x20, 0x52, 0x20,
  0x2b, 0x20, 0x70, 0x61, 0x72, 0x61, 0x6c, 0x6c, 0x61, 0x78, 0x2c, 0x20,
  0x52, 0x4f, 0x55, 0x47, 0x48, 0x4e, 0x45, 0x53, 0x53, 0x5f, 0x4d, 0x49,
  0x50, 0x53, 0x20, 0x2a, 0x20, 0x72, 0x6f, 0x75, 0x67, 0x68, 0x6e, 0x65,
  0x73, 0x73, 0x29, 0x2e, 0x72, 0x67, 0x62, 0x20, 0x2a, 0x20, 0x75, 0x5f,
  0x45, 0x6e, 0x61, 0x62, 0x6c, 0x65, 0x54, 0x65, 0x78, 0x74, 0x75, 0x72,
  0x65, 0x73, 0x2e, 0x77, 0x3b, 0x0a, 0x20, 0x20, 0x23, 0x65, 0x6e, 0x64,
  0x69, 0x66, 0x0a, 0x0a, 0x09, 0x2f, 0x2f, 0x20, 0x6e, 0x6f, 0x72, 0x6d,
  0x61, 0x6c, 0x69, 0x7a, 0x65, 0x20, 0x63, 0x75, 0x62, 0x65, 0x6d, 0x61,
  0x70, 0x20, 0x62, 0x61, 0x73, 0x65, 0x64, 0x20, 0x6f, 0x6e, 0x20, 0x6c,
  0x61, 0x73, 0x74, 0x20, 0x72, 0x6f, 0x75, 0x67, 0x68, 0x6e, 0x65, 0x73,
  0x73, 0x20, 0x6d, 0x69, 0x70, 0x20, 0x28, 0x7e, 0x64, 0x69, 0x66, 0x66,
  0x75, 0x73, 0x65, 0x29, 0x0a, 0x09, 0x2f, 0x2f, 0x20, 0x6d, 0x75, 0x6c,
  0x74, 0x69, 0x70, 0x6c, 0x79, 0x69, 0x6e, 0x67, 0x20, 0x63, 0x75, 0x62,
  0x65, 0x6d, 0x61, 0x70, 0x20, 0x76, 0x61, 0x6c, 0x75, 0x65, 0x73, 0x20,
  0x62, 0x79, 0x20, 0x6c, 0x69, 0x67, 0x68, 0x74, 0x69, 0x6e, 0x67, 0x20,
  0x62, 0x65, 0x6c, 0x6f, 0x77, 0x20, 0x64, 0x65, 0x70, 0x65, 0x6e, 0x64,
  0x73, 0x20, 0x6f, 0x6e, 0x20, 0x65, 0x69, 0x74, 0x68, 0x65, 0x72, 0x20,
  0x74, 0x68, 0x69, 0x73, 0x20, 0x6f, 0x72, 0x20, 0x74, 0x68, 0x65, 0x20,
  0x63, 0x75, 0x62, 0x65, 0x6d, 0x61, 0x70, 0x20, 0x62, 0x65, 0x69, 0x6e,
  0x67, 0x20, 0x6e, 0x6f, 0x72, 0x6d, 0x61, 0x6c, 0x69, 0x7a, 0x65, 0x64,
  0x20, 0x61, 0x74, 0x20, 0x67, 0x65, 0x6e, 0x65, 0x72, 0x61, 0x74, 0x69,
  0x6f, 0x6e, 0x0a, 0x09, 0x2f, 0x2f, 0x76, 0x65, 0x63, 0x33, 0x20, 0x63,
  0x75, 0x62, 0x65, 0x4c, 0x69, 0x67, 0x68, 0x74, 0x44, 0x69, 0x66, 0x66,
  0x75, 0x73, 0x65, 0x20, 0x3d, 0x20, 0x6d, 0x61, 0x78, 0x28, 0x74, 0x65,
  0x78, 0x74, 0x75, 0x72, 0x65, 0x43, 0x75, 0x62, 0x65, 0x4c, 0x6f, 0x64,
  0x28, 0x75, 0x5f, 0x43, 0x75, 0x62, 0x65, 0x4d, 0x61, 0x70, 0x2c, 0x20,
  0x4e, 0x2c, 0x20, 0x52, 0x4f, 0x55, 0x47, 0x48, 0x4e, 0x45, 0x53, 0x53,
  0x5f, 0x4d, 0x49, 0x50, 0x53, 0x29, 0x2e, 0x72, 0x67, 0x62, 0x2c, 0x20,
  0x30, 0x2e, 0x35, 0x20, 0x2f, 0x20, 0x32, 0x35, 0x35, 0x2e, 0x30, 0x29,
  0x3b, 0x0a, 0x09, 0x2f, 0x2f, 0x63, 0x75, 0x62, 0x65, 0x4c, 0x69, 0x67,
  0x68, 0x74, 0x43, 0x6f, 0x6c, 0x6f, 0x72, 0x20, 0x2f, 0x3d, 0x20, 0x64,
  0x6f, 0x74, 0x28, 0x63, 0x75, 0x62, 0x65, 0x4c, 0x69, 0x67, 0x68, 0x74,
  0x44, 0x69, 0x66, 0x66, 0x75, 0x73, 0x65, 0x2c, 0x20, 0x76, 0x65, 0x63,
  0x33, 0x28, 0x30, 0x2e, 0x32, 0x31, 0x32, 0x35, 0x2c, 0x20, 0x30, 0x2e,
  0x37, 0x31, 0x35, 0x34, 0x2c, 0x20, 0x30, 0x2e, 0x30, 0x37, 0x32, 0x31,
  0x29, 0x29, 0x3b, 0x0a, 0x0a, 0x20, 0x20, 0x20, 0x20, 0x23, 0x69, 0x66,
  0x20, 0x64, 0x65, 0x66, 0x69, 0x6e, 0x65, 0x64, 0x28, 0x55, 0x53, 0x45,
  0x5f, 0x50, 0x42, 0x52, 0x29, 0x0a, 0x09, 0x63, 0x75, 0x62, 0x65, 0x4c,
  0x69, 0x67, 0x68, 0x74, 0x43, 0x6f, 0x6c, 0x6f, 0x72, 0x20, 0x2a, 0x3d,
  0x20, 0x63, 0x75, 0x62, 0x65, 0x4c, 0x69, 0x67, 0x68, 0x74, 0x43, 0x6f,
  0x6c, 0x6f, 0x72, 0x3b, 0x0a, 0x20, 0x20, 0x20, 0x20, 0x23, 0x65, 0x6e,
  0x64, 0x69, 0x66, 0x0a, 0x0a, 0x09, 0x2f, 0x2f, 0x20, 0x6d, 0x75, 0x6c,
  0x74, 0x69, 0x70, 0x6c, 0x79, 0x20, 0x63, 0x75, 0x62, 0x65, 0x6d, 0x61,
  0x70, 0x20, 0x76, 0x61, 0x6c, 0x75, 0x65, 0x73, 0x20, 0x62, 0x79, 0x20,
  0x6c, 0x69, 0x67, 0x68, 0x74, 0x69, 0x6e, 0x67, 0x0a, 0x09, 0x2f, 0x2f,
  0x20, 0x6e, 0x6f, 0x74, 0x20, 0x74, 0x65, 0x63, 0x68, 0x6e, 0x69, 0x63,
  0x61, 0x6c, 0x6c, 0x79, 0x20, 0x63, 0x6f, 0x72, 0x72, 0x65, 0x63, 0x74,
  0x2c, 0x20, 0x62, 0x75, 0x74, 0x20, 0x68, 0x65, 0x6c, 0x70, 0x73, 0x20,
  0x6d, 0x61, 0x6b, 0x65, 0x20, 0x72, 0x65, 0x66, 0x6c, 0x65, 0x63, 0x74,
  0x69, 0x6f, 0x6e, 0x73, 0x20, 0x6c, 0x6f, 0x6f, 0x6b, 0x20, 0x6c, 0x65,
  0x73, 0x73, 0x20, 0x75, 0x6e, 0x6e, 0x61, 0x74, 0x75, 0x72, 0x61, 0x6c,
  0x0a, 0x09, 0x2f, 0x2f, 0x63, 0x75, 0x62, 0x65, 0x4c, 0x69, 0x67, 0x68,
  0x74, 0x43, 0x6f, 0x6c, 0x6f, 0x72, 0x20, 0x2a, 0x3d, 0x20, 0x6c, 0x69,
  0x67, 0x68, 0x74, 0x43, 0x6f, 0x6c, 0x6f, 0x72, 0x20, 0x2a, 0x20, 0x28,
  0x61, 0x74, 0x74, 0x65, 0x6e, 0x75, 0x61, 0x74, 0x69, 0x6f, 0x6e, 0x20,
  0x2a, 0x20, 0x4e, 0x4c, 0x29, 0x20, 0x2b, 0x20, 0x61, 0x6d, 0x62, 0x69,
  0x65, 0x6e, 0x74, 0x43, 0x6f, 0x6c, 0x6f, 0x72, 0x3b, 0x0a, 0x0a, 0x09,
  0x67, 0x6c, 0x5f, 0x46, 0x72, 0x61, 0x67, 0x43, 0x6f, 0x6c, 0x6f, 0x72,
  0x2e, 0x72, 0x67, 0x62, 0x20, 0x2b, 0x3d, 0x20, 0x63, 0x75, 0x62, 0x65,
  0x4c, 0x69, 0x67, 0x68, 0x74, 0x43, 0x6f, 0x6c, 0x6f, 0x72, 0x20, 0x2a,
  0x20, 0x72, 0x65, 0x66, 0x6c, 0x65, 0x63, 0x74, 0x61, 0x6e, 0x63, 0x65,
  0x3b, 0x0a, 0x20, 0x20, 0x23, 0x65, 0x6e, 0x64, 0x69, 0x66, 0x0a, 0x0a,
  0x20, 0x20, 0x23, 0x69, 0x66, 0x20, 0x64, 0x65, 0x66, 0x69, 0x6e, 0x65,
  0x64, 0x28, 0x55, 0x53, 0x45, 0x5f, 0x50, 0x52, 0x49, 0x4d, 0x41, 0x52,
  0x59, 0x5f, 0x4c, 0x49, 0x47, 0x48, 0x54, 0x29, 0x20, 0x7c, 0x7c, 0x20,
  0x64, 0x65, 0x66, 0x69, 0x6e, 0x65, 0x64, 0x28, 0x53, 0x48, 0x41, 0x44,
  0x4f, 0x57, 0x4d, 0x41, 0x50, 0x5f, 0x4d, 0x4f, 0x44, 0x55, 0x4c, 0x41,
  0x54, 0x45, 0x29, 0x0a, 0x09, 0x76, 0x65, 0x63, 0x33, 0x20, 0x4c, 0x32,
  0x2c, 0x20, 0x48, 0x32, 0x3b, 0x0a, 0x09, 0x66, 0x6c, 0x6f, 0x61, 0x74,
  0x20, 0x4e, 0x4c, 0x32, 0x2c, 0x20, 0x45, 0x48, 0x32, 0x2c, 0x20, 0x4e,
  0x48, 0x32, 0x3b, 0x0a, 0x0a, 0x09, 0x4c, 0x32, 0x20, 0x3d, 0x20, 0x76,
  0x61, 0x72, 0x5f, 0x50, 0x72, 0x69, 0x6d, 0x61, 0x72, 0x79, 0x4c, 0x69,
  0x67, 0x68, 0x74, 0x44, 0x69, 0x72, 0x2e, 0x78, 0x79, 0x7a, 0x3b, 0x0a,
  0x0a, 0x09, 0x2f, 0x2f, 0x20, 0x65, 0x6e, 0x61, 0x62, 0x6c, 0x65, 0x20,
  0x77, 0x68, 0x65, 0x6e, 0x20, 0x70, 0x6f, 0x69, 0x6e, 0x74, 0x20, 0x6c,
  0x69, 0x67, 0x68, 0x74, 0x73, 0x20, 0x61, 0x72, 0x65, 0x20, 0x73, 0x75,
  0x70, 0x70, 0x6f, 0x72, 0x74, 0x65, 0x64, 0x20, 0x61, 0x73, 0x20, 0x70,
  0x72, 0x69, 0x6d, 0x61, 0x72, 0x79, 0x20, 0x6c, 0x69, 0x67, 0x68, 0x74,
  0x73, 0x0a, 0x09, 0x2f, 0x2f, 0x73, 0x71, 0x72, 0x4c, 0x69, 0x67, 0x68,
  0x74, 0x44, 0x69, 0x73, 0x74, 0x20, 0x3d, 0x20, 0x64, 0x6f, 0x74, 0x28,
  0x4c, 0x32, 0x2c, 0x20, 0x4c, 0x32, 0x29, 0x3b, 0x0a, 0x09, 0x2f, 0x2f,
  0x4c, 0x32, 0x20, 0x2f, 0x3d, 0x20, 0x73, 0x71, 0x72, 0x74, 0x28, 0x73,
  0x71, 0x72, 0x4c, 0x69, 0x67, 0x68, 0x74, 0x44, 0x69, 0x73, 0x74, 0x29,
  0x3b, 0x0a, 0x0a, 0x09, 0x4e, 0x4c, 0x32, 0x20, 0x3d, 0x20, 0x63, 0x6c,
  0x61, 0x6d, 0x70, 0x28, 0x64, 0x6f, 0x74, 0x28, 0x4e, 0x2c, 0x20, 0x4c,
  0x32, 0x29, 0x2c, 0x20, 0x30, 0x2e, 0x30, 0x2c, 0x20, 0x31, 0x2e, 0x30,
  0x29, 0x3b, 0x0a, 0x09, 0x48, 0x32, 0x20, 0x3d, 0x20, 0x6e, 0x6f, 0x72,
  0x6d, 0x61, 0x6c, 0x69, 0x7a, 0x65, 0x28, 0x4c, 0x32, 0x20, 0x2b, 0x20,
  0x45, 0x29, 0x3b, 0x0a, 0x09, 0x45, 0x48, 0x32, 0x20, 0x3d, 0x20, 0x63,
  0x6c, 0x61, 0x6d, 0x70, 0x28, 0x64, 0x6f, 0x74, 0x28, 0x45, 0x2c, 0x20,
  0x48, 0x32, 0x29, 0x2c, 0x20, 0x30, 0x2e, 0x30, 0x2c, 0x20, 0x31, 0x2e,
  0x30, 0x29, 0x3b, 0x0a, 0x09, 0x4e, 0x48, 0x32, 0x20, 0x3d, 0x20, 0x63,
  0x6c, 0x61, 0x6d, 0x70, 0x28, 0x64, 0x6f, 0x74, 0x28, 0x4e, 0x2c, 0x20,
  0x48, 0x32, 0x29, 0x2c, 0x20, 0x30, 0x2e, 0x30, 0x2c, 0x20, 0x31, 0x2e,
  0x30, 0x29, 0x3b, 0x0a, 0x0a, 0x09, 0x72, 0x65, 0x66, 0x6c, 0x65, 0x63,
  0x74, 0x61, 0x6e, 0x63, 0x65, 0x20, 0x20, 0x3d, 0x20, 0x43, 0x61, 0x6c,
  0x63, 0x53, 0x70, 0x65, 0x63, 0x75, 0x6c, 0x61, 0x72, 0x28, 0x73, 0x70,
  0x65, 0x63, 0x75, 0x6c, 0x61, 0x72, 0x2e, 0x72, 0x67, 0x62, 0x2c, 0x20,
  0x4e, 0x48, 0x32, 0x2c, 0x20, 0x45, 0x48, 0x32, 0x2c, 0x20, 0x72, 0x6f,
  0x75, 0x67, 0x68, 0x6e, 0x65, 0x73, 0x73, 0x29, 0x3b, 0x0a, 0x0a, 0x09,
  0x2f, 0x2f, 0x20, 0x62, 0x69, 0x74, 0x20, 0x6f, 0x66, 0x20, 0x61, 0x20,
  0x68, 0x61, 0x63, 0x6b, 0x2c, 0x20, 0x77, 0x69, 0x74, 0x68, 0x20, 0x6d,
  0x6f, 0x64, 0x75, 0x6c, 0x61, 0x74, 0x65, 0x64, 0x20, 0x73, 0x68, 0x61,
  0x64, 0x6f, 0x77, 0x6d, 0x61, 0x70, 0x73, 0x2c, 0x20, 0x69, 0x67, 0x6e,
  0x6f, 0x72, 0x65, 0x20, 0x64, 0x69, 0x66, 0x66, 0x75, 0x73, 0x65, 0x0a,
  0x20, 0x20, 0x20, 0x20, 0x23, 0x69, 0x66, 0x20, 0x21, 0x64, 0x65, 0x66,
  0x69, 0x6e, 0x65, 0x64, 0x28, 0x53, 0x48, 0x41, 0x44, 0x4f, 0x57, 0x4d,
  0x41, 0x50, 0x5f, 0x4d, 0x4f, 0x44, 0x55, 0x4c, 0x41, 0x54, 0x45, 0x29,
  0x0a, 0x09, 0x72, 0x65, 0x66, 0x6c, 0x65, 0x63, 0x74, 0x61, 0x6e, 0x63,
  0x65, 0x20, 0x2b, 0x3d, 0x20, 0x43, 0x61, 0x6c, 0x63, 0x44, 0x69, 0x66,
  0x66, 0x75, 0x73, 0x65, 0x28, 0x64, 0x69, 0x66, 0x66, 0x75, 0x73, 0x65,
  0x2e, 0x72, 0x67, 0x62, 0x2c, 0x20, 0x4e, 0x48, 0x32, 0x2c, 0x20, 0x45,
  0x48, 0x32, 0x2c, 0x20, 0x72, 0x6f, 0x75, 0x67, 0x68, 0x6e, 0x65, 0x73,
  0x73, 0x29, 0x3b, 0x0a, 0x20, 0x20, 0x20, 0x20, 0x23, 0x65, 0x6e, 0x64,
  0x69, 0x66, 0x0a, 0x0a, 0x09, 0x6c, 0x69, 0x67, 0x68, 0x74, 0x43, 0x6f,
  0x6c, 0x6f, 0x72, 0x20, 0x3d, 0x20, 0x75, 0x5f, 0x50, 0x72, 0x69, 0x6d,
  0x61, 0x72, 0x79, 0x4c, 0x69, 0x67, 0x68, 0x74, 0x43, 0x6f, 0x6c, 0x6f,
  0x72, 0x3b, 0x0a, 0x0a, 0x20, 0x20, 0x20, 0x20, 0x23, 0x69, 0x66, 0x20,
  0x64, 0x65, 0x66, 0x69, 0x6e, 0x65, 0x64, 0x28, 0x55, 0x53, 0x45, 0x5f,
  0x53, 0x48, 0x41, 0x44, 0x4f, 0x57, 0x4d, 0x41, 0x50, 0x29, 0x0a, 0x09,
  0x6c, 0x69, 0x67, 0x68, 0x74, 0x43, 0x6f, 0x6c, 0x6f, 0x72, 0x20, 0x2a,
  0x3d, 0x20, 0x73, 0x68, 0x61, 0x64, 0x6f, 0x77, 0x56, 0x61, 0x6c, 0x75,
  0x65, 0x3b, 0x0a, 0x20, 0x20, 0x20, 0x20, 0x23, 0x65, 0x6e, 0x64, 0x69,
  0x66, 0x0a, 0x0a, 0x09, 0x2f, 0x2f, 0x20, 0x65, 0x6e, 0x61, 0x62, 0x6c,
  0x65, 0x20, 0x77, 0x68, 0x65, 0x6e, 0x20, 0x70, 0x6f, 0x69, 0x6e, 0x74,
  0x20, 0x6c, 0x69, 0x67, 0x68, 0x74, 0x73, 0x20, 0x61, 0x72, 0x65, 0x20,
  0x73, 0x75, 0x70, 0x70, 0x6f, 0x72, 0x74, 0x65, 0x64, 0x20, 0x61, 0x73,
  0x20, 0x70, 0x72, 0x69, 0x6d, 0x61, 0x72, 0x79, 0x20, 0x6c, 0x69, 0x67,
  0x68, 0x74, 0x73, 0x0a, 0x09, 0x2f, 0x2f, 0x6c, 0x69, 0x67, 0x68, 0x74,
  0x43, 0x6f, 0x6c, 0x6f, 0x72, 0x20, 0x2a, 0x3d, 0x20, 0x43, 0x61, 0x6c,
  0x63, 0x4c, 0x69, 0x67, 0x68, 0x74, 0x41, 0x74, 0x74, 0x65, 0x6e, 0x75,
  0x61, 0x74, 0x69, 0x6f, 0x6e, 0x28, 0x66, 0x6c, 0x6f, 0x61, 0x74, 0x28,
  0x75, 0x5f, 0x50, 0x72, 0x69, 0x6d, 0x61, 0x72, 0x79, 0x4c, 0x69, 0x67,
  0x68, 0x74, 0x44, 0x69, 0x72, 0x2e, 0x77, 0x20, 0x3e, 0x20, 0x30, 0x2e,
  0x30, 0x29, 0x2c, 0x20, 0x75, 0x5f, 0x50, 0x72, 0x69, 0x6d, 0x61, 0x72,
  0x79, 0x4c, 0x69, 0x67, 0x68, 0x74, 0x44, 0x69, 0x72, 0x2e, 0x77, 0x20,
  0x2f, 0x20, 0x73, 0x71, 0x72, 0x4c, 0x69, 0x67, 0x68, 0x74, 0x44, 0x69,
  0x73, 0x74, 0x29, 0x3b, 0x0a, 0x0a, 0x20, 0x20, 0x23, 0x69, 0x66, 0x20,
  0x64, 0x65, 0x66, 0x69, 0x6e, 0x65, 0x64, 0x28, 0x55, 0x53, 0x45, 0x5f,
  0x50, 0x41, 0x52, 0x41, 0x4c, 0x4c, 0x41, 0x58, 0x4d, 0x41, 0x50, 0x29,
  0x20, 0x26, 0x26, 0x20, 0x64, 0x65, 0x66, 0x69, 0x6e, 0x65, 0x64, 0x28,
  0x55, 0x53, 0x45, 0x5f, 0x50, 0x41, 0x52, 0x41, 0x4c, 0x4c, 0x41, 0x58,
  0x4d, 0x41, 0x50, 0x5f, 0x53, 0x48, 0x41, 0x44, 0x4f, 0x57, 0x53, 0x29,
  0x0a, 0x09, 0x6f, 0x66, 0x66, 0x73, 0x65, 0x74, 0x44, 0x69, 0x72, 0x20,
  0x3d, 0x20, 0x4c, 0x32, 0x20, 0x2a, 0x20, 0x74, 0x61, 0x6e, 0x67, 0x65,
  0x6e, 0x74, 0x54, 0x6f, 0x57, 0x6f, 0x72, 0x6c, 0x64, 0x3b, 0x0a, 0x09,
  0x6f, 0x66, 0x66, 0x73, 0x65, 0x74, 0x44, 0x69, 0x72, 0x2e, 0x78, 0x79,
  0x20, 0x2a, 0x3d, 0x20, 0x75, 0x5f, 0x4e, 0x6f, 0x72, 0x6d, 0x61, 0x6c,
  0x53, 0x63, 0x61, 0x6c, 0x65, 0x2e, 0x61, 0x20, 0x2f, 0x20, 0x6f, 0x66,
  0x66, 0x73, 0x65, 0x74, 0x44, 0x69, 0x72, 0x2e, 0x7a, 0x3b, 0x0a, 0x09,
  0x6c, 0x69, 0x67, 0x68, 0x74, 0x43, 0x6f, 0x6c, 0x6f, 0x72, 0x20, 0x2a,
  0x3d, 0x20, 0x4c, 0x69, 0x67, 0x68, 0x74, 0x52, 0x61, 0x79, 0x28, 0x74,
  0x65, 0x78, 0x43, 0x6f, 0x6f, 0x72, 0x64, 0x73, 0x2c, 0x20, 0x6f, 0x66,
  0x66, 0x73, 0x65, 0x74, 0x44, 0x69, 0x72, 0x2e, 0x78, 0x79, 0x2c, 0x20,
  0x75, 0x5f, 0x4e, 0x6f, 0x72, 0x6d, 0x61, 0x6c, 0x4d, 0x61, 0x70, 0x29,
  0x3b, 0x0a, 0x20, 0x20, 0x23, 0x65, 0x6e, 0x64, 0x69, 0x66, 0x0a, 0x0a,
  0x09, 0x67, 0x6c, 0x5f, 0x46, 0x72, 0x61, 0x67, 0x43, 0x6f, 0x6c, 0x6f,
  0x72, 0x2e, 0x72, 0x67, 0x62, 0x20, 0x2b, 0x3d, 0x20, 0x6c, 0x69, 0x67,
  0x68, 0x74, 0x43, 0x6f, 0x6c, 0x6f, 0x72, 0x20, 0x2a, 0x20, 0x72, 0x65,
  0x66, 0x6c, 0x65, 0x63, 0x74, 0x61, 0x6e, 0x63, 0x65, 0x20, 0x2a, 0x20,
  0x4e, 0x4c, 0x32, 0x3b, 0x0a, 0x20, 0x20, 0x23, 0x65, 0x6e, 0x64, 0x69,
  0x66, 0x0a, 0x0a, 0x20, 0x20, 0x23, 0x69, 0x66, 0x20, 0x64, 0x65, 0x66,
  0x69, 0x6e, 0x65, 0x64, 0x28, 0x55, 0x53, 0x45, 0x5f, 0x50, 0x42, 0x52,
  0x29, 0x0a, 0x09, 0x67, 0x6c, 0x5f, 0x46, 0x72, 0x61, 0x67, 0x43, 0x6f,
  0x6c, 0x6f, 0x72, 0x2e, 0x72, 0x67, 0x62, 0x20, 0x3d, 0x20, 0x73, 0x71,
  0x72, 0x74, 0x28, 0x67, 0x6c, 0x5f, 0x46, 0x72, 0x61, 0x67, 0x43, 0x6f,
  0x6c, 0x6f, 0x72, 0x2e, 0x72, 0x67, 0x62, 0x29, 0x3b, 0x0a, 0x20, 0x20,
  0x23, 0x65, 0x6e, 0x64, 0x69, 0x66, 0x0a, 0x0a, 0x23, 0x65, 0x6c, 0x73,
  0x65, 0x0a, 0x0a, 0x09, 0x67, 0x6c, 0x5f, 0x46, 0x72, 0x61, 0x67, 0x43,
  0x6f, 0x6c, 0x6f, 0x72, 0x2e, 0x72, 0x67, 0x62, 0x20, 0x3d, 0x20, 0x64,
  0x69, 0x66, 0x66, 0x75, 0x73, 0x65, 0x2e, 0x72, 0x67, 0x62, 0x20, 0x2a,
  0x20, 0x6c, 0x69, 0x67, 0x68, 0x74, 0x43, 0x6f, 0x6c, 0x6f, 0x72, 0x3b,
  0x0a, 0x0a, 0x23, 0x65, 0x6e, 0x64, 0x69, 0x66, 0x0a, 0x0a, 0x09, 0x67,
  0x6c, 0x5f, 0x46, 0x72, 0x61, 0x67, 0x43, 0x6f, 0x6c, 0x6f, 0x72, 0x2e,
  0x61, 0x20, 0x3d, 0x20, 0x61, 0x6c, 0x70, 0x68, 0x61, 0x3b, 0x0a, 0x7d,
  0x0a
};
unsigned int fallbackShader_lightall_fp_len = 13825;
unsigned char fallbackShader_lightall_vp[] = {
  0x61, 0x74, 0x74, 0x72, 0x69, 0x62, 0x75, 0x74, 0x65, 0x20, 0x76, 0x65,
  0x63, 0x34, 0x20, 0x61, 0x74, 0x74, 0x72, 0x5f, 0x54, 0x65, 0x78, 0x43,
  0x6f, 0x6f, 0x72, 0x64, 0x30, 0x3b, 0x0a, 0x23, 0x69, 0x66, 0x20, 0x64,
  0x65, 0x66, 0x69, 0x6e, 0x65, 0x64, 0x28, 0x55, 0x53, 0x45, 0x5f, 0x4c,
  0x49, 0x47, 0x48, 0x54, 0x4d, 0x41, 0x50, 0x29, 0x20, 0x7c, 0x7c, 0x20,
  0x64, 0x65, 0x66, 0x69, 0x6e, 0x65, 0x64, 0x28, 0x55, 0x53, 0x45, 0x5f,
  0x54, 0x43, 0x47, 0x45, 0x4e, 0x29, 0x0a, 0x61, 0x74, 0x74, 0x72, 0x69,
  0x62, 0x75, 0x74, 0x65, 0x20, 0x76, 0x65, 0x63, 0x34, 0x20, 0x61, 0x74,
  0x74, 0x72, 0x5f, 0x54, 0x65, 0x78, 0x43, 0x6f, 0x6f, 0x72, 0x64, 0x31,
  0x3b, 0x0a, 0x23, 0x65, 0x6e, 0x64, 0x69, 0x66, 0x0a, 0x61, 0x74, 0x74,
  0x72, 0x69, 0x62, 0x75, 0x74, 0x65, 0x20, 0x76, 0x65, 0x63, 0x34, 0x20,
  0x61, 0x74, 0x74, 0x72, 0x5f, 0x43, 0x6f, 0x6c, 0x6f, 0x72, 0x3b, 0x0a,
  0x0a, 0x61, 0x74, 0x74, 0x72, 0x69, 0x62, 0x75, 0x74, 0x65, 0x20, 0x76,
  0x65, 0x63, 0x33, 0x20, 0x61, 0x74, 0x74, 0x72, 0x5f, 0x50, 0x6f, 0x73,
  0x69, 0x74, 0x69, 0x6f, 0x6e, 0x3b, 0x0a, 0x61, 0x74, 0x74, 0x72, 0x69,
  0x62, 0x75, 0x74, 0x65, 0x20, 0x76, 0x65, 0x63, 0x33, 0x20, 0x61, 0x74,
  0x74, 0x72, 0x5f, 0x4e, 0x6f, 0x72, 0x6d, 0x61, 0x6c, 0x3b, 0x0a, 0x61,
  0x74, 0x74, 0x72, 0x69, 0x62, 0x75, 0x74, 0x65, 0x20, 0x76, 0x65, 0x63,
  0x34, 0x20, 0x61, 0x74, 0x74, 0x72, 0x5f, 0x54, 0x61, 0x6e, 0x67, 0x65,
  0x6e, 0x74, 0x3b, 0x0a, 0x0a, 0x23, 0x69, 0x66, 0x20, 0x64, 0x65, 0x66,
  0x69, 0x6e, 0x65, 0x64, 0x28, 0x55, 0x53, 0x45, 0x5f, 0x56, 0x45, 0x52,
  0x54, 0x45, 0x58, 0x5f, 0x41, 0x4e, 0x49, 0x4d, 0x41, 0x54, 0x49, 0x4f,
  0x4e, 0x29, 0x0a, 0x61, 0x74, 0x74, 0x72, 0x69, 0x62, 0x75, 0x74, 0x65,
  0x20, 0x76, 0x65, 0x63, 0x33, 0x20, 0x61, 0x74, 0x74, 0x72, 0x5f, 0x50,
  0x6f, 0x73, 0x69, 0x74, 0x69, 0x6f, 0x6e, 0x32, 0x3b, 0x0a, 0x61, 0x74,
  0x74, 0x72, 0x69, 0x62, 0x75, 0x74, 0x65, 0x20, 0x76, 0x65, 0x63, 0x33,
  0x20, 0x61, 0x74, 0x74, 0x72, 0x5f, 0x4e, 0x6f, 0x72, 0x6d, 0x61, 0x6c,
  0x32, 0x3b, 0x0a, 0x61, 0x74, 0x74, 0x72, 0x69, 0x62, 0x75, 0x74, 0x65,
  0x20, 0x76, 0x65, 0x63, 0x34, 0x20, 0x61, 0x74, 0x74, 0x72, 0x5f, 0x54,
  0x61, 0x6e, 0x67, 0x65, 0x6e, 0x74, 0x32, 0x3b, 0x0a, 0x23, 0x65, 0x6c,
  0x69, 0x66, 0x20, 0x64, 0x65, 0x66, 0x69, 0x6e, 0x65, 0x64, 0x28, 0x55,
  0x53, 0x45, 0x5f, 0x42, 0x4f, 0x4e, 0x45, 0x5f, 0x41, 0x4e, 0x49, 0x4d,
  0x41, 0x54, 0x49, 0x4f, 0x4e, 0x29, 0x0a, 0x61, 0x74, 0x74, 0x72, 0x69,
  0x62, 0x75, 0x74, 0x65, 0x20, 0x76, 0x65, 0x63, 0x34, 0x20, 0x61, 0x74,
  0x74, 0x72, 0x5f, 0x42, 0x6f, 0x6e, 0x65, 0x49, 0x6e, 0x64, 0x65, 0x78,
  0x65, 0x73, 0x3b, 0x0a, 0x61, 0x74, 0x74, 0x72, 0x69, 0x62, 0x75, 0x74,
  0x65, 0x20, 0x76, 0x65, 0x63, 0x34, 0x20, 0x61, 0x74, 0x74, 0x72, 0x5f,
  0x42, 0x6f, 0x6e, 0x65, 0x57, 0x65, 0x69, 0x67, 0x68, 0x74, 0x73, 0x3b,
  0x0a, 0x23, 0x65, 0x6e, 0x64, 0x69, 0x66, 0x0a, 0x0a, 0x23, 0x69, 0x66,
  0x20, 0x64, 0x65, 0x66, 0x69, 0x6e, 0x65, 0x64, 0x28, 0x55, 0x53, 0x45,
  0x5f, 0x4c, 0x49, 0x47, 0x48, 0x54, 0x29, 0x20, 0x26, 0x26, 0x20, 0x21,
  0x64, 0x65, 0x66, 0x69, 0x6e, 0x65, 0x64, 0x28, 0x55, 0x53, 0x45, 0x5f,
  0x4c, 0x49, 0x47, 0x48, 0x54, 0x5f, 0x56, 0x45, 0x43, 0x54, 0x4f, 0x52,
  0x29, 0x0a, 0x61, 0x74, 0x74, 0x72, 0x69, 0x62, 0x75, 0x74, 0x65, 0x20,
  0x76, 0x65, 0x63, 0x33, 0x20, 0x61, 0x74, 0x74, 0x72, 0x5f, 0x4c, 0x69,
  0x67, 0x68, 0x74, 0x44, 0x69, 0x72, 0x65, 0x63, 0x74, 0x69, 0x6f, 0x6e,
  0x3b, 0x0a, 0x23, 0x65, 0x6e, 0x64, 0x69, 0x66, 0x0a, 0x0a, 0x23, 0x69,
  0x66, 0x20, 0x64, 0x65, 0x66, 0x69, 0x6e, 0x65, 0x64, 0x28, 0x55, 0x53,
  0x45, 0x5f, 0x44, 0x45, 0x4c, 0x55, 0x58, 0x45, 0x4d, 0x41, 0x50, 0x29,
  0x0a, 0x75, 0x6e, 0x69, 0x66, 0x6f, 0x72, 0x6d, 0x20, 0x76, 0x65, 0x63,
  0x34, 0x20, 0x20, 0x20, 0x75, 0x5f, 0x45, 0x6e, 0x61, 0x62, 0x6c, 0x65,
  0x54, 0x65, 0x78, 0x74, 0x75, 0x72, 0x65, 0x73, 0x3b, 0x20, 0x2f, 0x2f,
  0x20, 0x78, 0x20, 0x3d, 0x20, 0x6e, 0x6f, 0x72, 0x6d, 0x61, 0x6c, 0x2c,
  0x20, 0x79, 0x20, 0x3d, 0x20, 0x64, 0x65, 0x6c, 0x75, 0x78, 0x65, 0x2c,
  0x20, 0x7a, 0x20, 0x3d, 0x20, 0x73, 0x70, 0x65, 0x63, 0x75, 0x6c, 0x61,
  0x72, 0x2c, 0x20, 0x77, 0x20, 0x3d, 0x20, 0x63, 0x75, 0x62, 0x65, 0x0a,
  0x23, 0x65, 0x6e, 0x64, 0x69, 0x66, 0x0a, 0x0a, 0x23, 0x69, 0x66, 0x20,
  0x64, 0x65, 0x66, 0x69, 0x6e, 0x65, 0x64, 0x28, 0x55, 0x53, 0x45, 0x5f,
  0x4c, 0x49, 0x47, 0x48, 0x54, 0x29, 0x20, 0x26, 0x26, 0x20, 0x21, 0x64,
  0x65, 0x66, 0x69, 0x6e, 0x65, 0x64, 0x28, 0x55, 0x53, 0x45, 0x5f, 0x46,
  0x41, 0x53, 0x54, 0x5f, 0x4c, 0x49, 0x47, 0x48, 0x54, 0x29, 0x0a, 0x75,
  0x6e, 0x69, 0x66, 0x6f, 0x72, 0x6d, 0x20, 0x76, 0x65, 0x63, 0x33, 0x20,
  0x20, 0x20, 0x75, 0x5f, 0x56, 0x69, 0x65, 0x77, 0x4f, 0x72, 0x69, 0x67,
  0x69, 0x6e, 0x3b, 0x0a, 0x23, 0x65, 0x6e, 0x64, 0x69, 0x66, 0x0a, 0x0a,
  0x23, 0x69, 0x66, 0x20, 0x64, 0x65, 0x66, 0x69, 0x6e, 0x65, 0x64, 0x28,
  0x55, 0x53, 0x45, 0x5f, 0x54, 0x43, 0x47, 0x45, 0x4e, 0x29, 0x0a, 0x75,
  0x6e, 0x69, 0x66, 0x6f, 0x72, 0x6d, 0x20, 0x69, 0x6e, 0x74, 0x20, 0x20,
  0x20, 0x20, 0x75, 0x5f, 0x54, 0x43, 0x47, 0x65, 0x6e, 0x30, 0x3b, 0x0a,
  0x75, 0x6e, 0x69, 0x66, 0x6f, 0x72, 0x6d, 0x20, 0x76, 0x65, 0x63, 0x33,
  0x20, 0x20, 0x20, 0x75, 0x5f, 0x54, 0x43, 0x47, 0x65, 0x6e, 0x30, 0x56,
  0x65, 0x63, 0x74, 0x6f, 0x72, 0x30, 0x3b, 0x0a, 0x75, 0x6e, 0x69, 0x66,
  0x6f, 0x72, 0x6d, 0x20, 0x76, 0x65, 0x63, 0x33, 0x20, 0x20, 0x20, 0x75,
  0x5f, 0x54, 0x43, 0x47, 0x65, 0x6e, 0x30, 0x56, 0x65, 0x63, 0x74, 0x6f,
  0x72, 0x31, 0x3b, 0x0a, 0x75, 0x6e, 0x69, 0x66, 0x6f, 0x72, 0x6d, 0x20,
  0x76, 0x65, 0x63, 0x33, 0x20, 0x20, 0x20, 0x75, 0x5f, 0x4c, 0x6f, 0x63,
  0x61, 0x6c, 0x56, 0x69, 0x65, 0x77, 0x4f, 0x72, 0x69, 0x67, 0x69, 0x6e,
  0x3b, 0x0a, 0x23, 0x65, 0x6e, 0x64, 0x69, 0x66, 0x0a, 0x0a, 0x23, 0x69,
  0x66, 0x20, 0x64, 0x65, 0x66, 0x69, 0x6e, 0x65, 0x64, 0x28, 0x55, 0x53,
  0x45, 0x5f, 0x54, 0x43, 0x4d, 0x4f, 0x44, 0x29, 0x0a, 0x75, 0x6e, 0x69,
  0x66, 0x6f, 0x72, 0x6d, 0x20, 0x76, 0x65, 0x63, 0x34, 0x20, 0x20, 0x20,
  0x75, 0x5f, 0x44, 0x69, 0x66, 0x66, 0x75, 0x73, 0x65, 0x54, 0x65, 0x78,
  0x4d, 0x61, 0x74, 0x72, 0x69, 0x78, 0x30, 0x3b, 0x0a, 0x75, 0x6e, 0x69,
  0x66, 0x6f, 0x72, 0x6d, 0x20, 0x76, 0x65, 0x63, 0x34, 0x20, 0x20, 0x20,
  0x75, 0x5f, 0x44, 0x69, 0x66, 0x66, 0x75, 0x73, 0x65, 0x54, 0x65, 0x78,
  0x4d, 0x61, 0x74, 0x72, 0x69, 0x78, 0x31, 0x3b, 0x0a, 0x75, 0x6e, 0x69,
  0x66, 0x6f, 0x72, 0x6d, 0x20, 0x76, 0x65, 0x63, 0x34, 0x20, 0x20, 0x20,
  0x75, 0x5f, 0x44, 0x69, 0x66, 0x66, 0x75, 0x73, 0x65, 0x54, 0x65, 0x78,
  0x4d, 0x61, 0x74, 0x72, 0x69, 0x78, 0x32, 0x3b, 0x0a, 0x75, 0x6e, 0x69,
  0x66, 0x6f, 0x72, 0x6d, 0x20, 0x76, 0x65, 0x63, 0x34, 0x20, 0x20, 0x20,
  0x75, 0x5f, 0x44, 0x69, 0x66, 0x66, 0x75, 0x73, 0x65, 0x54, 0x65, 0x78,
  0x4d, 0x61, 0x74, 0x72, 0x69, 0x78, 0x33, 0x3b, 0x0a, 0x75, 0x6e, 0x69,
  0x66, 0x6f, 0x72, 0x6d, 0x20, 0x76, 0x65, 0x63, 0x34, 0x20, 0x20, 0x20,
  0x75, 0x5f, 0x44, 0x69, 0x66, 0x66, 0x75, 0x73, 0x65, 0x54, 0x65, 0x78,
  0x4d, 0x61, 0x74, 0x72, 0x69, 0x78, 0x34, 0x3b, 0x0a, 0x75, 0x6e, 0x69,
  0x66, 0x6f, 0x72, 0x6d, 0x20, 0x76, 0x65, 0x63, 0x34, 0x20, 0x20, 0x20,
  0x75, 0x5f, 0x44, 0x69, 0x66, 0x66, 0x75, 0x73, 0x65, 0x54, 0x65, 0x78,
  0x4d, 0x61, 0x74, 0x72, 0x69, 0x78, 0x35, 0x3b, 0x0a, 0x75, 0x6e, 0x69,
  0x66, 0x6f, 0x72, 0x6d, 0x20, 0x76, 0x65, 0x63, 0x34, 0x20, 0x20, 0x20,
  0x75, 0x5f, 0x44, 0x69, 0x66, 0x66, 0x75, 0x73, 0x65, 0x54, 0x65, 0x78,
  0x4d, 0x61, 0x74, 0x72, 0x69, 0x78, 0x36, 0x3b, 0x0a, 0x75, 0x6e, 0x69,
  0x66, 0x6f, 0x72, 0x6d, 0x20, 0x76, 0x65, 0x63, 0x34, 0x20, 0x20, 0x20,
  0x75, 0x5f, 0x44, 0x69, 0x66, 0x66, 0x75, 0x73, 0x65, 0x54, 0x65, 0x78,
  0x4d, 0x61, 0x74, 0x72, 0x69, 0x78, 0x37, 0x3b, 0x0a, 0x23, 0x65, 0x6e,
  0x64, 0x69, 0x66, 0x0a, 0x0a, 0x75, 0x6e, 0x69, 0x66, 0x6f, 0x72, 0x6d,
  0x20, 0x6d, 0x61, 0x74, 0x34, 0x20, 0x20, 0x20, 0x75, 0x5f, 0x4d, 0x6f,
  0x64, 0x65, 0x6c, 0x56, 0x69, 0x65, 0x77, 0x50, 0x72, 0x6f, 0x6a, 0x65,
  0x63, 0x74, 0x69, 0x6f, 0x6e, 0x4d, 0x61, 0x74, 0x72, 0x69, 0x78, 0x3b,
  0x0a, 0x75, 0x6e, 0x69, 0x66, 0x6f, 0x72, 0x6d, 0x20, 0x76, 0x65, 0x63,
  0x34, 0x20, 0x20, 0x20, 0x75, 0x5f, 0x42, 0x61, 0x73, 0x65, 0x43, 0x6f,
  0x6c, 0x6f, 0x72, 0x3b, 0x0a, 0x75, 0x6e, 0x69, 0x66, 0x6f, 0x72, 0x6d,
  0x20, 0x76, 0x65, 0x63, 0x34, 0x20, 0x20, 0x20, 0x75, 0x5f, 0x56, 0x65,
  0x72, 0x74, 0x43, 0x6f, 0x6c, 0x6f, 0x72, 0x3b, 0x0a, 0x0a, 0x23, 0x69,
  0x66, 0x20, 0x64, 0x65, 0x66, 0x69, 0x6e, 0x65, 0x64, 0x28, 0x55, 0x53,
  0x45, 0x5f, 0x4d, 0x4f, 0x44, 0x45, 0x4c, 0x4d, 0x41, 0x54, 0x52, 0x49,
  0x58, 0x29, 0x0a, 0x75, 0x6e, 0x69, 0x66, 0x6f, 0x72, 0x6d, 0x20, 0x6d,
  0x61, 0x74, 0x34, 0x20, 0x20, 0x20, 0x75, 0x5f, 0x4d, 0x6f, 0x64, 0x65,
  0x6c, 0x4d, 0x61, 0x74, 0x72, 0x69, 0x78, 0x3b, 0x0a, 0x23, 0x65, 0x6e,
  0x64, 0x69, 0x66, 0x0a, 0x0a, 0x23, 0x69, 0x66, 0x20, 0x64, 0x65, 0x66,
  0x69, 0x6e, 0x65, 0x64, 0x28, 0x55, 0x53, 0x45, 0x5f, 0x56, 0x45, 0x52,
  0x54, 0x45, 0x58, 0x5f, 0x41, 0x4e, 0x49, 0x4d, 0x41, 0x54, 0x49, 0x4f,
  0x4e, 0x29, 0x0a, 0x75, 0x6e, 0x69, 0x66, 0x6f, 0x72, 0x6d, 0x20, 0x66,
  0x6c, 0x6f, 0x61, 0x74, 0x20, 0x20, 0x75, 0x5f, 0x56, 0x65, 0x72, 0x74,
  0x65, 0x78, 0x4c, 0x65, 0x72, 0x70, 0x3b, 0x0a, 0x23, 0x65, 0x6c, 0x69,
  0x66, 0x20, 0x64, 0x65, 0x66, 0x69, 0x6e, 0x65, 0x64, 0x28, 0x55, 0x53,
  0x45, 0x5f, 0x42, 0x4f, 0x4e, 0x45, 0x5f, 0x41, 0x4e, 0x49, 0x4d, 0x41,
  0x54, 0x49, 0x4f, 0x4e, 0x29, 0x0a, 0x75, 0x6e, 0x69, 0x66, 0x6f, 0x72,
  0x6d, 0x20, 0x6d, 0x61, 0x74, 0x34, 0x20, 0x75, 0x5f, 0x42, 0x6f, 0x6e,
  0x65, 0x4d, 0x61, 0x74, 0x72, 0x69, 0x78, 0x5b, 0x4d, 0x41, 0x58, 0x5f,
  0x47, 0x4c, 0x53, 0x4c, 0x5f, 0x42, 0x4f, 0x4e, 0x45, 0x53, 0x5d, 0x3b,
  0x0a, 0x23, 0x65, 0x6e, 0x64, 0x69, 0x66, 0x0a, 0x0a, 0x23, 0x69, 0x66,
  0x20, 0x64, 0x65, 0x66, 0x69, 0x6e, 0x65, 0x64, 0x28, 0x55, 0x53, 0x45,
  0x5f, 0x4c, 0x49, 0x47, 0x48, 0x54, 0x5f, 0x56, 0x45, 0x43, 0x54, 0x4f,
  0x52, 0x29, 0x0a, 0x75, 0x6e, 0x69, 0x66, 0x6f, 0x72, 0x6d, 0x20, 0x76,
  0x65, 0x63, 0x34, 0x20, 0x20, 0x20, 0x75, 0x5f, 0x4c, 0x69, 0x67, 0x68,
  0x74, 0x4f, 0x72, 0x69, 0x67, 0x69, 0x6e, 0x3b, 0x0a, 0x75, 0x6e, 0x69,
  0x66, 0x6f, 0x72, 0x6d, 0x20, 0x66, 0x6c, 0x6f, 0x61, 0x74, 0x20, 0x20,
  0x75, 0x5f, 0x4c, 0x69, 0x67, 0x68, 0x74, 0x52, 0x61, 0x64, 0x69, 0x75,
  0x73, 0x3b, 0x0a, 0x75, 0x6e, 0x69, 0x66, 0x6f, 0x72, 0x6d, 0x20, 0x76,
  0x65, 0x63, 0x33, 0x20, 0x20, 0x20, 0x75, 0x5f, 0x44, 0x69, 0x72, 0x65,
  0x63, 0x74, 0x65, 0x64, 0x4c, 0x69, 0x67, 0x68, 0x74, 0x3b, 0x0a, 0x75,
  0x6e, 0x69, 0x66, 0x6f, 0x72, 0x6d, 0x20, 0x76, 0x65, 0x63, 0x33, 0x20,
  0x20, 0x20, 0x75, 0x5f, 0x41, 0x6d, 0x62, 0x69, 0x65, 0x6e, 0x74, 0x4c,
  0x69, 0x67, 0x68, 0x74, 0x3b, 0x0a, 0x23, 0x65, 0x6e, 0x64, 0x69, 0x66,
  0x0a, 0x0a, 0x23, 0x69, 0x66, 0x20, 0x64, 0x65, 0x66, 0x69, 0x6e, 0x65,
  0x64, 0x28, 0x55, 0x53, 0x45, 0x5f, 0x50, 0x52, 0x49, 0x4d, 0x41, 0x52,
  0x59, 0x5f, 0x4c, 0x49, 0x47, 0x48, 0x54, 0x29, 0x20, 0x7c, 0x7c, 0x20,
  0x64, 0x65, 0x66, 0x69, 0x6e, 0x65, 0x64, 0x28, 0x55, 0x53, 0x45, 0x5f,
  0x53, 0x48, 0x41, 0x44, 0x4f, 0x57, 0x4d, 0x41, 0x50, 0x29, 0x0a, 0x75,
  0x6e, 0x69, 0x66, 0x6f, 0x72, 0x6d, 0x20, 0x76, 0x65, 0x63, 0x34, 0x20,
  0x20, 0x75, 0x5f, 0x50, 0x72, 0x69, 0x6d, 0x61, 0x72, 0x79, 0x4c, 0x69,
  0x67, 0x68, 0x74, 0x4f, 0x72, 0x69, 0x67, 0x69, 0x6e, 0x3b, 0x0a, 0x75,
  0x6e, 0x69, 0x66, 0x6f, 0x72, 0x6d, 0x20, 0x66, 0x6c, 0x6f, 0x61, 0x74,
  0x20, 0x75, 0x5f, 0x50, 0x72, 0x69, 0x6d, 0x61, 0x72, 0x79, 0x4c, 0x69,
  0x67, 0x68, 0x74, 0x52, 0x61, 0x64, 0x69, 0x75, 0x73, 0x3b, 0x0a, 0x23,
  0x65, 0x6e, 0x64, 0x69, 0x66, 0x0a, 0x0a, 0x76, 0x61, 0x72, 0x79, 0x69,
  0x6e, 0x67, 0x20, 0x76, 0x65, 0x63, 0x34, 0x20, 0x20, 0x20, 0x76, 0x61,
  0x72, 0x5f, 0x54, 0x65, 0x78, 0x43, 0x6f, 0x6f, 0x72, 0x64, 0x73, 0x3b,
  0x0a, 0x0a, 0x76, 0x61, 0x72, 0x79, 0x69, 0x6e, 0x67, 0x20, 0x76, 0x65,
  0x63, 0x34, 0x20, 0x20, 0x20, 0x76, 0x61, 0x72, 0x5f, 0x43, 0x6f, 0x6c,
  0x6f, 0x72, 0x3b, 0x0a, 0x23, 0x69, 0x66, 0x20, 0x64, 0x65, 0x66, 0x69,
  0x6e, 0x65, 0x64, 0x28, 0x55, 0x53, 0x45, 0x5f, 0x4c, 0x49, 0x47, 0x48,
  0x54, 0x5f, 0x56, 0x45, 0x43, 0x54, 0x4f, 0x52, 0x29, 0x20, 0x26, 0x26,
  0x20, 0x21, 0x64, 0x65, 0x66, 0x69, 0x6e, 0x65, 0x64, 0x28, 0x55, 0x53,
  0x45, 0x5f, 0x46, 0x41, 0x53, 0x54, 0x5f, 0x4c, 0x49, 0x47, 0x48, 0x54,
  0x29, 0x0a, 0x76, 0x61, 0x72, 0x79, 0x69, 0x6e, 0x67, 0x20, 0x76, 0x65,
  0x63, 0x34, 0x20, 0x20, 0x20, 0x76, 0x61, 0x72, 0x5f, 0x43, 0x6f, 0x6c,
  0x6f, 0x72, 0x41, 0x6d, 0x62, 0x69, 0x65, 0x6e, 0x74, 0x3b, 0x0a, 0x23,
  0x65, 0x6e, 0x64, 0x69, 0x66, 0x0a, 0x0a, 0x23, 0x69, 0x66, 0x20, 0x64,
  0x65, 0x66, 0x69, 0x6e, 0x65, 0x64, 0x28, 0x55, 0x53, 0x45, 0x5f, 0x4c,
  0x49, 0x47, 0x48, 0x54, 0x29, 0x20, 0x26, 0x26, 0x20, 0x21, 0x64, 0x65,
  0x66, 0x69, 0x6e, 0x65, 0x64, 0x28, 0x55, 0x53, 0x45, 0x5f, 0x46, 0x41,
  0x53, 0x54, 0x5f, 0x4c, 0x49, 0x47, 0x48, 0x54, 0x29, 0x0a, 0x76, 0x61,
  0x72, 0x79, 0x69, 0x6e, 0x67, 0x20, 0x76, 0x65, 0x63, 0x34, 0x20, 0x20,
  0x20, 0x76, 0x61, 0x72, 0x5f, 0x4e, 0x6f, 0x72, 0x6d, 0x61, 0x6c, 0x3b,
  0x0a, 0x76, 0x61, 0x72, 0x79, 0x69, 0x6e, 0x67, 0x20, 0x76, 0x65, 0x63,
  0x34, 0x20, 0x20, 0x20, 0x76, 0x61, 0x72, 0x5f, 0x54, 0x61, 0x6e, 0x67,
  0x65, 0x6e, 0x74, 0x3b, 0x0a, 0x76, 0x61, 0x72, 0x79, 0x69, 0x6e, 0x67,
  0x20, 0x76, 0x65, 0x63, 0x34, 0x20, 0x20, 0x20, 0x76, 0x61, 0x72, 0x5f,
  0x42, 0x69, 0x74, 0x61, 0x6e, 0x67, 0x65, 0x6e, 0x74, 0x3b, 0x0a, 0x23,
  0x65, 0x6e, 0x64, 0x69, 0x66, 0x0a, 0x0a, 0x23, 0x69, 0x66, 0x20, 0x64,
  0x65, 0x66, 0x69, 0x6e, 0x65, 0x64, 0x28, 0x55, 0x53, 0x45, 0x5f, 0x4c,
  0x49, 0x47, 0x48, 0x54, 0x29, 0x20, 0x26, 0x26, 0x20, 0x21, 0x64, 0x65,
  0x66, 0x69, 0x6e, 0x65, 0x64, 0x28, 0x55, 0x53, 0x45, 0x5f, 0x46, 0x41,
  0x53, 0x54, 0x5f, 0x4c, 0x49, 0x47, 0x48, 0x54, 0x29, 0x0a, 0x76, 0x61,
  0x72, 0x79, 0x69, 0x6e, 0x67, 0x20, 0x76, 0x65, 0x63, 0x34, 0x20, 0x20,
  0x20, 0x76, 0x61, 0x72, 0x5f, 0x4c, 0x69, 0x67, 0x68, 0x74, 0x44, 0x69,
  0x72, 0x3b, 0x0a, 0x23, 0x65, 0x6e, 0x64, 0x69, 0x66, 0x0a, 0x0a, 0x23,
  0x69, 0x66, 0x20, 0x64, 0x65, 0x66, 0x69, 0x6e, 0x65, 0x64, 0x28, 0x55,
  0x53, 0x45, 0x5f, 0x50, 0x52, 0x49, 0x4d, 0x41, 0x52, 0x59, 0x5f, 0x4c,
  0x49, 0x47, 0x48, 0x54, 0x29, 0x20, 0x7c, 0x7c, 0x20, 0x64, 0x65, 0x66,
  0x69, 0x6e, 0x65, 0x64, 0x28, 0x55, 0x53, 0x45, 0x5f, 0x53, 0x48, 0x41,
  0x44, 0x4f, 0x57, 0x4d, 0x41, 0x50, 0x29, 0x0a, 0x76, 0x61, 0x72, 0x79,
  0x69, 0x6e, 0x67, 0x20, 0x76, 0x65, 0x63, 0x34, 0x20, 0x20, 0x20, 0x76,
  0x61, 0x72, 0x5f, 0x50, 0x72, 0x69, 0x6d, 0x61, 0x72, 0x79, 0x4c, 0x69,
  0x67, 0x68, 0x74, 0x44, 0x69, 0x72, 0x3b, 0x0a, 0x23, 0x65, 0x6e, 0x64,
  0x69, 0x66, 0x0a, 0x0a, 0x23, 0x69, 0x66, 0x20, 0x64, 0x65, 0x66, 0x69,
  0x6e, 0x65, 0x64, 0x28, 0x55, 0x53, 0x45, 0x5f, 0x54, 0x43, 0x47, 0x45,
  0x4e, 0x29, 0x0a, 0x76, 0x65, 0x63, 0x32, 0x20, 0x47, 0x65, 0x6e, 0x54,
  0x65, 0x78, 0x43, 0x6f, 0x6f, 0x72, 0x64, 0x73, 0x28, 0x69, 0x6e, 0x74,
  0x20, 0x54, 0x43, 0x47, 0x65, 0x6e, 0x2c, 0x20, 0x76, 0x65, 0x63, 0x33,
  0x20, 0x70, 0x6f, 0x73, 0x69, 0x74, 0x69, 0x6f, 0x6e, 0x2c, 0x20, 0x76,
  0x65, 0x63, 0x33, 0x20, 0x6e, 0x6f, 0x72, 0x6d, 0x61, 0x6c, 0x2c, 0x20,
  0x76, 0x65, 0x63, 0x33, 0x20, 0x54, 0x43, 0x47, 0x65, 0x6e, 0x56, 0x65,
  0x63, 0x74, 0x6f, 0x72, 0x30, 0x2c, 0x20, 0x76, 0x65, 0x63, 0x33, 0x20,
  0x54, 0x43, 0x47, 0x65, 0x6e, 0x56, 0x65, 0x63, 0x74, 0x6f, 0x72, 0x31,
  0x29, 0x0a, 0x7b, 0x0a, 0x09, 0x76, 0x65, 0x63, 0x32, 0x20, 0x74, 0x65,
  0x78, 0x20, 0x3d, 0x20, 0x61, 0x74, 0x74, 0x72, 0x5f, 0x54, 0x65, 0x78,
  0x43, 0x6f, 0x6f, 0x72, 0x64, 0x30, 0x2e, 0x73, 0x74, 0x3b, 0x0a, 0x0a,
  0x09, 0x69, 0x66, 0x20, 0x28, 0x54, 0x43, 0x47, 0x65, 0x6e, 0x20, 0x3d,
  0x3d, 0x20, 0x54, 0x43, 0x47, 0x45, 0x4e, 0x5f, 0x4c, 0x49, 0x47, 0x48,
  0x54, 0x4d, 0x41, 0x50, 0x29, 0x0a, 0x09, 0x7b, 0x0a, 0x09, 0x09, 0x74,
  0x65, 0x78, 0x20, 0x3d, 0x20, 0x61, 0x74, 0x74, 0x72, 0x5f, 0x54, 0x65,
  0x78, 0x43, 0x6f, 0x6f, 0x72, 0x64, 0x31, 0x2e, 0x73, 0x74, 0x3b, 0x0a,
  0x09, 0x7d, 0x0a, 0x09, 0x65, 0x6c, 0x73, 0x65, 0x20, 0x69, 0x66, 0x20,
  0x28, 0x54, 0x43, 0x47, 0x65, 0x6e, 0x20, 0x3d, 0x3d, 0x20, 0x54, 0x43,
  0x47, 0x45, 0x4e, 0x5f, 0x45, 0x4e, 0x56, 0x49, 0x52, 0x4f, 0x4e, 0x4d,
  0x45, 0x4e, 0x54, 0x5f, 0x4d, 0x41, 0x50, 0x50, 0x45, 0x44, 0x29, 0x0a,
  0x09, 0x7b, 0x0a, 0x09, 0x09, 0x76, 0x65, 0x63, 0x33, 0x20, 0x76, 0x69,
  0x65, 0x77, 0x65, 0x72, 0x20, 0x3d, 0x20, 0x6e, 0x6f, 0x72, 0x6d, 0x61,
  0x6c, 0x69, 0x7a, 0x65, 0x28, 0x75, 0x5f, 0x4c, 0x6f, 0x63, 0x61, 0x6c,
  0x56, 0x69, 0x65, 0x77, 0x4f, 0x72, 0x69, 0x67, 0x69, 0x6e, 0x20, 0x2d,
  0x20, 0x70, 0x6f, 0x73, 0x69, 0x74, 0x69, 0x6f, 0x6e, 0x29, 0x3b, 0x0a,
  0x09, 0x09, 0x76, 0x65, 0x63, 0x32, 0x20, 0x72, 0x65, 0x66, 0x20, 0x3d,
  0x20, 0x72, 0x65, 0x66, 0x6c, 0x65, 0x63, 0x74, 0x28, 0x76, 0x69, 0x65,
  0x77, 0x65, 0x72, 0x2c, 0x20, 0x6e, 0x6f, 0x72, 0x6d, 0x61, 0x6c, 0x29,
  0x2e, 0x79, 0x7a, 0x3b, 0x0a, 0x09, 0x09, 0x74, 0x65, 0x78, 0x2e, 0x73,
  0x20, 0x3d, 0x20, 0x72, 0x65, 0x66, 0x2e, 0x78, 0x20, 0x2a, 0x20, 0x2d,
  0x30, 0x2e, 0x35, 0x20, 0x2b, 0x20, 0x30, 0x2e, 0x35, 0x3b, 0x0a, 0x09,
  0x09, 0x74, 0x65, 0x78, 0x2e, 0x74, 0x20, 0x3d, 0x20, 0x72, 0x65, 0x66,
  0x2e, 0x79, 0x20, 0x2a, 0x20, 0x20, 0x30, 0x2e, 0x35, 0x20, 0x2b, 0x20,
  0x30, 0x2e, 0x35, 0x3b, 0x0a, 0x09, 0x7d, 0x0a, 0x09, 0x65, 0x6c, 0x73,
  0x65, 0x20, 0x69, 0x66, 0x20, 0x28, 0x54, 0x43, 0x47, 0x65, 0x6e, 0x20,
  0x3d, 0x3d, 0x20, 0x54, 0x43, 0x47, 0x45, 0x4e, 0x5f, 0x56, 0x45, 0x43,
  0x54, 0x4f, 0x52, 0x29, 0x0a, 0x09, 0x7b, 0x0a, 0x09, 0x09, 0x74, 0x65,
  0x78, 0x20, 0x3d, 0x20, 0x76, 0x65, 0x63, 0x32, 0x28, 0x64, 0x6f, 0x74,
  0x28, 0x70, 0x6f, 0x73, 0x69, 0x74, 0x69, 0x6f, 0x6e, 0x2c, 0x20, 0x54,
  0x43, 0x47, 0x65, 0x6e, 0x56, 0x65, 0x63, 0x74, 0x6f, 0x72, 0x30, 0x29,
  0x2c, 0x20, 0x64, 0x6f, 0x74, 0x28, 0x70, 0x6f, 0x73, 0x69, 0x74, 0x69,
  0x6f, 0x6e, 0x2c, 0x20, 0x54, 0x43, 0x47, 0x65, 0x6e, 0x56, 0x65, 0x63,
  0x74, 0x6f, 0x72, 0x31, 0x29, 0x29, 0x3b, 0x0a, 0x09, 0x7d, 0x0a, 0x0a,
  0x09, 0x72, 0x65, 0x74, 0x75, 0x72, 0x6e, 0x20, 0x74, 0x65, 0x78, 0x3b,
  0x0a, 0x7d, 0x0a, 0x23, 0x65, 0x6e, 0x64, 0x69, 0x66, 0x0a, 0x0a, 0x23,
  0x69, 0x66, 0x20, 0x64, 0x65, 0x66, 0x69, 0x6e, 0x65, 0x64, 0x28, 0x55,
  0x53, 0x45, 0x5f, 0x54, 0x43, 0x4d, 0x4f, 0x44, 0x29, 0x0a, 0x76, 0x65,
  0x63, 0x32, 0x20, 0x4d, 0x6f, 0x64, 0x54, 0x65, 0x78, 0x43, 0x6f, 0x6f,
  0x72, 0x64, 0x73, 0x28, 0x76, 0x65, 0x63, 0x32, 0x20, 0x73, 0x74, 0x2c,
  0x20, 0x76, 0x65, 0x63, 0x33, 0x20, 0x70, 0x6f, 0x73, 0x69, 0x74, 0x69,
  0x6f, 0x6e, 0x2c, 0x20, 0x76, 0x65, 0x63, 0x34, 0x20, 0x74, 0x65, 0x78,
  0x4d, 0x61, 0x74, 0x72, 0x69, 0x78, 0x5b, 0x38, 0x5d, 0x29, 0x0a, 0x7b,
  0x0a, 0x09, 0x76, 0x65, 0x63, 0x32, 0x20, 0x73, 0x74, 0x32, 0x20, 0x3d,
  0x20, 0x73, 0x74, 0x3b, 0x0a, 0x0a, 0x09, 0x76, 0x65, 0x63, 0x32, 0x20,
  0x6f, 0x66, 0x66, 0x73, 0x65, 0x74, 0x50, 0x6f, 0x73, 0x20, 0x3d, 0x20,
  0x76, 0x65, 0x63, 0x32, 0x28, 0x70, 0x6f, 0x73, 0x69, 0x74, 0x69, 0x6f,
  0x6e, 0x2e, 0x78, 0x20, 0x2b, 0x20, 0x70, 0x6f, 0x73, 0x69, 0x74, 0x69,
  0x6f, 0x6e, 0x2e, 0x7a, 0x2c, 0x20, 0x70, 0x6f, 0x73, 0x69, 0x74, 0x69,
  0x6f, 0x6e, 0x2e, 0x79, 0x29, 0x3b, 0x0a, 0x0a, 0x09, 0x73, 0x74, 0x32,
  0x20, 0x3d, 0x20, 0x76, 0x65, 0x63, 0x32, 0x28, 0x73, 0x74, 0x32, 0x2e,
  0x78, 0x20, 0x2a, 0x20, 0x74, 0x65, 0x78, 0x4d, 0x61, 0x74, 0x72, 0x69,
  0x78, 0x5b, 0x30, 0x5d, 0x2e, 0x78, 0x20, 0x2b, 0x20, 0x73, 0x74, 0x32,
  0x2e, 0x79, 0x20, 0x2a, 0x20, 0x74, 0x65, 0x78, 0x4d, 0x61, 0x74, 0x72,
  0x69, 0x78, 0x5b, 0x30, 0x5d, 0x2e, 0x79, 0x20, 0x2b, 0x20, 0x74, 0x65,
  0x78, 0x4d, 0x61, 0x74, 0x72, 0x69, 0x78, 0x5b, 0x30, 0x5d, 0x2e, 0x7a,
  0x2c, 0x0a, 0x09, 0x20, 0x20, 0x20, 0x20, 0x20, 0x20, 0x20, 0x20, 0x20,
  0x20, 0x20, 0x73, 0x74, 0x32, 0x2e, 0x78, 0x20, 0x2a, 0x20, 0x74, 0x65,
  0x78, 0x4d, 0x61, 0x74, 0x72, 0x69, 0x78, 0x5b, 0x31, 0x5d, 0x2e, 0x78,
  0x20, 0x2b, 0x20, 0x73, 0x74, 0x32, 0x2e, 0x79, 0x20, 0x2a, 0x20, 0x74,
  0x65, 0x78, 0x4d, 0x61, 0x74, 0x72, 0x69, 0x78, 0x5b, 0x31, 0x5d, 0x2e,
  0x79, 0x20, 0x2b, 0x20, 0x74, 0x65, 0x78, 0x4d, 0x61, 0x74, 0x72, 0x69,
  0x78, 0x5b, 0x31, 0x5d, 0x2e, 0x7a, 0x29, 0x3b, 0x0a, 0x09, 0x73, 0x74,
  0x32, 0x20, 0x2b, 0x3d, 0x20, 0x74, 0x65, 0x78, 0x4d, 0x61, 0x74, 0x72,
  0x69, 0x78, 0x5b, 0x30, 0x5d, 0x2e, 0x77, 0x20, 0x2a, 0x20, 0x73, 0x69,
  0x6e, 0x28, 0x6f, 0x66, 0x66, 0x73, 0x65, 0x74, 0x50, 0x6f, 0x73, 0x20,
  0x2a, 0x20, 0x28, 0x32, 0x2e, 0x30, 0x20, 0x2a, 0x20, 0x4d, 0x5f, 0x50,
  0x49, 0x20, 0x2f, 0x20, 0x31, 0x30, 0x32, 0x34, 0x2e, 0x30, 0x29, 0x20,
  0x2b, 0x20, 0x76, 0x65, 0x63, 0x32, 0x28, 0x74, 0x65, 0x78, 0x4d, 0x61,
  0x74, 0x72, 0x69, 0x78, 0x5b, 0x31, 0x5d, 0x2e, 0x77, 0x20, 0x2a, 0x20,
  0x32, 0x2e, 0x30, 0x20, 0x2a, 0x20, 0x4d, 0x5f, 0x50, 0x49, 0x29, 0x29,
  0x3b, 0x0a, 0x0a, 0x09, 0x73, 0x74, 0x32, 0x20, 0x3d, 0x20, 0x76, 0x65,
  0x63, 0x32, 0x28, 0x73, 0x74, 0x32, 0x2e, 0x78, 0x20, 0x2a, 0x20, 0x74,
  0x65, 0x78, 0x4d, 0x61, 0x74, 0x72, 0x69, 0x78, 0x5b, 0x32, 0x5d, 0x2e,
  0x78, 0x20, 0x2b, 0x20, 0x73, 0x74, 0x32, 0x2e, 0x79, 0x20, 0x2a, 0x20,
  0x74, 0x65, 0x78, 0x4d, 0x61, 0x74, 0x72, 0x69, 0x78, 0x5b, 0x32, 0x5d,
  0x2e, 0x79, 0x20, 0x2b, 0x20, 0x74, 0x65, 0x78, 0x4d, 0x61, 0x74, 0x72,
  0x69, 0x78, 0x5b, 0x32, 0x5d, 0x2e, 0x7a, 0x2c, 0x0a, 0x09, 0x20, 0x20,
  0x20, 0x20, 0x20, 0x20, 0x20, 0x20, 0x20, 0x20, 0x20, 0x73, 0x74, 0x32,
  0x2e, 0x78, 0x20, 0x2a, 0x20, 0x74, 0x65, 0x78, 0x4d, 0x61, 0x74, 0x72,
  0x69, 0x78, 0x5b, 0x33, 0x5d, 0x2e, 0x78, 0x20, 0x2b, 0x20, 0x73, 0x74,
  0x32, 0x2e, 0x79, 0x20, 0x2a, 0x20, 0x74, 0x65, 0x78, 0x4d, 0x61, 0x74,
  0x72, 0x69, 0x78, 0x5b, 0x33, 0x5d, 0x2e, 0x79, 0x20, 0x2b, 0x20, 0x74,
  0x65, 0x78, 0x4d, 0x61, 0x74, 0x72, 0x69, 0x78, 0x5b, 0x33, 0x5d, 0x2e,
  0x7a, 0x29, 0x3b, 0x0a, 0x09, 0x73, 0x74, 0x32, 0x20, 0x2b, 0x3d, 0x20,
  0x74, 0x65, 0x78, 0x4d, 0x61, 0x74, 0x72, 0x69, 0x78, 0x5b, 0x32, 0x5d,
  0x2e, 0x77, 0x20, 0x2a, 0x20, 0x73, 0x69, 0x6e, 0x28, 0x6f, 0x66, 0x66,
  0x73, 0x65, 0x74, 0x50, 0x6f, 0x73, 0x20, 0x2a, 0x20, 0x28, 0x32, 0x2e,
  0x30, 0x20, 0x2a, 0x20, 0x4d, 0x5f, 0x50, 0x49, 0x20, 0x2f, 0x20, 0x31,
  0x30, 0x32, 0x34, 0x2e, 0x30, 0x29, 0x20, 0x2b, 0x20, 0x76, 0x65, 0x63,
  0x32, 0x28, 0x74, 0x65, 0x78, 0x4d, 0x61, 0x74, 0x72, 0x69, 0x78, 0x5b,
  0x33, 0x5d, 0x2e, 0x77, 0x20, 0x2a, 0x20, 0x32, 0x2e, 0x30, 0x20, 0x2a,
  0x20, 0x4d, 0x5f, 0x50, 0x49, 0x29, 0x29, 0x3b, 0x0a, 0x0a, 0x09, 0x73,
  0x74, 0x32, 0x20, 0x3d, 0x20, 0x76, 0x65, 0x63, 0x32, 0x28, 0x73, 0x74,
  0x32, 0x2e, 0x78, 0x20, 0x2a, 0x20, 0x74, 0x65, 0x78, 0x4d, 0x61, 0x74,
  0x72, 0x69, 0x78, 0x5b, 0x34, 0x5d, 0x2e, 0x78, 0x20, 0x2b, 0x20, 0x73,
  0x74, 0x32, 0x2e, 0x79, 0x20, 0x2a, 0x20, 0x74, 0x65, 0x78, 0x4d, 0x61,
  0x74, 0x72, 0x69, 0x78, 0x5b, 0x34, 0x5d, 0x2e, 0x79, 0x20, 0x2b, 0x20,
  0x74, 0x65, 0x78, 0x4d, 0x61, 0x74, 0x72, 0x69, 0x78, 0x5b, 0x34, 0x5d,
  0x2e, 0x7a, 0x2c, 0x0a, 0x09, 0x20, 0x20, 0x20, 0x20, 0x20, 0x20, 0x20,
  0x20, 0x20, 0x20, 0x20, 0x73, 0x74, 0x32, 0x2e, 0x78, 0x20, 0x2a, 0x20,
  0x74, 0x65, 0x78, 0x4d, 0x61, 0x74, 0x72, 0x69, 0x78, 0x5b, 0x35, 0x5d,
  0x2e, 0x78, 0x20, 0x2b, 0x20, 0x73, 0x74, 0x32, 0x2e, 0x79, 0x20, 0x2a,
  0x20, 0x74, 0x65, 0x78, 0x4d, 0x61, 0x74, 0x72, 0x69, 0x78, 0x5b, 0x35,
  0x5d, 0x2e, 0x79, 0x20, 0x2b, 0x20, 0x74, 0x65, 0x78, 0x4d, 0x61, 0x74,
  0x72, 0x69, 0x78, 0x5b, 0x35, 0x5d, 0x2e, 0x7a, 0x29, 0x3b, 0x0a, 0x09,
  0x73, 0x74, 0x32, 0x20, 0x2b, 0x3d, 0x20, 0x74, 0x65, 0x78, 0x4d, 0x61,
  0x74, 0x72, 0x69, 0x78, 0x5b, 0x34, 0x5d, 0x2e, 0x77, 0x20, 0x2a, 0x20,
  0x73, 0x69, 0x6e, 0x28, 0x6f, 0x66, 0x66, 0x73, 0x65, 0x74, 0x50, 0x6f,
  0x73, 0x20, 0x2a, 0x20, 0x28, 0x32, 0x2e, 0x30, 0x20, 0x2a, 0x20, 0x4d,
  0x5f, 0x50, 0x49, 0x20, 0x2f, 0x20, 0x31, 0x30, 0x32, 0x34, 0x2e, 0x30,
  0x29, 0x20, 0x2b, 0x20, 0x76, 0x65, 0x63, 0x32, 0x28, 0x74, 0x65, 0x78,
  0x4d, 0x61, 0x74, 0x72, 0x69, 0x78, 0x5b, 0x35, 0x5d, 0x2e, 0x77, 0x20,
  0x2a, 0x20, 0x32, 0x2e, 0x30, 0x20, 0x2a, 0x20, 0x4d, 0x5f, 0x50, 0x49,
  0x29, 0x29, 0x3b, 0x0a, 0x0a, 0x09, 0x73, 0x74, 0x32, 0x20, 0x3d, 0x20,
  0x76, 0x65, 0x63, 0x32, 0x28, 0x73, 0x74, 0x32, 0x2e, 0x78, 0x20, 0x2a,
  0x20, 0x74, 0x65, 0x78, 0x4d, 0x61, 0x74, 0x72, 0x69, 0x78, 0x5b, 0x36,
  0x5d, 0x2e, 0x78, 0x20, 0x2b, 0x20, 0x73, 0x74, 0x32, 0x2e, 0x79, 0x20,
  0x2a, 0x20, 0x74, 0x65, 0x78, 0x4d, 0x61, 0x74, 0x72, 0x69, 0x78, 0x5b,
  0x36, 0x5d, 0x2e, 0x79, 0x20, 0x2b, 0x20, 0x74, 0x65, 0x78, 0x4d, 0x61,
  0x74, 0x72, 0x69, 0x78, 0x5b, 0x36, 0x5d, 0x2e, 0x7a, 0x2c, 0x0a, 0x09,
  0x20, 0x20, 0x20, 0x20, 0x20, 0x20, 0x20, 0x20, 0x20, 0x20, 0x20, 0x73,
  0x74, 0x32, 0x2e, 0x78, 0x20, 0x2a, 0x20, 0x74, 0x65, 0x78, 0x4d, 0x61,
  0x74, 0x72, 0x69, 0x78, 0x5b, 0x37, 0x5d, 0x2e, 0x78, 0x20, 0x2b, 0x20,
  0x73, 0x74, 0x32, 0x2e, 0x79, 0x20, 0x2a, 0x20, 0x74, 0x65, 0x78, 0x4d,
  0x61, 0x74, 0x72, 0x69, 0x78, 0x5b, 0x37, 0x5d, 0x2e, 0x79, 0x20, 0x2b,
  0x20, 0x74, 0x65, 0x78, 0x4d, 0x61, 0x74, 0x72, 0x69, 0x78, 0x5b, 0x37,
  0x5d, 0x2e, 0x7a, 0x29, 0x3b, 0x0a, 0x09, 0x73, 0x74, 0x32, 0x20, 0x2b,
  0x3d, 0x20, 0x74, 0x65, 0x78, 0x4d, 0x61, 0x74, 0x72, 0x69, 0x78, 0x5b,
  0x36, 0x5d, 0x2e, 0x77, 0x20, 0x2a, 0x20, 0x73, 0x69, 0x6e, 0x28, 0x6f,
  0x66, 0x66, 0x73, 0x65, 0x74, 0x50, 0x6f, 0x73, 0x20, 0x2a, 0x20, 0x28,
  0x32, 0x2e, 0x30, 0x20, 0x2a, 0x20, 0x4d, 0x5f, 0x50, 0x49, 0x20, 0x2f,
  0x20, 0x31, 0x30, 0x32, 0x34, 0x2e, 0x30, 0x29, 0x20, 0x2b, 0x20, 0x76,
  0x65, 0x63, 0x32, 0x28, 0x74, 0x65, 0x78, 0x4d, 0x61, 0x74, 0x72, 0x69,
  0x78, 0x5b, 0x37, 0x5d, 0x2e, 0x77, 0x20, 0x2a, 0x20, 0x32, 0x2e, 0x30,
  0x20, 0x2a, 0x20, 0x4d, 0x5f, 0x50, 0x49, 0x29, 0x29, 0x3b, 0x0a, 0x0a,
  0x09, 0x72, 0x65, 0x74, 0x75, 0x72, 0x6e, 0x20, 0x73, 0x74, 0x32, 0x3b,
  0x0a, 0x7d, 0x0a, 0x23, 0x65, 0x6e, 0x64, 0x69, 0x66, 0x0a, 0x0a, 0x0a,
  0x66, 0x6c, 0x6f, 0x61, 0x74, 0x20, 0x43, 0x61, 0x6c, 0x63, 0x4c, 0x69,
  0x67, 0x68, 0x74, 0x41, 0x74, 0x74, 0x65, 0x6e, 0x75, 0x61, 0x74, 0x69,
  0x6f, 0x6e, 0x28, 0x66, 0x6c, 0x6f, 0x61, 0x74, 0x20, 0x70, 0x6f, 0x69,
  0x6e, 0x74, 0x2c, 0x20, 0x66, 0x6c, 0x6f, 0x61, 0x74, 0x20, 0x6e, 0x6f,
  0x72, 0x6d, 0x44, 0x69, 0x73, 0x74, 0x29, 0x0a, 0x7b, 0x0a, 0x09, 0x2f,
  0x2f, 0x20, 0x7a, 0x65, 0x72, 0x6f, 0x20, 0x6c, 0x69, 0x67, 0x68, 0x74,
  0x20, 0x61, 0x74, 0x20, 0x31, 0x2e, 0x30, 0x2c, 0x20, 0x61, 0x70, 0x70,
  0x72, 0x6f, 0x78, 0x69, 0x6d, 0x61, 0x74, 0x69, 0x6e, 0x67, 0x20, 0x71,
  0x33, 0x20, 0x73, 0x74, 0x79, 0x6c, 0x65, 0x0a, 0x09, 0x2f, 0x2f, 0x20,
  0x61, 0x6c, 0x73, 0x6f, 0x20, 0x64, 0x6f, 0x6e, 0x27, 0x74, 0x20, 0x61,
  0x74, 0x74, 0x65, 0x6e, 0x75, 0x61, 0x74, 0x65, 0x20, 0x64, 0x69, 0x72,
  0x65, 0x63, 0x74, 0x69, 0x6f, 0x6e, 0x61, 0x6c, 0x20, 0x6c, 0x69, 0x67,
  0x68, 0x74, 0x0a, 0x09, 0x66, 0x6c, 0x6f, 0x61, 0x74, 0x20, 0x61, 0x74,
  0x74, 0x65, 0x6e, 0x75, 0x61, 0x74, 0x69, 0x6f, 0x6e, 0x20, 0x3d, 0x20,
  0x28, 0x30, 0x2e, 0x35, 0x20, 0x2a, 0x20, 0x6e, 0x6f, 0x72, 0x6d, 0x44,
  0x69, 0x73, 0x74, 0x20, 0x2d, 0x20, 0x31, 0x2e, 0x35, 0x29, 0x20, 0x2a,
  0x20, 0x70, 0x6f, 0x69, 0x6e, 0x74, 0x20, 0x2b, 0x20, 0x31, 0x2e, 0x30,
  0x3b, 0x0a, 0x0a, 0x09, 0x2f, 0x2f, 0x20, 0x63, 0x6c, 0x61, 0x6d, 0x70,
  0x20, 0x61, 0x74, 0x74, 0x65, 0x6e, 0x75, 0x61, 0x74, 0x69, 0x6f, 0x6e,
  0x0a, 0x09, 0x23, 0x69, 0x66, 0x20, 0x64, 0x65, 0x66, 0x69, 0x6e, 0x65,
  0x64, 0x28, 0x4e, 0x4f, 0x5f, 0x4c, 0x49, 0x47, 0x48, 0x54, 0x5f, 0x43,
  0x4c, 0x41, 0x4d, 0x50, 0x29, 0x0a, 0x09, 0x61, 0x74, 0x74, 0x65, 0x6e,
  0x75, 0x61, 0x74, 0x69, 0x6f, 0x6e, 0x20, 0x3d, 0x20, 0x6d, 0x61, 0x78,
  0x28, 0x61, 0x74, 0x74, 0x65, 0x6e, 0x75, 0x61, 0x74, 0x69, 0x6f, 0x6e,
  0x2c, 0x20, 0x30, 0x2e, 0x30, 0x29, 0x3b, 0x0a, 0x09, 0x23, 0x65, 0x6c,
  0x73, 0x65, 0x0a, 0x09, 0x61, 0x74, 0x74, 0x65, 0x6e, 0x75, 0x61, 0x74,
  0x69, 0x6f, 0x6e, 0x20, 0x3d, 0x20, 0x63, 0x6c, 0x61, 0x6d, 0x70, 0x28,
  0x61, 0x74, 0x74, 0x65, 0x6e, 0x75, 0x61, 0x74, 0x69, 0x6f, 0x6e, 0x2c,
  0x20, 0x30, 0x2e, 0x30, 0x2c, 0x20, 0x31, 0x2e, 0x30, 0x29, 0x3b, 0x0a,
  0x09, 0x23, 0x65, 0x6e, 0x64, 0x69, 0x66, 0x0a, 0x0a, 0x09, 0x72, 0x65,
  0x74, 0x75, 0x72, 0x6e, 0x20, 0x61, 0x74, 0x74, 0x65, 0x6e, 0x75, 0x61,
  0x74, 0x69, 0x6f, 0x6e, 0x3b, 0x0a, 0x7d, 0x0a, 0x0a, 0x0a, 0x76, 0x6f,
  0x69, 0x64, 0x20, 0x6d, 0x61, 0x69, 0x6e, 0x28, 0x29, 0x0a, 0x7b, 0x0a,
  0x23, 0x69, 0x66, 0x20, 0x64, 0x65, 0x66, 0x69, 0x6e, 0x65, 0x64, 0x28,
  0x55, 0x53, 0x45, 0x5f, 0x56, 0x45, 0x52, 0x54, 0x45, 0x58, 0x5f, 0x41,
  0x4e, 0x49, 0x4d, 0x41, 0x54, 0x49, 0x4f, 0x4e, 0x29, 0x0a, 0x09, 0x76,
  0x65, 0x63, 0x33, 0x20, 0x70, 0x6f, 0x73, 0x69, 0x74, 0x69, 0x6f, 0x6e,
  0x20, 0x20, 0x3d, 0x20, 0x6d, 0x69, 0x78, 0x28, 0x61, 0x74, 0x74, 0x72,
  0x5f, 0x50, 0x6f, 0x73, 0x69, 0x74, 0x69, 0x6f, 0x6e, 0x2c, 0x20, 0x20,
  0x20, 0x20, 0x61, 0x74, 0x74, 0x72, 0x5f, 0x50, 0x6f, 0x73, 0x69, 0x74,
  0x69, 0x6f, 0x6e, 0x32, 0x2c, 0x20, 0x20, 0x20, 0x20, 0x75, 0x5f, 0x56,
  0x65, 0x72, 0x74, 0x65, 0x78, 0x4c, 0x65, 0x72, 0x70, 0x29, 0x3b, 0x0a,
  0x09, 0x76, 0x65, 0x63, 0x33, 0x20, 0x6e, 0x6f, 0x72, 0x6d, 0x61, 0x6c,
  0x20, 0x20, 0x20, 0x20, 0x3d, 0x20, 0x6d, 0x69, 0x78, 0x28, 0x61, 0x74,
  0x74, 0x72, 0x5f, 0x4e, 0x6f, 0x72, 0x6d, 0x61, 0x6c, 0x2c, 0x20, 0x20,
  0x20, 0x20, 0x20, 0x20, 0x61, 0x74, 0x74, 0x72, 0x5f, 0x4e, 0x6f, 0x72,
  0x6d, 0x61, 0x6c, 0x32, 0x2c, 0x20, 0x20, 0x20, 0x20, 0x20, 0x20, 0x75,
  0x5f, 0x56, 0x65, 0x72, 0x74, 0x65, 0x78, 0x4c, 0x65, 0x72, 0x70, 0x29,
  0x3b, 0x0a, 0x20, 0x20, 0x23, 0x69, 0x66, 0x20, 0x64, 0x65, 0x66, 0x69,
  0x6e, 0x65, 0x64, 0x28, 0x55, 0x53, 0x45, 0x5f, 0x4c, 0x49, 0x47, 0x48,
  0x54, 0x29, 0x20, 0x26, 0x26, 0x20, 0x21, 0x64, 0x65, 0x66, 0x69, 0x6e,
  0x65, 0x64, 0x28, 0x55, 0x53, 0x45, 0x5f, 0x46, 0x41, 0x53, 0x54, 0x5f,
  0x4c, 0x49, 0x47, 0x48, 0x54, 0x29, 0x0a, 0x09, 0x76, 0x65, 0x63, 0x33,
  0x20, 0x74, 0x61, 0x6e, 0x67, 0x65, 0x6e, 0x74, 0x20, 0x20, 0x20, 0x3d,
  0x20, 0x6d, 0x69, 0x78, 0x28, 0x61, 0x74, 0x74, 0x72, 0x5f, 0x54, 0x61,
  0x6e, 0x67, 0x65, 0x6e, 0x74, 0x2e, 0x78, 0x79, 0x7a, 0x2c, 0x20, 0x61,
  0x74, 0x74, 0x72, 0x5f, 0x54, 0x61, 0x6e, 0x67, 0x65, 0x6e, 0x74, 0x32,
  0x2e, 0x78, 0x79, 0x7a, 0x2c, 0x20, 0x75, 0x5f, 0x56, 0x65, 0x72, 0x74,
  0x65, 0x78, 0x4c, 0x65, 0x72, 0x70, 0x29, 0x3b, 0x0a, 0x20, 0x20, 0x23,
  0x65, 0x6e, 0x64, 0x69, 0x66, 0x0a, 0x23, 0x65, 0x6c, 0x69, 0x66, 0x20,
  0x64, 0x65, 0x66, 0x69, 0x6e, 0x65, 0x64, 0x28, 0x55, 0x53, 0x45, 0x5f,
  0x42, 0x4f, 0x4e, 0x45, 0x5f, 0x41, 0x4e, 0x49, 0x4d, 0x41, 0x54, 0x49,
  0x4f, 0x4e, 0x29, 0x0a, 0x09, 0x6d, 0x61, 0x74, 0x34, 0x20, 0x76, 0x74,
  0x78, 0x4d, 0x61, 0x74, 0x20, 0x20, 0x3d, 0x20, 0x75, 0x5f, 0x42, 0x6f,
  0x6e, 0x65, 0x4d, 0x61, 0x74, 0x72, 0x69, 0x78, 0x5b, 0x69, 0x6e, 0x74,
  0x28, 0x61, 0x74, 0x74, 0x72, 0x5f, 0x42, 0x6f, 0x6e, 0x65, 0x49, 0x6e,
  0x64, 0x65, 0x78, 0x65, 0x73, 0x2e, 0x78, 0x29, 0x5d, 0x20, 0x2a, 0x20,
  0x61, 0x74, 0x74, 0x72, 0x5f, 0x42, 0x6f, 0x6e, 0x65, 0x57, 0x65, 0x69,
  0x67, 0x68, 0x74, 0x73, 0x2e, 0x78, 0x3b, 0x0a, 0x09, 0x20, 0x20, 0x20,
  0x20, 0x20, 0x76, 0x74, 0x78, 0x4d, 0x61, 0x74, 0x20, 0x2b, 0x3d, 0x20,
  0x75, 0x5f, 0x42, 0x6f, 0x6e, 0x65, 0x4d, 0x61, 0x74, 0x72, 0x69, 0x78,
  0x5b, 0x69, 0x6e, 0x74, 0x28, 0x61, 0x74, 0x74, 0x72, 0x5f, 0x42, 0x6f,
  0x6e, 0x65, 0x49, 0x6e, 0x64, 0x65, 0x78, 0x65, 0x73, 0x2e, 0x79, 0x29,
  0x5d, 0x20, 0x2a, 0x20, 0x61, 0x74, 0x74, 0x72, 0x5f, 0x42, 0x6f, 0x6e,
  0x65, 0x57, 0x65, 0x69, 0x67, 0x68, 0x74, 0x73, 0x2e, 0x79, 0x3b, 0x0a,
  0x09, 0x20, 0x20, 0x20, 0x20, 0x20, 0x76, 0x74, 0x78, 0x4d, 0x61, 0x74,
  0x20, 0x2b, 0x3d, 0x20, 0x75, 0x5f, 0x42, 0x6f, 0x6e, 0x65, 0x4d, 0x61,
  0x74, 0x72, 0x69, 0x78, 0x5b, 0x69, 0x6e, 0x74, 0x28, 0x61, 0x74, 0x74,
  0x72, 0x5f, 0x42, 0x6f, 0x6e, 0x65, 0x49, 0x6e, 0x64, 0x65, 0x78, 0x65,
  0x73, 0x2e, 0x7a, 0x29, 0x5d, 0x20, 0x2a, 0x20, 0x61, 0x74, 0x74, 0x72,
  0x5f, 0x42, 0x6f, 0x6e, 0x65, 0x57, 0x65, 0x69, 0x67, 0x68, 0x74, 0x73,
  0x2e, 0x7a, 0x3b, 0x0a, 0x09, 0x20, 0x20, 0x20, 0x20, 0x20, 0x76, 0x74,
  0x78, 0x4d, 0x61, 0x74, 0x20, 0x2b, 0x3d, 0x20, 0x75, 0x5f, 0x42, 0x6f,
  0x6e, 0x65, 0x4d, 0x61, 0x74, 0x72, 0x69, 0x78, 0x5b, 0x69, 0x6e, 0x74,
  0x28, 0x61, 0x74, 0x74, 0x72, 0x5f, 0x42, 0x6f, 0x6e, 0x65, 0x49, 0x6e,
  0x64, 0x65, 0x78, 0x65, 0x73, 0x2e, 0x77, 0x29, 0x5d, 0x20, 0x2a, 0x20,
  0x61, 0x74, 0x74, 0x72, 0x5f, 0x42, 0x6f, 0x6e, 0x65, 0x57, 0x65, 0x69,
  0x67, 0x68, 0x74, 0x73, 0x2e, 0x77, 0x3b, 0x0a, 0x09, 0x6d, 0x61, 0x74,
  0x33, 0x20, 0x6e, 0x72, 0x6d, 0x4d, 0x61, 0x74, 0x20, 0x3d, 0x20, 0x6d,
  0x61, 0x74, 0x33, 0x28, 0x63, 0x72, 0x6f, 0x73, 0x73, 0x28, 0x76, 0x74,
  0x78, 0x4d, 0x61, 0x74, 0x5b, 0x31, 0x5d, 0x2e, 0x78, 0x79, 0x7a, 0x2c,
  0x20, 0x76, 0x74, 0x78, 0x4d, 0x61, 0x74, 0x5b, 0x32, 0x5d, 0x2e, 0x78,
  0x79, 0x7a, 0x29, 0x2c, 0x20, 0x63, 0x72, 0x6f, 0x73, 0x73, 0x28, 0x76,
  0x74, 0x78, 0x4d, 0x61, 0x74, 0x5b, 0x32, 0x5d, 0x2e, 0x78, 0x79, 0x7a,
  0x2c, 0x20, 0x76, 0x74, 0x78, 0x4d, 0x61, 0x74, 0x5b, 0x30, 0x5d, 0x2e,
  0x78, 0x79, 0x7a, 0x29, 0x2c, 0x20, 0x63, 0x72, 0x6f, 0x73, 0x73, 0x28,
  0x76, 0x74, 0x78, 0x4d, 0x61, 0x74, 0x5b, 0x30, 0x5d, 0x2e, 0x78, 0x79,
  0x7a, 0x2c, 0x20, 0x76, 0x74, 0x78, 0x4d, 0x61, 0x74, 0x5b, 0x31, 0x5d,
  0x2e, 0x78, 0x79, 0x7a, 0x29, 0x29, 0x3b, 0x0a, 0x0a, 0x09, 0x76, 0x65,
  0x63, 0x33, 0x20, 0x70, 0x6f, 0x73, 0x69, 0x74, 0x69, 0x6f, 0x6e, 0x20,
  0x20, 0x3d, 0x20, 0x76, 0x65, 0x63, 0x33, 0x28, 0x76, 0x74, 0x78, 0x4d,
  0x61, 0x74, 0x20, 0x2a, 0x20, 0x76, 0x65, 0x63, 0x34, 0x28, 0x61, 0x74,
  0x74, 0x72, 0x5f, 0x50, 0x6f, 0x73, 0x69, 0x74, 0x69, 0x6f, 0x6e, 0x2c,
  0x20, 0x31, 0x2e, 0x30, 0x29, 0x29, 0x3b, 0x0a, 0x09, 0x76, 0x65, 0x63,
  0x33, 0x20, 0x6e, 0x6f, 0x72, 0x6d, 0x61, 0x6c, 0x20, 0x20, 0x20, 0x20,
  0x3d, 0x20, 0x6e, 0x6f, 0x72, 0x6d, 0x61, 0x6c, 0x69, 0x7a, 0x65, 0x28,
  0x6e, 0x72, 0x6d, 0x4d, 0x61, 0x74, 0x20, 0x2a, 0x20, 0x61, 0x74, 0x74,
  0x72, 0x5f, 0x4e, 0x6f, 0x72, 0x6d, 0x61, 0x6c, 0x29, 0x3b, 0x0a, 0x20,
  0x20, 0x23, 0x69, 0x66, 0x20, 0x64, 0x65, 0x66, 0x69, 0x6e, 0x65, 0x64,
  0x28, 0x55, 0x53, 0x45, 0x5f, 0x4c, 0x49, 0x47, 0x48, 0x54, 0x29, 0x20,
  0x26, 0x26, 0x20, 0x21, 0x64, 0x65, 0x66, 0x69, 0x6e, 0x65, 0x64, 0x28,
  0x55, 0x53, 0x45, 0x5f, 0x46, 0x41, 0x53, 0x54, 0x5f, 0x4c, 0x49, 0x47,
  0x48, 0x54, 0x29, 0x0a, 0x09, 0x76, 0x65, 0x63, 0x33, 0x20, 0x74, 0x61,
  0x6e, 0x67, 0x65, 0x6e, 0x74, 0x20, 0x20, 0x20, 0x3d, 0x20, 0x6e, 0x6f,
  0x72, 0x6d, 0x61, 0x6c, 0x69, 0x7a, 0x65, 0x28, 0x6e, 0x72, 0x6d, 0x4d,
  0x61, 0x74, 0x20, 0x2a, 0x20, 0x61, 0x74, 0x74, 0x72, 0x5f, 0x54, 0x61,
  0x6e, 0x67, 0x65, 0x6e, 0x74, 0x2e, 0x78, 0x79, 0x7a, 0x29, 0x3b, 0x0a,
  0x20, 0x20, 0x23, 0x65, 0x6e, 0x64, 0x69, 0x66, 0x0a, 0x23, 0x65, 0x6c,
  0x73, 0x65, 0x0a, 0x09, 0x76, 0x65, 0x63, 0x33, 0x20, 0x70, 0x6f, 0x73,
  0x69, 0x74, 0x69, 0x6f, 0x6e, 0x20, 0x20, 0x3d, 0x20, 0x61, 0x74, 0x74,
  0x72, 0x5f, 0x50, 0x6f, 0x73, 0x69, 0x74, 0x69, 0x6f, 0x6e, 0x3b, 0x0a,
  0x09, 0x76, 0x65, 0x63, 0x33, 0x20, 0x6e, 0x6f, 0x72, 0x6d, 0x61, 0x6c,
  0x20, 0x20, 0x20, 0x20, 0x3d, 0x20, 0x61, 0x74, 0x74, 0x72, 0x5f, 0x4e,
  0x6f, 0x72, 0x6d, 0x61, 0x6c, 0x3b, 0x0a, 0x20, 0x20, 0x23, 0x69, 0x66,
  0x20, 0x64, 0x65, 0x66, 0x69, 0x6e, 0x65, 0x64, 0x28, 0x55, 0x53, 0x45,
  0x5f, 0x4c, 0x49, 0x47, 0x48, 0x54, 0x29, 0x20, 0x26, 0x26, 0x20, 0x21,
  0x64, 0x65, 0x66, 0x69, 0x6e, 0x65, 0x64, 0x28, 0x55, 0x53, 0x45, 0x5f,
  0x46, 0x41, 0x53, 0x54, 0x5f, 0x4c, 0x49, 0x47, 0x48, 0x54, 0x29, 0x0a,
  0x09, 0x76, 0x65, 0x63, 0x33, 0x20, 0x74, 0x61, 0x6e, 0x67, 0x65, 0x6e,
  0x74, 0x20, 0x20, 0x20, 0x3d, 0x20, 0x61, 0x74, 0x74, 0x72, 0x5f, 0x54,
  0x61, 0x6e, 0x67, 0x65, 0x6e, 0x74, 0x2e, 0x78, 0x79, 0x7a, 0x3b, 0x0a,
  0x20, 0x20, 0x23, 0x65, 0x6e, 0x64, 0x69, 0x66, 0x0a, 0x23, 0x65, 0x6e,
  0x64, 0x69, 0x66, 0x0a, 0x0a, 0x23, 0x69, 0x66, 0x20, 0x64, 0x65, 0x66,
  0x69, 0x6e, 0x65, 0x64, 0x28, 0x55, 0x53, 0x45, 0x5f, 0x54, 0x43, 0x47,
  0x45, 0x4e, 0x29, 0x0a, 0x09, 0x76, 0x65, 0x63, 0x32, 0x20, 0x74, 0x65,
  0x78, 0x43, 0x6f, 0x6f, 0x72, 0x64, 0x73, 0x20, 0x3d, 0x20, 0x47, 0x65,
  0x6e, 0x54, 0x65, 0x78, 0x43, 0x6f, 0x6f, 0x72, 0x64, 0x73, 0x28, 0x75,
  0x5f, 0x54, 0x43, 0x47, 0x65, 0x6e, 0x30, 0x2c, 0x20, 0x70, 0x6f, 0x73,
  0x69, 0x74, 0x69, 0x6f, 0x6e, 0x2c, 0x20, 0x6e, 0x6f, 0x72, 0x6d, 0x61,
  0x6c, 0x2c, 0x20, 0x75, 0x5f, 0x54, 0x43, 0x47, 0x65, 0x6e, 0x30, 0x56,
  0x65, 0x63, 0x74, 0x6f, 0x72, 0x30, 0x2c, 0x20, 0x75, 0x5f, 0x54, 0x43,
  0x47, 0x65, 0x6e, 0x30, 0x56, 0x65, 0x63, 0x74, 0x6f, 0x72, 0x31, 0x29,
  0x3b, 0x0a, 0x23, 0x65, 0x6c, 0x73, 0x65, 0x0a, 0x09, 0x76, 0x65, 0x63,
  0x32, 0x20, 0x74, 0x65, 0x78, 0x43, 0x6f, 0x6f, 0x72, 0x64, 0x73, 0x20,
  0x3d, 0x20, 0x61, 0x74, 0x74, 0x72, 0x5f, 0x54, 0x65, 0x78, 0x43, 0x6f,
  0x6f, 0x72, 0x64, 0x30, 0x2e, 0x73, 0x74, 0x3b, 0x0a, 0x23, 0x65, 0x6e,
  0x64, 0x69, 0x66, 0x0a, 0x0a, 0x23, 0x69, 0x66, 0x20, 0x64, 0x65, 0x66,
  0x69, 0x6e, 0x65, 0x64, 0x28, 0x55, 0x53, 0x45, 0x5f, 0x54, 0x43, 0x4d,
  0x4f, 0x44, 0x29, 0x0a, 0x09, 0x76, 0x65, 0x63, 0x34, 0x20, 0x64, 0x69,
  0x66, 0x66, 0x75, 0x73, 0x65, 0x54, 0x65, 0x78, 0x4d, 0x61, 0x74, 0x72,
  0x69, 0x78, 0x5b, 0x38, 0x5d, 0x3b, 0x0a, 0x09, 0x64, 0x69, 0x66, 0x66,
  0x75, 0x73, 0x65, 0x54, 0x65, 0x78, 0x4d, 0x61, 0x74, 0x72, 0x69, 0x78,
  0x5b, 0x30, 0x5d, 0x20, 0x3d, 0x20, 0x75, 0x5f, 0x44, 0x69, 0x66, 0x66,
  0x75, 0x73, 0x65, 0x54, 0x65, 0x78, 0x4d, 0x61, 0x74, 0x72, 0x69, 0x78,
  0x30, 0x3b, 0x0a, 0x09, 0x64, 0x69, 0x66, 0x66, 0x75, 0x73, 0x65, 0x54,
  0x65, 0x78, 0x4d, 0x61, 0x74, 0x72, 0x69, 0x78, 0x5b, 0x31, 0x5d, 0x20,
  0x3d, 0x20, 0x75, 0x5f, 0x44, 0x69, 0x66, 0x66, 0x75, 0x73, 0x65, 0x54,
  0x65, 0x78, 0x4d, 0x61, 0x74, 0x72, 0x69, 0x78, 0x31, 0x3b, 0x0a, 0x09,
  0x64, 0x69, 0x66, 0x66, 0x75, 0x73, 0x65, 0x54, 0x65, 0x78, 0x4d, 0x61,
  0x74, 0x72, 0x69, 0x78, 0x5b, 0x32, 0x5d, 0x20, 0x3d, 0x20, 0x75, 0x5f,
  0x44, 0x69, 0x66, 0x66, 0x75, 0x73, 0x65, 0x54, 0x65, 0x78, 0x4d, 0x61,
  0x74, 0x72, 0x69, 0x78, 0x32, 0x3b, 0x0a, 0x09, 0x64, 0x69, 0x66, 0x66,
  0x75, 0x73, 0x65, 0x54, 0x65, 0x78, 0x4d, 0x61, 0x74, 0x72, 0x69, 0x78,
  0x5b, 0x33, 0x5d, 0x20, 0x3d, 0x20, 0x75, 0x5f, 0x44, 0x69, 0x66, 0x66,
  0x75, 0x73, 0x65, 0x54, 0x65, 0x78, 0x4d, 0x61, 0x74, 0x72, 0x69, 0x78,
  0x33, 0x3b, 0x0a, 0x09, 0x64, 0x69, 0x66, 0x66, 0x75, 0x73, 0x65, 0x54,
  0x65, 0x78, 0x4d, 0x61, 0x74, 0x72, 0x69, 0x78, 0x5b, 0x34, 0x5d, 0x20,
  0x3d, 0x20, 0x75, 0x5f, 0x44, 0x69, 0x66, 0x66, 0x75, 0x73, 0x65, 0x54,
  0x65, 0x78, 0x4d, 0x61, 0x74, 0x72, 0x69, 0x78, 0x34, 0x3b, 0x0a, 0x09,
  0x64, 0x69, 0x66, 0x66, 0x75, 0x73, 0x65, 0x54, 0x65, 0x78, 0x4d, 0x61,
  0x74, 0x72, 0x69, 0x78, 0x5b, 0x35, 0x5d, 0x20, 0x3d, 0x20, 0x75, 0x5f,
  0x44, 0x69, 0x66, 0x66, 0x75, 0x73, 0x65, 0x54, 0x65, 0x78, 0x4d, 0x61,
  0x74, 0x72, 0x69, 0x78, 0x35, 0x3b, 0x0a, 0x09, 0x64, 0x69, 0x66, 0x66,
  0x75, 0x73, 0x65, 0x54, 0x65, 0x78, 0x4d, 0x61, 0x74, 0x72, 0x69, 0x78,
  0x5b, 0x36, 0x5d, 0x20, 0x3d, 0x20, 0x75, 0x5f, 0x44, 0x69, 0x66, 0x66,
  0x75, 0x73, 0x65, 0x54, 0x65, 0x78, 0x4d, 0x61, 0x74, 0x72, 0x69, 0x78,
  0x36, 0x3b, 0x0a, 0x09, 0x64, 0x69, 0x66, 0x66, 0x75, 0x73, 0x65, 0x54,
  0x65, 0x78, 0x4d, 0x61, 0x74, 0x72, 0x69, 0x78, 0x5b, 0x37, 0x5d, 0x20,
  0x3d, 0x20, 0x75, 0x5f, 0x44, 0x69, 0x66, 0x66, 0x75, 0x73, 0x65, 0x54,
  0x65, 0x78, 0x4d, 0x61, 0x74, 0x72, 0x69, 0x78, 0x37, 0x3b, 0x0a, 0x09,
  0x76, 0x61, 0x72, 0x5f, 0x54, 0x65, 0x78, 0x43, 0x6f, 0x6f, 0x72, 0x64,
  0x73, 0x2e, 0x78, 0x79, 0x20, 0x3d, 0x20, 0x4d, 0x6f, 0x64, 0x54, 0x65,
  0x78, 0x43, 0x6f, 0x6f, 0x72, 0x64, 0x73, 0x28, 0x74, 0x65, 0x78, 0x43,
  0x6f, 0x6f, 0x72, 0x64, 0x73, 0x2c, 0x20, 0x70, 0x6f, 0x73, 0x69, 0x74,
  0x69, 0x6f, 0x6e, 0x2c, 0x20, 0x64, 0x69, 0x66, 0x66, 0x75, 0x73, 0x65,
  0x54, 0x65, 0x78, 0x4d, 0x61, 0x74, 0x72, 0x69, 0x78, 0x29, 0x3b, 0x0a,
  0x23, 0x65, 0x6c, 0x73, 0x65, 0x0a, 0x09, 0x76, 0x61, 0x72, 0x5f, 0x54,
  0x65, 0x78, 0x43, 0x6f, 0x6f, 0x72, 0x64, 0x73, 0x2e, 0x78, 0x79, 0x20,
  0x3d, 0x20, 0x74, 0x65, 0x78, 0x43, 0x6f, 0x6f, 0x72, 0x64, 0x73, 0x3b,
  0x0a, 0x23, 0x65, 0x6e, 0x64, 0x69, 0x66, 0x0a, 0x0a, 0x09, 0x67, 0x6c,
  0x5f, 0x50, 0x6f, 0x73, 0x69, 0x74, 0x69, 0x6f, 0x6e, 0x20, 0x3d, 0x20,
  0x75, 0x5f, 0x4d, 0x6f, 0x64, 0x65, 0x6c, 0x56, 0x69, 0x65, 0x77, 0x50,
  0x72, 0x6f, 0x6a, 0x65, 0x63, 0x74, 0x69, 0x6f, 0x6e, 0x4d, 0x61, 0x74,
  0x72, 0x69, 0x78, 0x20, 0x2a, 0x20, 0x76, 0x65, 0x63, 0x34, 0x28, 0x70,
  0x6f, 0x73, 0x69, 0x74, 0x69, 0x6f, 0x6e, 0x2c, 0x20, 0x31, 0x2e, 0x30,
  0x29, 0x3b, 0x0a, 0x0a, 0x23, 0x69, 0x66, 0x20, 0x64, 0x65, 0x66, 0x69,
  0x6e, 0x65, 0x64, 0x28, 0x55, 0x53, 0x45, 0x5f, 0x4d, 0x4f, 0x44, 0x45,
  0x4c, 0x4d, 0x41, 0x54, 0x52, 0x49, 0x58, 0x29, 0x0a, 0x09, 0x70, 0x6f,
  0x73, 0x69, 0x74, 0x69, 0x6f, 0x6e, 0x20, 0x20, 0x3d, 0x20, 0x28, 0x75,
  0x5f, 0x4d, 0x6f, 0x64, 0x65, 0x6c, 0x4d, 0x61, 0x74, 0x72, 0x69, 0x78,
  0x20, 0x2a, 0x20, 0x76, 0x65, 0x63, 0x34, 0x28, 0x70, 0x6f, 0x73, 0x69,
  0x74, 0x69, 0x6f, 0x6e, 0x2c, 0x20, 0x31, 0x2e, 0x30, 0x29, 0x29, 0x2e,
  0x78, 0x79, 0x7a, 0x3b, 0x0a, 0x09, 0x6e, 0x6f, 0x72, 0x6d, 0x61, 0x6c,
  0x20, 0x20, 0x20, 0x20, 0x3d, 0x20, 0x28, 0x75, 0x5f, 0x4d, 0x6f, 0x64,
  0x65, 0x6c, 0x4d, 0x61, 0x74, 0x72, 0x69, 0x78, 0x20, 0x2a, 0x20, 0x76,
  0x65, 0x63, 0x34, 0x28, 0x6e, 0x6f, 0x72, 0x6d, 0x61, 0x6c, 0x2c, 0x20,
  0x20, 0x20, 0x30, 0x2e, 0x30, 0x29, 0x29, 0x2e, 0x78, 0x79, 0x7a, 0x3b,
  0x0a, 0x20, 0x20, 0x23, 0x69, 0x66, 0x20, 0x64, 0x65, 0x66, 0x69, 0x6e,
  0x65, 0x64, 0x28, 0x55, 0x53, 0x45, 0x5f, 0x4c, 0x49, 0x47, 0x48, 0x54,
  0x29, 0x20, 0x26, 0x26, 0x20, 0x21, 0x64, 0x65, 0x66, 0x69, 0x6e, 0x65,
  0x64, 0x28, 0x55, 0x53, 0x45, 0x5f, 0x46, 0x41, 0x53, 0x54, 0x5f, 0x4c,
  0x49, 0x47, 0x48, 0x54, 0x29, 0x0a, 0x09, 0x74, 0x61, 0x6e, 0x67, 0x65,
  0x6e, 0x74, 0x20, 0x20, 0x20, 0x3d, 0x20, 0x28, 0x75, 0x5f, 0x4d, 0x6f,
  0x64, 0x65, 0x6c, 0x4d, 0x61, 0x74, 0x72, 0x69, 0x78, 0x20, 0x2a, 0x20,
  0x76, 0x65, 0x63, 0x34, 0x28, 0x74, 0x61, 0x6e, 0x67, 0x65, 0x6e, 0x74,
  0x2c, 0x20, 0x20, 0x30, 0x2e, 0x30, 0x29, 0x29, 0x2e, 0x78, 0x79, 0x7a,
  0x3b, 0x0a, 0x20, 0x20, 0x23, 0x65, 0x6e, 0x64, 0x69, 0x66, 0x0a, 0x23,
  0x65, 0x6e, 0x64, 0x69, 0x66, 0x0a, 0x0a, 0x23, 0x69, 0x66, 0x20, 0x64,
  0x65, 0x66, 0x69, 0x6e, 0x65, 0x64, 0x28, 0x55, 0x53, 0x45, 0x5f, 0x4c,
  0x49, 0x47, 0x48, 0x54, 0x29, 0x20, 0x26, 0x26, 0x20, 0x21, 0x64, 0x65,
  0x66, 0x69, 0x6e, 0x65, 0x64, 0x28, 0x55, 0x53, 0x45, 0x5f, 0x46, 0x41,
  0x53, 0x54, 0x5f, 0x4c, 0x49, 0x47, 0x48, 0x54, 0x29, 0x0a, 0x09, 0x76,
  0x65, 0x63, 0x33, 0x20, 0x62, 0x69, 0x74, 0x61, 0x6e, 0x67, 0x65, 0x6e,
  0x74, 0x20, 0x3d, 0x20, 0x63, 0x72, 0x6f, 0x73, 0x73, 0x28, 0x6e, 0x6f,
  0x72, 0x6d, 0x61, 0x6c, 0x2c, 0x20, 0x74, 0x61, 0x6e, 0x67, 0x65, 0x6e,
  0x74, 0x29, 0x20, 0x2a, 0x20, 0x61, 0x74, 0x74, 0x72, 0x5f, 0x54, 0x61,
  0x6e, 0x67, 0x65, 0x6e, 0x74, 0x2e, 0x77, 0x3b, 0x0a, 0x23, 0x65, 0x6e,
  0x64, 0x69, 0x66, 0x0a, 0x0a, 0x23, 0x69, 0x66, 0x20, 0x64, 0x65, 0x66,
  0x69, 0x6e, 0x65, 0x64, 0x28, 0x55, 0x53, 0x45, 0x5f, 0x4c, 0x49, 0x47,
  0x48, 0x54, 0x5f, 0x56, 0x45, 0x43, 0x54, 0x4f, 0x52, 0x29, 0x0a, 0x09,
  0x76, 0x65, 0x63, 0x33, 0x20, 0x4c, 0x20, 0x3d, 0x20, 0x75, 0x5f, 0x4c,
  0x69, 0x67, 0x68, 0x74, 0x4f, 0x72, 0x69, 0x67, 0x69, 0x6e, 0x2e, 0x78,
  0x79, 0x7a, 0x20, 0x2d, 0x20, 0x28, 0x70, 0x6f, 0x73, 0x69, 0x74, 0x69,
  0x6f, 0x6e, 0x20, 0x2a, 0x20, 0x75, 0x5f, 0x4c, 0x69, 0x67, 0x68, 0x74,
  0x4f, 0x72, 0x69, 0x67, 0x69, 0x6e, 0x2e, 0x77, 0x29, 0x3b, 0x0a, 0x23,
  0x65, 0x6c, 0x69, 0x66, 0x20, 0x64, 0x65, 0x66, 0x69, 0x6e, 0x65, 0x64,
  0x28, 0x55, 0x53, 0x45, 0x5f, 0x4c, 0x49, 0x47, 0x48, 0x54, 0x29, 0x20,
  0x26, 0x26, 0x20, 0x21, 0x64, 0x65, 0x66, 0x69, 0x6e, 0x65, 0x64, 0x28,
  0x55, 0x53, 0x45, 0x5f, 0x46, 0x41, 0x53, 0x54, 0x5f, 0x4c, 0x49, 0x47,
  0x48, 0x54, 0x29, 0x0a, 0x09, 0x76, 0x65, 0x63, 0x33, 0x20, 0x4c, 0x20,
  0x3d, 0x20, 0x61, 0x74, 0x74, 0x72, 0x5f, 0x4c, 0x69, 0x67, 0x68, 0x74,
  0x44, 0x69, 0x72, 0x65, 0x63, 0x74, 0x69, 0x6f, 0x6e, 0x3b, 0x0a, 0x20,
  0x20, 0x23, 0x69, 0x66, 0x20, 0x64, 0x65, 0x66, 0x69, 0x6e, 0x65, 0x64,
  0x28, 0x55, 0x53, 0x45, 0x5f, 0x4d, 0x4f, 0x44, 0x45, 0x4c, 0x4d, 0x41,
  0x54, 0x52, 0x49, 0x58, 0x29, 0x0a, 0x09, 0x4c, 0x20, 0x3d, 0x20, 0x28,
  0x75, 0x5f, 0x4d, 0x6f, 0x64, 0x65, 0x6c, 0x4d, 0x61, 0x74, 0x72, 0x69,
  0x78, 0x20, 0x2a, 0x20, 0x76, 0x65, 0x63, 0x34, 0x28, 0x4c, 0x2c, 0x20,
  0x30, 0x2e, 0x30, 0x29, 0x29, 0x2e, 0x78, 0x79, 0x7a, 0x3b, 0x0a, 0x20,
  0x20, 0x23, 0x65, 0x6e, 0x64, 0x69, 0x66, 0x0a, 0x23, 0x65, 0x6e, 0x64,
  0x69, 0x66, 0x0a, 0x0a, 0x23, 0x69, 0x66, 0x20, 0x64, 0x65, 0x66, 0x69,
  0x6e, 0x65, 0x64, 0x28, 0x55, 0x53, 0x45, 0x5f, 0x4c, 0x49, 0x47, 0x48,
  0x54, 0x4d, 0x41, 0x50, 0x29, 0x0a, 0x09, 0x76, 0x61, 0x72, 0x5f, 0x54,
  0x65, 0x78, 0x43, 0x6f, 0x6f, 0x72, 0x64, 0x73, 0x2e, 0x7a, 0x77, 0x20,
  0x3d, 0x20, 0x61, 0x74, 0x74, 0x72, 0x5f, 0x54, 0x65, 0x78, 0x43, 0x6f,
  0x6f, 0x72, 0x64, 0x31, 0x2e, 0x73, 0x74, 0x3b, 0x0a, 0x23, 0x65, 0x6e,
  0x64, 0x69, 0x66, 0x0a, 0x0a, 0x09, 0x76, 0x61, 0x72, 0x5f, 0x43, 0x6f,
  0x6c, 0x6f, 0x72, 0x20, 0x3d, 0x20, 0x75, 0x5f, 0x56, 0x65, 0x72, 0x74,
  0x43, 0x6f, 0x6c, 0x6f, 0x72, 0x20, 0x2a, 0x20, 0x61, 0x74, 0x74, 0x72,
  0x5f, 0x43, 0x6f, 0x6c, 0x6f, 0x72, 0x20, 0x2b, 0x20, 0x75, 0x5f, 0x42,
  0x61, 0x73, 0x65, 0x43, 0x6f, 0x6c, 0x6f, 0x72, 0x3b, 0x0a, 0x0a, 0x23,
  0x69, 0x66, 0x20, 0x64, 0x65, 0x66, 0x69, 0x6e, 0x65, 0x64, 0x28, 0x55,
  0x53, 0x45, 0x5f, 0x4c, 0x49, 0x47, 0x48, 0x54, 0x5f, 0x56, 0x45, 0x43,
  0x54, 0x4f, 0x52, 0x29, 0x0a, 0x20, 0x20, 0x23, 0x69, 0x66, 0x20, 0x64,
  0x65, 0x66, 0x69, 0x6e, 0x65, 0x64, 0x28, 0x55, 0x53, 0x45, 0x5f, 0x46,
  0x41, 0x53, 0x54, 0x5f, 0x4c, 0x49, 0x47, 0x48, 0x54, 0x29, 0x0a, 0x09,
  0x66, 0x6c, 0x6f, 0x61, 0x74, 0x20, 0x73, 0x71, 0x72, 0x4c, 0x69, 0x67,
  0x68, 0x74, 0x44, 0x69, 0x73, 0x74, 0x20, 0x3d, 0x20, 0x64, 0x6f, 0x74,
  0x28, 0x4c, 0x2c, 0x20, 0x4c, 0x29, 0x3b, 0x0a, 0x09, 0x66, 0x6c, 0x6f,
  0x61, 0x74, 0x20, 0x4e, 0x4c, 0x20, 0x3d, 0x20, 0x63, 0x6c, 0x61, 0x6d,
  0x70, 0x28, 0x64, 0x6f, 0x74, 0x28, 0x6e, 0x6f, 0x72, 0x6d, 0x61, 0x6c,
  0x69, 0x7a, 0x65, 0x28, 0x6e, 0x6f, 0x72, 0x6d, 0x61, 0x6c, 0x29, 0x2c,
  0x20, 0x4c, 0x29, 0x20, 0x2f, 0x20, 0x73, 0x71, 0x72, 0x74, 0x28, 0x73,
  0x71, 0x72, 0x4c, 0x69, 0x67, 0x68, 0x74, 0x44, 0x69, 0x73, 0x74, 0x29,
  0x2c, 0x20, 0x30, 0x2e, 0x30, 0x2c, 0x20, 0x31, 0x2e, 0x30, 0x29, 0x3b,
  0x0a, 0x09, 0x66, 0x6c, 0x6f, 0x61, 0x74, 0x20, 0x61, 0x74, 0x74, 0x65,
  0x6e, 0x75, 0x61, 0x74, 0x69, 0x6f, 0x6e, 0x20, 0x3d, 0x20, 0x43, 0x61,
  0x6c, 0x63, 0x4c, 0x69, 0x67, 0x68, 0x74, 0x41, 0x74, 0x74, 0x65, 0x6e,
  0x75, 0x61, 0x74, 0x69, 0x6f, 0x6e, 0x28, 0x75, 0x5f, 0x4c, 0x69, 0x67,
  0x68, 0x74, 0x4f, 0x72, 0x69, 0x67, 0x69, 0x6e, 0x2e, 0x77, 0x2c, 0x20,
  0x75, 0x5f, 0x4c, 0x69, 0x67, 0x68, 0x74, 0x52, 0x61, 0x64, 0x69, 0x75,
  0x73, 0x20, 0x2a, 0x20, 0x75, 0x5f, 0x4c, 0x69, 0x67, 0x68, 0x74, 0x52,
  0x61, 0x64, 0x69, 0x75, 0x73, 0x20, 0x2f, 0x20, 0x73, 0x71, 0x72, 0x4c,
  0x69, 0x67, 0x68, 0x74, 0x44, 0x69, 0x73, 0x74, 0x29, 0x3b, 0x0a, 0x0a,
  0x09, 0x76, 0x61, 0x72, 0x5f, 0x43, 0x6f, 0x6c, 0x6f, 0x72, 0x2e, 0x72,
  0x67, 0x62, 0x20, 0x2a, 0x3d, 0x20, 0x75, 0x5f, 0x44, 0x69, 0x72, 0x65,
  0x63, 0x74, 0x65, 0x64, 0x4c, 0x69, 0x67, 0x68, 0x74, 0x20, 0x2a, 0x20,
  0x28, 0x61, 0x74, 0x74, 0x65, 0x6e, 0x75, 0x61, 0x74, 0x69, 0x6f, 0x6e,
  0x20, 0x2a, 0x20, 0x4e, 0x4c, 0x29, 0x20, 0x2b, 0x20, 0x75, 0x5f, 0x41,
  0x6d, 0x62, 0x69, 0x65, 0x6e, 0x74, 0x4c, 0x69, 0x67, 0x68, 0x74, 0x3b,
  0x0a, 0x20, 0x20, 0x23, 0x65, 0x6c, 0x73, 0x65, 0x0a, 0x09, 0x76, 0x61,
  0x72, 0x5f, 0x43, 0x6f, 0x6c, 0x6f, 0x72, 0x41, 0x6d, 0x62, 0x69, 0x65,
  0x6e, 0x74, 0x2e, 0x72, 0x67, 0x62, 0x20, 0x3d, 0x20, 0x75, 0x5f, 0x41,
  0x6d, 0x62, 0x69, 0x65, 0x6e, 0x74, 0x4c, 0x69, 0x67, 0x68, 0x74, 0x20,
  0x2a, 0x20, 0x76, 0x61, 0x72, 0x5f, 0x43, 0x6f, 0x6c, 0x6f, 0x72, 0x2e,
  0x72, 0x67, 0x62, 0x3b, 0x0a, 0x09, 0x76, 0x61, 0x72, 0x5f, 0x43, 0x6f,
  0x6c, 0x6f, 0x72, 0x2e, 0x72, 0x67, 0x62, 0x20, 0x2a, 0x3d, 0x20, 0x75,
  0x5f, 0x44, 0x69, 0x72, 0x65, 0x63, 0x74, 0x65, 0x64, 0x4c, 0x69, 0x67,
  0x68, 0x74, 0x3b, 0x0a, 0x20, 0x20, 0x20, 0x20, 0x23, 0x69, 0x66, 0x20,
  0x64, 0x65, 0x66, 0x69, 0x6e, 0x65, 0x64, 0x28, 0x55, 0x53, 0x45, 0x5f,
  0x50, 0x42, 0x52, 0x29, 0x0a, 0x09, 0x76, 0x61, 0x72, 0x5f, 0x43, 0x6f,
  0x6c, 0x6f, 0x72, 0x41, 0x6d, 0x62, 0x69, 0x65, 0x6e, 0x74, 0x2e, 0x72,
  0x67, 0x62, 0x20, 0x2a, 0x3d, 0x20, 0x76, 0x61, 0x72, 0x5f, 0x43, 0x6f,
  0x6c, 0x6f, 0x72, 0x41, 0x6d, 0x62, 0x69, 0x65, 0x6e, 0x74, 0x2e, 0x72,
  0x67, 0x62, 0x3b, 0x0a, 0x20, 0x20, 0x20, 0x20, 0x23, 0x65, 0x6e, 0x64,
  0x69, 0x66, 0x0a, 0x20, 0x20, 0x23, 0x65, 0x6e, 0x64, 0x69, 0x66, 0x0a,
  0x23, 0x65, 0x6e, 0x64, 0x69, 0x66, 0x0a, 0x0a, 0x23, 0x69, 0x66, 0x20,
  0x64, 0x65, 0x66, 0x69, 0x6e, 0x65, 0x64, 0x28, 0x55, 0x53, 0x45, 0x5f,
  0x4c, 0x49, 0x47, 0x48, 0x54, 0x29, 0x20, 0x26, 0x26, 0x20, 0x21, 0x64,
  0x65, 0x66, 0x69, 0x6e, 0x65, 0x64, 0x28, 0x55, 0x53, 0x45, 0x5f, 0x46,
  0x41, 0x53, 0x54, 0x5f, 0x4c, 0x49, 0x47, 0x48, 0x54, 0x29, 0x20, 0x26,
  0x26, 0x20, 0x64, 0x65, 0x66, 0x69, 0x6e, 0x65, 0x64, 0x28, 0x55, 0x53,
  0x45, 0x5f, 0x50, 0x42, 0x52, 0x29, 0x0a, 0x09, 0x76, 0x61, 0x72, 0x5f,
  0x43, 0x6f, 0x6c, 0x6f, 0x72, 0x2e, 0x72, 0x67, 0x62, 0x20, 0x2a, 0x3d,
  0x20, 0x76, 0x61, 0x72, 0x5f, 0x43, 0x6f, 0x6c, 0x6f, 0x72, 0x2e, 0x72,
  0x67, 0x62, 0x3b, 0x0a, 0x23, 0x65, 0x6e, 0x64, 0x69, 0x66, 0x0a, 0x0a,
  0x23, 0x69, 0x66, 0x20, 0x64, 0x65, 0x66, 0x69, 0x6e, 0x65, 0x64, 0x28,
  0x55, 0x53, 0x45, 0x5f, 0x50, 0x52, 0x49, 0x4d, 0x41, 0x52, 0x59, 0x5f,
  0x4c, 0x49, 0x47, 0x48, 0x54, 0x29, 0x20, 0x7c, 0x7c, 0x20, 0x64, 0x65,
  0x66, 0x69, 0x6e, 0x65, 0x64, 0x28, 0x55, 0x53, 0x45, 0x5f, 0x53, 0x48,
  0x41, 0x44, 0x4f, 0x57, 0x4d, 0x41, 0x50, 0x29, 0x0a, 0x09, 0x76, 0x61,
  0x72, 0x5f, 0x50, 0x72, 0x69, 0x6d, 0x61, 0x72, 0x79, 0x4c, 0x69, 0x67,
  0x68, 0x74, 0x44, 0x69, 0x72, 0x2e, 0x78, 0x79, 0x7a, 0x20, 0x3d, 0x20,
  0x75, 0x5f, 0x50, 0x72, 0x69, 0x6d, 0x61, 0x72, 0x79, 0x4c, 0x69, 0x67,
  0x68, 0x74, 0x4f, 0x72, 0x69, 0x67, 0x69, 0x6e, 0x2e, 0x78, 0x79, 0x7a,
  0x20, 0x2d, 0x20, 0x28, 0x70, 0x6f, 0x73, 0x69, 0x74, 0x69, 0x6f, 0x6e,
  0x20, 0x2a, 0x20, 0x75, 0x5f, 0x50, 0x72, 0x69, 0x6d, 0x61, 0x72, 0x79,
  0x4c, 0x69, 0x67, 0x68, 0x74, 0x4f, 0x72, 0x69, 0x67, 0x69, 0x6e, 0x2e,
  0x77, 0x29, 0x3b, 0x0a, 0x09, 0x76, 0x61, 0x72, 0x5f, 0x50, 0x72, 0x69,
  0x6d, 0x61, 0x72, 0x79, 0x4c, 0x69, 0x67, 0x68, 0x74, 0x44, 0x69, 0x72,
  0x2e, 0x77, 0x20, 0x3d, 0x20, 0x75, 0x5f, 0x50, 0x72, 0x69, 0x6d, 0x61,
  0x72, 0x79, 0x4c, 0x69, 0x67, 0x68, 0x74, 0x52, 0x61, 0x64, 0x69, 0x75,
  0x73, 0x20, 0x2a, 0x20, 0x75, 0x5f, 0x50, 0x72, 0x69, 0x6d, 0x61, 0x72,
  0x79, 0x4c, 0x69, 0x67, 0x68, 0x74, 0x52, 0x61, 0x64, 0x69, 0x75, 0x73,
  0x3b, 0x0a, 0x23, 0x65, 0x6e, 0x64, 0x69, 0x66, 0x0a, 0x0a, 0x23, 0x69,
  0x66, 0x20, 0x64, 0x65, 0x66, 0x69, 0x6e, 0x65, 0x64, 0x28, 0x55, 0x53,
  0x45, 0x5f, 0x4c, 0x49, 0x47, 0x48, 0x54, 0x29, 0x20, 0x26, 0x26, 0x20,
  0x21, 0x64, 0x65, 0x66, 0x69, 0x6e, 0x65, 0x64, 0x28, 0x55, 0x53, 0x45,
  0x5f, 0x46, 0x41, 0x53, 0x54, 0x5f, 0x4c, 0x49, 0x47, 0x48, 0x54, 0x29,
  0x0a, 0x20, 0x20, 0x23, 0x69, 0x66, 0x20, 0x64, 0x65, 0x66, 0x69, 0x6e,
  0x65, 0x64, 0x28, 0x55, 0x53, 0x45, 0x5f, 0x4c, 0x49, 0x47, 0x48, 0x54,
  0x5f, 0x56, 0x45, 0x43, 0x54, 0x4f, 0x52, 0x29, 0x0a, 0x09, 0x76, 0x61,
  0x72, 0x5f, 0x4c, 0x69, 0x67, 0x68, 0x74, 0x44, 0x69, 0x72, 0x20, 0x3d,
  0x20, 0x76, 0x65, 0x63, 0x34, 0x28, 0x4c, 0x2c, 0x20, 0x75, 0x5f, 0x4c,
  0x69, 0x67, 0x68, 0x74, 0x52, 0x61, 0x64, 0x69, 0x75, 0x73, 0x20, 0x2a,
  0x20, 0x75, 0x5f, 0x4c, 0x69, 0x67, 0x68, 0x74, 0x52, 0x61, 0x64, 0x69,
  0x75, 0x73, 0x29, 0x3b, 0x0a, 0x20, 0x20, 0x23, 0x65, 0x6c, 0x73, 0x65,
  0x0a, 0x09, 0x76, 0x61, 0x72, 0x5f, 0x4c, 0x69, 0x67, 0x68, 0x74, 0x44,
  0x69, 0x72, 0x20, 0x3d, 0x20, 0x76, 0x65, 0x63, 0x34, 0x28, 0x4c, 0x2c,
  0x20, 0x30, 0x2e, 0x30, 0x29, 0x3b, 0x0a, 0x20, 0x20, 0x23, 0x65, 0x6e,
  0x64, 0x69, 0x66, 0x0a, 0x20, 0x20, 0x23, 0x69, 0x66, 0x20, 0x64, 0x65,
  0x66, 0x69, 0x6e, 0x65, 0x64, 0x28, 0x55, 0x53, 0x45, 0x5f, 0x44, 0x45,
  0x4c, 0x55, 0x58, 0x45, 0x4d, 0x41, 0x50, 0x29, 0x0a, 0x09, 0x76, 0x61,
  0x72, 0x5f, 0x4c, 0x69, 0x67, 0x68, 0x74, 0x44, 0x69, 0x72, 0x20, 0x2d,
  0x3d, 0x20, 0x75, 0x5f, 0x45, 0x6e, 0x61, 0x62, 0x6c, 0x65, 0x54, 0x65,
  0x78, 0x74, 0x75, 0x72, 0x65, 0x73, 0x2e, 0x79, 0x20, 0x2a, 0x20, 0x76,
  0x61, 0x72, 0x5f, 0x4c, 0x69, 0x67, 0x68, 0x74, 0x44, 0x69, 0x72, 0x3b,
  0x0a, 0x20, 0x20, 0x23, 0x65, 0x6e, 0x64, 0x69, 0x66, 0x0a, 0x23, 0x65,
  0x6e, 0x64, 0x69, 0x66, 0x0a, 0x0a, 0x23, 0x69, 0x66, 0x20, 0x64, 0x65,
  0x66, 0x69, 0x6e, 0x65, 0x64, 0x28, 0x55, 0x53, 0x45, 0x5f, 0x4c, 0x49,
  0x47, 0x48, 0x54, 0x29, 0x20, 0x26, 0x26, 0x20, 0x21, 0x64, 0x65, 0x66,
  0x69, 0x6e, 0x65, 0x64, 0x28, 0x55, 0x53, 0x45, 0x5f, 0x46, 0x41, 0x53,
  0x54, 0x5f, 0x4c, 0x49, 0x47, 0x48, 0x54, 0x29, 0x0a, 0x09, 0x76, 0x65,
  0x63, 0x33, 0x20, 0x76, 0x69, 0x65, 0x77, 0x44, 0x69, 0x72, 0x20, 0x3d,
  0x20, 0x75, 0x5f, 0x56, 0x69, 0x65, 0x77, 0x4f, 0x72, 0x69, 0x67, 0x69,
  0x6e, 0x20, 0x2d, 0x20, 0x70, 0x6f, 0x73, 0x69, 0x74, 0x69, 0x6f, 0x6e,
  0x3b, 0x0a, 0x09, 0x2f, 0x2f, 0x20, 0x73, 0x74, 0x6f, 0x72, 0x65, 0x20,
  0x76, 0x69, 0x65, 0x77, 0x20, 0x64, 0x69, 0x72, 0x65, 0x63, 0x74, 0x69,
  0x6f, 0x6e, 0x20, 0x69, 0x6e, 0x20, 0x74, 0x61, 0x6e, 0x67, 0x65, 0x6e,
  0x74, 0x20, 0x73, 0x70, 0x61, 0x63, 0x65, 0x20, 0x74, 0x6f, 0x20, 0x73,
  0x61, 0x76, 0x65, 0x20, 0x6f, 0x6e, 0x20, 0x76, 0x61, 0x72, 0x79, 0x69,
  0x6e, 0x67, 0x73, 0x0a, 0x09, 0x76, 0x61, 0x72, 0x5f, 0x4e, 0x6f, 0x72,
  0x6d, 0x61, 0x6c, 0x20, 0x20, 0x20, 0x20, 0x3d, 0x20, 0x76, 0x65, 0x63,
  0x34, 0x28, 0x6e, 0x6f, 0x72, 0x6d, 0x61, 0x6c, 0x2c, 0x20, 0x20, 0x20,
  0x20, 0x76, 0x69, 0x65, 0x77, 0x44, 0x69, 0x72, 0x2e, 0x78, 0x29, 0x3b,
  0x0a, 0x09, 0x76, 0x61, 0x72, 0x5f, 0x54, 0x61, 0x6e, 0x67, 0x65, 0x6e,
  0x74, 0x20, 0x20, 0x20, 0x3d, 0x20, 0x76, 0x65, 0x63, 0x34, 0x28, 0x74,
  0x61, 0x6e, 0x67, 0x65, 0x6e, 0x74, 0x2c, 0x20, 0x20, 0x20, 0x76, 0x69,
  0x65, 0x77, 0x44, 0x69, 0x72, 0x2e, 0x79, 0x29, 0x3b, 0x0a, 0x09, 0x76,
  0x61, 0x72, 0x5f, 0x42, 0x69, 0x74, 0x61, 0x6e, 0x67, 0x65, 0x6e, 0x74,
  0x20, 0x3d, 0x20, 0x76, 0x65, 0x63, 0x34, 0x28, 0x62, 0x69, 0x74, 0x61,
  0x6e, 0x67, 0x65, 0x6e, 0x74, 0x2c, 0x20, 0x76, 0x69, 0x65, 0x77, 0x44,
  0x69, 0x72, 0x2e, 0x7a, 0x29, 0x3b, 0x0a, 0x23, 0x65, 0x6e, 0x64, 0x69,
  0x66, 0x0a, 0x7d, 0x0a
};
unsigned int fallbackShader_lightall_vp_len = 8716;
unsigned char fallbackShader_pshadow_fp[] = {
  0x75, 0x6e, 0x69, 0x66, 0x6f, 0x72, 0x6d, 0x20, 0x73, 0x61, 0x6d, 0x70,
  0x6c, 0x65, 0x72, 0x32, 0x44, 0x20, 0x75, 0x5f, 0x53, 0x68, 0x61, 0x64,
  0x6f, 0x77, 0x4d, 0x61, 0x70, 0x3b, 0x0a, 0x0a, 0x75, 0x6e, 0x69, 0x66,
  0x6f, 0x72, 0x6d, 0x20, 0x76, 0x65, 0x63, 0x33, 0x20, 0x20, 0x20, 0x20,
  0x20, 0x20, 0x75, 0x5f, 0x4c, 0x69, 0x67, 0x68, 0x74, 0x46, 0x6f, 0x72,
  0x77, 0x61, 0x72, 0x64, 0x3b, 0x0a, 0x75, 0x6e, 0x69, 0x66, 0x6f, 0x72,
  0x6d, 0x20, 0x76, 0x65, 0x63, 0x33, 0x20, 0x20, 0x20, 0x20, 0x20, 0x20,
  0x75, 0x5f, 0x4c, 0x69, 0x67, 0x68, 0x74, 0x55, 0x70, 0x3b, 0x0a, 0x75,
  0x6e, 0x69, 0x66, 0x6f, 0x72, 0x6d, 0x20, 0x76, 0x65, 0x63, 0x33, 0x20,
  0x20, 0x20, 0x20, 0x20, 0x20, 0x75, 0x5f, 0x4c, 0x69, 0x67, 0x68, 0x74,
  0x52, 0x69, 0x67, 0x68, 0x74, 0x3b, 0x0a, 0x75, 0x6e, 0x69, 0x66, 0x6f,
  0x72, 0x6d, 0x20, 0x76, 0x65, 0x63, 0x34, 0x20, 0x20, 0x20, 0x20, 0x20,
  0x20, 0x75, 0x5f, 0x4c, 0x69, 0x67, 0x68, 0x74, 0x4f, 0x72, 0x69, 0x67,
  0x69, 0x6e, 0x3b, 0x0a, 0x75, 0x6e, 0x69, 0x66, 0x6f, 0x72, 0x6d, 0x20,
  0x66, 0x6c, 0x6f, 0x61, 0x74, 0x20, 0x20, 0x20, 0x20, 0x20, 0x75, 0x5f,
  0x4c, 0x69, 0x67, 0x68, 0x74, 0x52, 0x61, 0x64, 0x69, 0x75, 0x73, 0x3b,
  0x0a, 0x76, 0x61, 0x72, 0x79, 0x69, 0x6e, 0x67, 0x20, 0x76, 0x65, 0x63,
  0x33, 0x20, 0x20, 0x20, 0x20, 0x20, 0x20, 0x76, 0x61, 0x72, 0x5f, 0x50,
  0x6f, 0x73, 0x69, 0x74, 0x69, 0x6f, 0x6e, 0x3b, 0x0a, 0x76, 0x61, 0x72,
  0x79, 0x69, 0x6e, 0x67, 0x20, 0x76, 0x65, 0x63, 0x33, 0x20, 0x20, 0x20,
  0x20, 0x20, 0x20, 0x76, 0x61, 0x72, 0x5f, 0x4e, 0x6f, 0x72, 0x6d, 0x61,
  0x6c, 0x3b, 0x0a, 0x0a, 0x76, 0x6f, 0x69, 0x64, 0x20, 0x6d, 0x61, 0x69,
  0x6e, 0x28, 0x29, 0x0a, 0x7b, 0x0a, 0x09, 0x76, 0x65, 0x63, 0x33, 0x20,
  0x6c, 0x69, 0x67, 0x68, 0x74, 0x54, 0x6f, 0x50, 0x6f, 0x73, 0x20, 0x3d,
  0x20, 0x76, 0x61, 0x72, 0x5f, 0x50, 0x6f, 0x73, 0x69, 0x74, 0x69, 0x6f,
  0x6e, 0x20, 0x2d, 0x20, 0x75, 0x5f, 0x4c, 0x69, 0x67, 0x68, 0x74, 0x4f,
  0x72, 0x69, 0x67, 0x69, 0x6e, 0x2e, 0x78, 0x79, 0x7a, 0x3b, 0x0a, 0x09,
  0x76, 0x65, 0x63, 0x32, 0x20, 0x73, 0x74, 0x20, 0x3d, 0x20, 0x76, 0x65,
  0x63, 0x32, 0x28, 0x2d, 0x64, 0x6f, 0x74, 0x28, 0x75, 0x5f, 0x4c, 0x69,
  0x67, 0x68, 0x74, 0x52, 0x69, 0x67, 0x68, 0x74, 0x2c, 0x20, 0x6c, 0x69,
  0x67, 0x68, 0x74, 0x54, 0x6f, 0x50, 0x6f, 0x73, 0x29, 0x2c, 0x20, 0x64,
  0x6f, 0x74, 0x28, 0x75, 0x5f, 0x4c, 0x69, 0x67, 0x68, 0x74, 0x55, 0x70,
  0x2c, 0x20, 0x6c, 0x69, 0x67, 0x68, 0x74, 0x54, 0x6f, 0x50, 0x6f, 0x73,
  0x29, 0x29, 0x3b, 0x0a, 0x09, 0x0a, 0x09, 0x66, 0x6c, 0x6f, 0x61, 0x74,
  0x20, 0x66, 0x61, 0x64, 0x65, 0x20, 0x3d, 0x20, 0x6c, 0x65, 0x6e, 0x67,
  0x74, 0x68, 0x28, 0x73, 0x74, 0x29, 0x3b, 0x0a, 0x09, 0x0a, 0x23, 0x69,
  0x66, 0x20, 0x64, 0x65, 0x66, 0x69, 0x6e, 0x65, 0x64, 0x28, 0x55, 0x53,
  0x45, 0x5f, 0x44, 0x49, 0x53, 0x43, 0x41, 0x52, 0x44, 0x29, 0x0a, 0x09,
  0x69, 0x66, 0x20, 0x28, 0x66, 0x61, 0x64, 0x65, 0x20, 0x3e, 0x3d, 0x20,
  0x31, 0x2e, 0x30, 0x29, 0x0a, 0x09, 0x7b, 0x0a, 0x09, 0x09, 0x64, 0x69,
  0x73, 0x63, 0x61, 0x72, 0x64, 0x3b, 0x0a, 0x09, 0x7d, 0x0a, 0x23, 0x65,
  0x6e, 0x64, 0x69, 0x66, 0x0a, 0x0a, 0x09, 0x66, 0x61, 0x64, 0x65, 0x20,
  0x3d, 0x20, 0x63, 0x6c, 0x61, 0x6d, 0x70, 0x28, 0x38, 0x2e, 0x30, 0x20,
  0x2d, 0x20, 0x66, 0x61, 0x64, 0x65, 0x20, 0x2a, 0x20, 0x38, 0x2e, 0x30,
  0x2c, 0x20, 0x30, 0x2e, 0x30, 0x2c, 0x20, 0x31, 0x2e, 0x30, 0x29, 0x3b,
  0x0a, 0x09, 0x0a, 0x09, 0x73, 0x74, 0x20, 0x3d, 0x20, 0x73, 0x74, 0x20,
  0x2a, 0x20, 0x30, 0x2e, 0x35, 0x20, 0x2b, 0x20, 0x76, 0x65, 0x63, 0x32,
  0x28, 0x30, 0x2e, 0x35, 0x29, 0x3b, 0x0a, 0x0a, 0x23, 0x69, 0x66, 0x20,
  0x64, 0x65, 0x66, 0x69, 0x6e, 0x65, 0x64, 0x28, 0x55, 0x53, 0x45, 0x5f,
  0x53, 0x4f, 0x4c, 0x49, 0x44, 0x5f, 0x50, 0x53, 0x48, 0x41, 0x44, 0x4f,
  0x57, 0x53, 0x29, 0x0a, 0x09, 0x66, 0x6c, 0x6f, 0x61, 0x74, 0x20, 0x69,
  0x6e, 0x74, 0x65, 0x6e, 0x73, 0x69, 0x74, 0x79, 0x20, 0x3d, 0x20, 0x6d,
  0x61, 0x78, 0x28, 0x73, 0x69, 0x67, 0x6e, 0x28, 0x75, 0x5f, 0x4c, 0x69,
  0x67, 0x68, 0x74, 0x52, 0x61, 0x64, 0x69, 0x75, 0x73, 0x20, 0x2d, 0x20,
  0x6c, 0x65, 0x6e, 0x67, 0x74, 0x68, 0x28, 0x6c, 0x69, 0x67, 0x68, 0x74,
  0x54, 0x6f, 0x50, 0x6f, 0x73, 0x29, 0x29, 0x2c, 0x20, 0x30, 0x2e, 0x30,
  0x29, 0x3b, 0x0a, 0x23, 0x65, 0x6c, 0x73, 0x65, 0x0a, 0x09, 0x66, 0x6c,
  0x6f, 0x61, 0x74, 0x20, 0x69, 0x6e, 0x74, 0x65, 0x6e, 0x73, 0x69, 0x74,
  0x79, 0x20, 0x3d, 0x20, 0x63, 0x6c, 0x61, 0x6d, 0x70, 0x28, 0x28, 0x31,
  0x2e, 0x30, 0x20, 0x2d, 0x20, 0x64, 0x6f, 0x74, 0x28, 0x6c, 0x69, 0x67,
  0x68, 0x74, 0x54, 0x6f, 0x50, 0x6f, 0x73, 0x2c, 0x20, 0x6c, 0x69, 0x67,
  0x68, 0x74, 0x54, 0x6f, 0x50, 0x6f, 0x73, 0x29, 0x20, 0x2f, 0x20, 0x28,
  0x75, 0x5f, 0x4c, 0x69, 0x67, 0x68, 0x74, 0x52, 0x61, 0x64, 0x69, 0x75,
  0x73, 0x20, 0x2a, 0x20, 0x75, 0x5f, 0x4c, 0x69, 0x67, 0x68, 0x74, 0x52,
  0x61, 0x64, 0x69, 0x75, 0x73, 0x29, 0x29, 0x20, 0x2a, 0x20, 0x32, 0x2e,
  0x30, 0x2c, 0x20, 0x30, 0x2e, 0x30, 0x2c, 0x20, 0x31, 0x2e, 0x30, 0x29,
  0x3b, 0x0a, 0x23, 0x65, 0x6e, 0x64, 0x69, 0x66, 0x0a, 0x09, 0x0a, 0x09,
  0x66, 0x6c, 0x6f, 0x61, 0x74, 0x20, 0x6c, 0x69, 0x67, 0x68, 0x74, 0x44,
  0x69, 0x73, 0x74, 0x20, 0x3d, 0x20, 0x6c, 0x65, 0x6e, 0x67, 0x74, 0x68,
  0x28, 0x6c, 0x69, 0x67, 0x68, 0x74, 0x54, 0x6f, 0x50, 0x6f, 0x73, 0x29,
  0x3b, 0x0a, 0x09, 0x66, 0x6c, 0x6f, 0x61, 0x74, 0x20, 0x64, 0x69, 0x73,
  0x74, 0x3b, 0x0a, 0x0a, 0x23, 0x69, 0x66, 0x20, 0x64, 0x65, 0x66, 0x69,
  0x6e, 0x65, 0x64, 0x28, 0x55, 0x53, 0x45, 0x5f, 0x44, 0x49, 0x53, 0x43,
  0x41, 0x52, 0x44, 0x29, 0x0a, 0x09, 0x69, 0x66, 0x20, 0x28, 0x64, 0x6f,
  0x74, 0x28, 0x75, 0x5f, 0x4c, 0x69, 0x67, 0x68, 0x74, 0x46, 0x6f, 0x72,
  0x77, 0x61, 0x72, 0x64, 0x2c, 0x20, 0x6c, 0x69, 0x67, 0x68, 0x74, 0x54,
  0x6f, 0x50, 0x6f, 0x73, 0x29, 0x20, 0x3c, 0x3d, 0x20, 0x30, 0x2e, 0x30,
  0x29, 0x0a, 0x09, 0x7b, 0x0a, 0x09, 0x09, 0x64, 0x69, 0x73, 0x63, 0x61,
  0x72, 0x64, 0x3b, 0x0a, 0x09, 0x7d, 0x0a, 0x0a, 0x09, 0x69, 0x66, 0x20,
  0x28, 0x64, 0x6f, 0x74, 0x28, 0x76, 0x61, 0x72, 0x5f, 0x4e, 0x6f, 0x72,
  0x6d, 0x61, 0x6c, 0x2c, 0x20, 0x6c, 0x69, 0x67, 0x68, 0x74, 0x54, 0x6f,
  0x50, 0x6f, 0x73, 0x29, 0x20, 0x3e, 0x20, 0x30, 0x2e, 0x30, 0x29, 0x0a,
  0x09, 0x7b, 0x0a, 0x09, 0x09, 0x64, 0x69, 0x73, 0x63, 0x61, 0x72, 0x64,
  0x3b, 0x0a, 0x09, 0x7d, 0x0a, 0x23, 0x65, 0x6c, 0x73, 0x65, 0x0a, 0x09,
  0x69, 0x6e, 0x74, 0x65, 0x6e, 0x73, 0x69, 0x74, 0x79, 0x20, 0x2a, 0x3d,
  0x20, 0x6d, 0x61, 0x78, 0x28, 0x73, 0x69, 0x67, 0x6e, 0x28, 0x64, 0x6f,
  0x74, 0x28, 0x75, 0x5f, 0x4c, 0x69, 0x67, 0x68, 0x74, 0x46, 0x6f, 0x72,
  0x77, 0x61, 0x72, 0x64, 0x2c, 0x20, 0x6c, 0x69, 0x67, 0x68, 0x74, 0x54,
  0x6f, 0x50, 0x6f, 0x73, 0x29, 0x29, 0x2c, 0x20, 0x30, 0x2e, 0x30, 0x29,
  0x3b, 0x0a, 0x09, 0x69, 0x6e, 0x74, 0x65, 0x6e, 0x73, 0x69, 0x74, 0x79,
  0x20, 0x2a, 0x3d, 0x20, 0x6d, 0x61, 0x78, 0x28, 0x73, 0x69, 0x67, 0x6e,
  0x28, 0x2d, 0x64, 0x6f, 0x74, 0x28, 0x76, 0x61, 0x72, 0x5f, 0x4e, 0x6f,
  0x72, 0x6d, 0x61, 0x6c, 0x2c, 0x20, 0x6c, 0x69, 0x67, 0x68, 0x74, 0x54,
  0x6f, 0x50, 0x6f, 0x73, 0x29, 0x29, 0x2c, 0x20, 0x30, 0x2e, 0x30, 0x29,
  0x3b, 0x0a, 0x23, 0x65, 0x6e, 0x64, 0x69, 0x66, 0x0a, 0x0a, 0x09, 0x69,
  0x6e, 0x74, 0x65, 0x6e, 0x73, 0x69, 0x74, 0x79, 0x20, 0x2a, 0x3d, 0x20,
  0x66, 0x61, 0x64, 0x65, 0x3b, 0x0a, 0x0a, 0x09, 0x66, 0x6c, 0x6f, 0x61,
  0x74, 0x20, 0x70, 0x61, 0x72, 0x74, 0x3b, 0x0a, 0x23, 0x69, 0x66, 0x20,
  0x64, 0x65, 0x66, 0x69, 0x6e, 0x65, 0x64, 0x28, 0x55, 0x53, 0x45, 0x5f,
  0x50, 0x43, 0x46, 0x29, 0x0a, 0x09, 0x70, 0x61, 0x72, 0x74, 0x20, 0x20,
  0x3d, 0x20, 0x66, 0x6c, 0x6f, 0x61, 0x74, 0x28, 0x74, 0x65, 0x78, 0x74,
  0x75, 0x72, 0x65, 0x32, 0x44, 0x28, 0x75, 0x5f, 0x53, 0x68, 0x61, 0x64,
  0x6f, 0x77, 0x4d, 0x61, 0x70, 0x2c, 0x20, 0x73, 0x74, 0x20, 0x2b, 0x20,
  0x76, 0x65, 0x63, 0x32, 0x28, 0x2d, 0x31, 0x2e, 0x30, 0x2f, 0x35, 0x31,
  0x32, 0x2e, 0x30, 0x2c, 0x20, 0x2d, 0x31, 0x2e, 0x30, 0x2f, 0x35, 0x31,
  0x32, 0x2e, 0x30, 0x29, 0x29, 0x2e, 0x72, 0x20, 0x21, 0x3d, 0x20, 0x31,
  0x2e, 0x30, 0x29, 0x3b, 0x0a, 0x09, 0x70, 0x61, 0x72, 0x74, 0x20, 0x2b,
  0x3d, 0x20, 0x66, 0x6c, 0x6f, 0x61, 0x74, 0x28, 0x74, 0x65, 0x78, 0x74,
  0x75, 0x72, 0x65, 0x32, 0x44, 0x28, 0x75, 0x5f, 0x53, 0x68, 0x61, 0x64,
  0x6f, 0x77, 0x4d, 0x61, 0x70, 0x2c, 0x20, 0x73, 0x74, 0x20, 0x2b, 0x20,
  0x76, 0x65, 0x63, 0x32, 0x28, 0x20, 0x31, 0x2e, 0x30, 0x2f, 0x35, 0x31,
  0x32, 0x2e, 0x30, 0x2c, 0x20, 0x2d, 0x31, 0x2e, 0x30, 0x2f, 0x35, 0x31,
  0x32, 0x2e, 0x30, 0x29, 0x29, 0x2e, 0x72, 0x20, 0x21, 0x3d, 0x20, 0x31,
  0x2e, 0x30, 0x29, 0x3b, 0x0a, 0x09, 0x70, 0x61, 0x72, 0x74, 0x20, 0x2b,
  0x3d, 0x20, 0x66, 0x6c, 0x6f, 0x61, 0x74, 0x28, 0x74, 0x65, 0x78, 0x74,
  0x75, 0x72, 0x65, 0x32, 0x44, 0x28, 0x75, 0x5f, 0x53, 0x68, 0x61, 0x64,
  0x6f, 0x77, 0x4d, 0x61, 0x70, 0x2c, 0x20, 0x73, 0x74, 0x20, 0x2b, 0x20,
  0x76, 0x65, 0x63, 0x32, 0x28, 0x2d, 0x31, 0x2e, 0x30, 0x2f, 0x35, 0x31,
  0x32, 0x2e, 0x30, 0x2c, 0x20, 0x20, 0x31, 0x2e, 0x30, 0x2f, 0x35, 0x31,
  0x32, 0x2e, 0x30, 0x29, 0x29, 0x2e, 0x72, 0x20, 0x21, 0x3d, 0x20, 0x31,
  0x2e, 0x30, 0x29, 0x3b, 0x0a, 0x09, 0x70, 0x61, 0x72, 0x74, 0x20, 0x2b,
  0x3d, 0x20, 0x66, 0x6c, 0x6f, 0x61, 0x74, 0x28, 0x74, 0x65, 0x78, 0x74,
  0x75, 0x72, 0x65, 0x32, 0x44, 0x28, 0x75, 0x5f, 0x53, 0x68, 0x61, 0x64,
  0x6f, 0x77, 0x4d, 0x61, 0x70, 0x2c, 0x20, 0x73, 0x74, 0x20, 0x2b, 0x20,
  0x76, 0x65, 0x63, 0x32, 0x28, 0x20, 0x31, 0x2e, 0x30, 0x2f, 0x35, 0x31,
  0x32, 0x2e, 0x30, 0x2c, 0x20, 0x20, 0x31, 0x2e, 0x30, 0x2f, 0x35, 0x31,
  0x32, 0x2e, 0x30, 0x29, 0x29, 0x2e, 0x72, 0x20, 0x21, 0x3d, 0x20, 0x31,
  0x2e, 0x30, 0x29, 0x3b, 0x0a, 0x23, 0x65, 0x6c, 0x73, 0x65, 0x0a, 0x09,
  0x70, 0x61, 0x72, 0x74, 0x20, 0x20, 0x3d, 0x20, 0x66, 0x6c, 0x6f, 0x61,
  0x74, 0x28, 0x74, 0x65, 0x78, 0x74, 0x75, 0x72, 0x65, 0x32, 0x44, 0x28,
  0x75, 0x5f, 0x53, 0x68, 0x61, 0x64, 0x6f, 0x77, 0x4d, 0x61, 0x70, 0x2c,
  0x20, 0x73, 0x74, 0x29, 0x2e, 0x72, 0x20, 0x21, 0x3d, 0x20, 0x31, 0x2e,
  0x30, 0x29, 0x3b, 0x0a, 0x23, 0x65, 0x6e, 0x64, 0x69, 0x66, 0x0a, 0x0a,
  0x09, 0x69, 0x66, 0x20, 0x28, 0x70, 0x61, 0x72, 0x74, 0x20, 0x3c, 0x3d,
  0x20, 0x30, 0x2e, 0x30, 0x29, 0x0a, 0x09, 0x7b, 0x0a, 0x09, 0x09, 0x64,
  0x69, 0x73, 0x63, 0x61, 0x72, 0x64, 0x3b, 0x0a, 0x09, 0x7d, 0x0a, 0x0a,
  0x23, 0x69, 0x66, 0x20, 0x64, 0x65, 0x66, 0x69, 0x6e, 0x65, 0x64, 0x28,
  0x55, 0x53, 0x45, 0x5f, 0x50, 0x43, 0x46, 0x29, 0x0a, 0x09, 0x69, 0x6e,
  0x74, 0x65, 0x6e, 0x73, 0x69, 0x74, 0x79, 0x20, 0x2a, 0x3d, 0x20, 0x70,
  0x61, 0x72, 0x74, 0x20, 0x2a, 0x20, 0x30, 0x2e, 0x32, 0x35, 0x3b, 0x0a,
  0x23, 0x65, 0x6c, 0x73, 0x65, 0x0a, 0x09, 0x69, 0x6e, 0x74, 0x65, 0x6e,
  0x73, 0x69, 0x74, 0x79, 0x20, 0x2a, 0x3d, 0x20, 0x70, 0x61, 0x72, 0x74,
  0x3b, 0x0a, 0x23, 0x65, 0x6e, 0x64, 0x69, 0x66, 0x0a, 0x0a, 0x09, 0x67,
  0x6c, 0x5f, 0x46, 0x72, 0x61, 0x67, 0x43, 0x6f, 0x6c, 0x6f, 0x72, 0x2e,
  0x72, 0x67, 0x62, 0x20, 0x3d, 0x20, 0x76, 0x65, 0x63, 0x33, 0x28, 0x30,
  0x29, 0x3b, 0x0a, 0x09, 0x67, 0x6c, 0x5f, 0x46, 0x72, 0x61, 0x67, 0x43,
  0x6f, 0x6c, 0x6f, 0x72, 0x2e, 0x61, 0x20, 0x3d, 0x20, 0x63, 0x6c, 0x61,
  0x6d, 0x70, 0x28, 0x69, 0x6e, 0x74, 0x65, 0x6e, 0x73, 0x69, 0x74, 0x79,
  0x2c, 0x20, 0x30, 0x2e, 0x30, 0x2c, 0x20, 0x30, 0x2e, 0x37, 0x35, 0x29,
  0x3b, 0x0a, 0x7d, 0x0a
};
unsigned int fallbackShader_pshadow_fp_len = 1792;
unsigned char fallbackShader_pshadow_vp[] = {
  0x61, 0x74, 0x74, 0x72, 0x69, 0x62, 0x75, 0x74, 0x65, 0x20, 0x76, 0x65,
  0x63, 0x33, 0x20, 0x61, 0x74, 0x74, 0x72, 0x5f, 0x50, 0x6f, 0x73, 0x69,
  0x74, 0x69, 0x6f, 0x6e, 0x3b, 0x0a, 0x61, 0x74, 0x74, 0x72, 0x69, 0x62,
  0x75, 0x74, 0x65, 0x20, 0x76, 0x65, 0x63, 0x33, 0x20, 0x61, 0x74, 0x74,
  0x72, 0x5f, 0x4e, 0x6f, 0x72, 0x6d, 0x61, 0x6c, 0x3b, 0x0a, 0x0a, 0x75,
  0x6e, 0x69, 0x66, 0x6f, 0x72, 0x6d, 0x20, 0x6d, 0x61, 0x74, 0x34, 0x20,
  0x20, 0x20, 0x75, 0x5f, 0x4d, 0x6f, 0x64, 0x65, 0x6c, 0x56, 0x69, 0x65,
  0x77, 0x50, 0x72, 0x6f, 0x6a, 0x65, 0x63, 0x74, 0x69, 0x6f, 0x6e, 0x4d,
  0x61, 0x74, 0x72, 0x69, 0x78, 0x3b, 0x0a, 0x76, 0x61, 0x72, 0x79, 0x69,
  0x6e, 0x67, 0x20, 0x76, 0x65, 0x63, 0x33, 0x20, 0x20, 0x20, 0x76, 0x61,
  0x72, 0x5f, 0x50, 0x6f, 0x73, 0x69, 0x74, 0x69, 0x6f, 0x6e, 0x3b, 0x0a,
  0x76, 0x61, 0x72, 0x79, 0x69, 0x6e, 0x67, 0x20, 0x76, 0x65, 0x63, 0x33,
  0x20, 0x20, 0x20, 0x76, 0x61, 0x72, 0x5f, 0x4e, 0x6f, 0x72, 0x6d, 0x61,
  0x6c, 0x3b, 0x0a, 0x0a, 0x0a, 0x76, 0x6f, 0x69, 0x64, 0x20, 0x6d, 0x61,
  0x69, 0x6e, 0x28, 0x29, 0x0a, 0x7b, 0x0a, 0x09, 0x67, 0x6c, 0x5f, 0x50,
  0x6f, 0x73, 0x69, 0x74, 0x69, 0x6f, 0x6e, 0x20, 0x3d, 0x20, 0x75, 0x5f,
  0x4d, 0x6f, 0x64, 0x65, 0x6c, 0x56, 0x69, 0x65, 0x77, 0x50, 0x72, 0x6f,
  0x6a, 0x65, 0x63, 0x74, 0x69, 0x6f, 0x6e, 0x4d, 0x61, 0x74, 0x72, 0x69,
  0x78, 0x20, 0x2a, 0x20, 0x76, 0x65, 0x63, 0x34, 0x28, 0x61, 0x74, 0x74,
  0x72, 0x5f, 0x50, 0x6f, 0x73, 0x69, 0x74, 0x69, 0x6f, 0x6e, 0x2c, 0x20,
  0x31, 0x2e, 0x30, 0x29, 0x3b, 0x0a, 0x0a, 0x09, 0x76, 0x61, 0x72, 0x5f,
  0x50, 0x6f, 0x73, 0x69, 0x74, 0x69, 0x6f, 0x6e, 0x20, 0x20, 0x3d, 0x20,
  0x61, 0x74, 0x74, 0x72, 0x5f, 0x50, 0x6f, 0x73, 0x69, 0x74, 0x69, 0x6f,
  0x6e, 0x3b, 0x0a, 0x09, 0x76, 0x61, 0x72, 0x5f, 0x4e, 0x6f, 0x72, 0x6d,
  0x61, 0x6c, 0x20, 0x20, 0x20, 0x20, 0x3d, 0x20, 0x61, 0x74, 0x74, 0x72,
  0x5f, 0x4e, 0x6f, 0x72, 0x6d, 0x61, 0x6c, 0x3b, 0x0a, 0x7d, 0x0a
};
unsigned int fallbackShader_pshadow_vp_len = 311;
unsigned char fallbackShader_shadowfill_fp[] = {
  0x75, 0x6e, 0x69, 0x66, 0x6f, 0x72, 0x6d, 0x20, 0x76, 0x65, 0x63, 0x34,
  0x20, 0x20, 0x75, 0x5f, 0x4c, 0x69, 0x67, 0x68, 0x74, 0x4f, 0x72, 0x69,
  0x67, 0x69, 0x6e, 0x3b, 0x0a, 0x75, 0x6e, 0x69, 0x66, 0x6f, 0x72, 0x6d,
  0x20, 0x66, 0x6c, 0x6f, 0x61, 0x74, 0x20, 0x75, 0x5f, 0x4c, 0x69, 0x67,
  0x68, 0x74, 0x52, 0x61, 0x64, 0x69, 0x75, 0x73, 0x3b, 0x0a, 0x0a, 0x76,
  0x61, 0x72, 0x79, 0x69, 0x6e, 0x67, 0x20, 0x76, 0x65, 0x63, 0x33, 0x20,
  0x20, 0x76, 0x61, 0x72, 0x5f, 0x50, 0x6f, 0x73, 0x69, 0x74, 0x69, 0x6f,
  0x6e, 0x3b, 0x0a, 0x0a, 0x76, 0x6f, 0x69, 0x64, 0x20, 0x6d, 0x61, 0x69,
  0x6e, 0x28, 0x29, 0x0a, 0x7b, 0x0a, 0x23, 0x69, 0x66, 0x20, 0x64, 0x65,
  0x66, 0x69, 0x6e, 0x65, 0x64, 0x28, 0x55, 0x53, 0x45, 0x5f, 0x44, 0x45,
  0x50, 0x54, 0x48, 0x29, 0x0a, 0x09, 0x66, 0x6c, 0x6f, 0x61, 0x74, 0x20,
  0x64, 0x65, 0x70, 0x74, 0x68, 0x20, 0x3d, 0x20, 0x6c, 0x65, 0x6e, 0x67,
  0x74, 0x68, 0x28, 0x75, 0x5f, 0x4c, 0x69, 0x67, 0x68, 0x74, 0x4f, 0x72,
  0x69, 0x67, 0x69, 0x6e, 0x2e, 0x78, 0x79, 0x7a, 0x20, 0x2d, 0x20, 0x76,
  0x61, 0x72, 0x5f, 0x50, 0x6f, 0x73, 0x69, 0x74, 0x69, 0x6f, 0x6e, 0x29,
  0x20, 0x2f, 0x20, 0x75, 0x5f, 0x4c, 0x69, 0x67, 0x68, 0x74, 0x52, 0x61,
  0x64, 0x69, 0x75, 0x73, 0x3b, 0x0a, 0x20, 0x23, 0x69, 0x66, 0x20, 0x30,
  0x0a, 0x09, 0x2f, 0x2f, 0x20, 0x33, 0x32, 0x20, 0x62, 0x69, 0x74, 0x20,
  0x70, 0x72, 0x65, 0x63, 0x69, 0x73, 0x69, 0x6f, 0x6e, 0x0a, 0x09, 0x63,
  0x6f, 0x6e, 0x73, 0x74, 0x20, 0x76, 0x65, 0x63, 0x34, 0x20, 0x62, 0x69,
  0x74, 0x53, 0x68, 0x20, 0x3d, 0x20, 0x76, 0x65, 0x63, 0x34, 0x28, 0x20,
  0x32, 0x35, 0x36, 0x20, 0x2a, 0x20, 0x32, 0x35, 0x36, 0x20, 0x2a, 0x20,
  0x32, 0x35, 0x36, 0x2c, 0x20, 0x20, 0x20, 0x32, 0x35, 0x36, 0x20, 0x2a,
  0x20, 0x32, 0x35, 0x36, 0x2c, 0x20, 0x20, 0x20, 0x20, 0x20, 0x20, 0x20,
  0x20, 0x20, 0x32, 0x35, 0x36, 0x2c, 0x20, 0x20, 0x20, 0x20, 0x20, 0x20,
  0x20, 0x20, 0x20, 0x20, 0x20, 0x31, 0x29, 0x3b, 0x0a, 0x09, 0x63, 0x6f,
  0x6e, 0x73, 0x74, 0x20, 0x76, 0x65, 0x63, 0x34, 0x20, 0x62, 0x69, 0x74,
  0x4d, 0x73, 0x6b, 0x20, 0x3d, 0x20, 0x76, 0x65, 0x63, 0x34, 0x28, 0x20,
  0x20, 0x20, 0x20, 0x20, 0x20, 0x20, 0x20, 0x20, 0x20, 0x20, 0x20, 0x20,
  0x20, 0x30, 0x2c, 0x20, 0x31, 0x2e, 0x30, 0x20, 0x2f, 0x20, 0x32, 0x35,
  0x36, 0x2e, 0x30, 0x2c, 0x20, 0x31, 0x2e, 0x30, 0x20, 0x2f, 0x20, 0x32,
  0x35, 0x36, 0x2e, 0x30, 0x2c, 0x20, 0x31, 0x2e, 0x30, 0x20, 0x2f, 0x20,
  0x32, 0x35, 0x36, 0x2e, 0x30, 0x29, 0x3b, 0x0a, 0x09, 0x0a, 0x09, 0x76,
  0x65, 0x63, 0x34, 0x20, 0x63, 0x6f, 0x6d, 0x70, 0x3b, 0x0a, 0x09, 0x63,
  0x6f, 0x6d, 0x70, 0x20, 0x3d, 0x20, 0x64, 0x65, 0x70, 0x74, 0x68, 0x20,
  0x2a, 0x20, 0x62, 0x69, 0x74, 0x53, 0x68, 0x3b, 0x0a, 0x09, 0x63, 0x6f,
  0x6d, 0x70, 0x2e, 0x78, 0x79, 0x7a, 0x20, 0x3d, 0x20, 0x66, 0x72, 0x61,
  0x63, 0x74, 0x28, 0x63, 0x6f, 0x6d, 0x70, 0x2e, 0x78, 0x79, 0x7a, 0x29,
  0x3b, 0x0a, 0x09, 0x63, 0x6f, 0x6d, 0x70, 0x20, 0x2d, 0x3d, 0x20, 0x63,
  0x6f, 0x6d, 0x70, 0x2e, 0x78, 0x78, 0x79, 0x7a, 0x20, 0x2a, 0x20, 0x62,
  0x69, 0x74, 0x4d, 0x73, 0x6b, 0x3b, 0x0a, 0x09, 0x67, 0x6c, 0x5f, 0x46,
  0x72, 0x61, 0x67, 0x43, 0x6f, 0x6c, 0x6f, 0x72, 0x20, 0x3d, 0x20, 0x63,
  0x6f, 0x6d, 0x70, 0x3b, 0x0a, 0x20, 0x23, 0x65, 0x6e, 0x64, 0x69, 0x66,
  0x0a, 0x0a, 0x20, 0x23, 0x69, 0x66, 0x20, 0x31, 0x0a, 0x09, 0x2f, 0x2f,
  0x20, 0x32, 0x34, 0x20, 0x62, 0x69, 0x74, 0x20, 0x70, 0x72, 0x65, 0x63,
  0x69, 0x73, 0x69, 0x6f, 0x6e, 0x0a, 0x09, 0x63, 0x6f, 0x6e, 0x73, 0x74,
  0x20, 0x76, 0x65, 0x63, 0x33, 0x20, 0x62, 0x69, 0x74, 0x53, 0x68, 0x20,
  0x3d, 0x20, 0x76, 0x65, 0x63, 0x33, 0x28, 0x20, 0x32, 0x35, 0x36, 0x20,
  0x2a, 0x20, 0x32, 0x35, 0x36, 0x2c, 0x20, 0x20, 0x20, 0x20, 0x20, 0x20,
  0x20, 0x20, 0x20, 0x32, 0x35, 0x36, 0x2c, 0x20, 0x20, 0x20, 0x20, 0x20,
  0x20, 0x20, 0x20, 0x20, 0x20, 0x20, 0x31, 0x29, 0x3b, 0x0a, 0x09, 0x63,
  0x6f, 0x6e, 0x73, 0x74, 0x20, 0x76, 0x65, 0x63, 0x33, 0x20, 0x62, 0x69,
  0x74, 0x4d, 0x73, 0x6b, 0x20, 0x3d, 0x20, 0x76, 0x65, 0x63, 0x33, 0x28,
  0x20, 0x20, 0x20, 0x20, 0x20, 0x20, 0x20, 0x20, 0x30, 0x2c, 0x20, 0x31,
  0x2e, 0x30, 0x20, 0x2f, 0x20, 0x32, 0x35, 0x36, 0x2e, 0x30, 0x2c, 0x20,
  0x31, 0x2e, 0x30, 0x20, 0x2f, 0x20, 0x32, 0x35, 0x36, 0x2e, 0x30, 0x29,
  0x3b, 0x0a, 0x09, 0x0a, 0x09, 0x76, 0x65, 0x63, 0x33, 0x20, 0x63, 0x6f,
  0x6d, 0x70, 0x3b, 0x0a, 0x09, 0x63, 0x6f, 0x6d, 0x70, 0x20, 0x3d, 0x20,
  0x64, 0x65, 0x70, 0x74, 0x68, 0x20, 0x2a, 0x20, 0x62, 0x69, 0x74, 0x53,
  0x68, 0x3b, 0x0a, 0x09, 0x63, 0x6f, 0x6d, 0x70, 0x2e, 0x78, 0x79, 0x20,
  0x3d, 0x20, 0x66, 0x72, 0x61, 0x63, 0x74, 0x28, 0x63, 0x6f, 0x6d, 0x70,
  0x2e, 0x78, 0x79, 0x29, 0x3b, 0x0a, 0x09, 0x63, 0x6f, 0x6d, 0x70, 0x20,
  0x2d, 0x3d, 0x20, 0x63, 0x6f, 0x6d, 0x70, 0x2e, 0x78, 0x78, 0x79, 0x20,
  0x2a, 0x20, 0x62, 0x69, 0x74, 0x4d, 0x73, 0x6b, 0x3b, 0x0a, 0x09, 0x67,
  0x6c, 0x5f, 0x46, 0x72, 0x61, 0x67, 0x43, 0x6f, 0x6c, 0x6f, 0x72, 0x20,
  0x3d, 0x20, 0x76, 0x65, 0x63, 0x34, 0x28, 0x63, 0x6f, 0x6d, 0x70, 0x2c,
  0x20, 0x31, 0x2e, 0x30, 0x29, 0x3b, 0x0a, 0x20, 0x23, 0x65, 0x6e, 0x64,
  0x69, 0x66, 0x0a, 0x0a, 0x20, 0x23, 0x69, 0x66, 0x20, 0x30, 0x0a, 0x09,
  0x2f, 0x2f, 0x20, 0x38, 0x20, 0x62, 0x69, 0x74, 0x20, 0x70, 0x72, 0x65,
  0x63, 0x69, 0x73, 0x69, 0x6f, 0x6e, 0x0a, 0x09, 0x67, 0x6c, 0x5f, 0x46,
  0x72, 0x61, 0x67, 0x43, 0x6f, 0x6c, 0x6f, 0x72, 0x20, 0x3d, 0x20, 0x76,
  0x65, 0x63, 0x34, 0x28, 0x64, 0x65, 0x70, 0x74, 0x68, 0x2c, 0x20, 0x64,
  0x65, 0x70, 0x74, 0x68, 0x2c, 0x20, 0x64, 0x65, 0x70, 0x74, 0x68, 0x2c,
  0x20, 0x31, 0x29, 0x3b, 0x0a, 0x20, 0x23, 0x65, 0x6e, 0x64, 0x69, 0x66,
  0x0a, 0x23, 0x65, 0x6c, 0x73, 0x65, 0x0a, 0x09, 0x67, 0x6c, 0x5f, 0x46,
  0x72, 0x61, 0x67, 0x43, 0x6f, 0x6c, 0x6f, 0x72, 0x20, 0x3d, 0x20, 0x76,
  0x65, 0x63, 0x34, 0x28, 0x30, 0x2c, 0x20, 0x30, 0x2c, 0x20, 0x30, 0x2c,
  0x20, 0x31, 0x29, 0x3b, 0x0a, 0x23, 0x65, 0x6e, 0x64, 0x69, 0x66, 0x0a,
  0x7d, 0x0a
};
unsigned int fallbackShader_shadowfill_fp_len = 938;
unsigned char fallbackShader_shadowfill_vp[] = {
  0x61, 0x74, 0x74, 0x72, 0x69, 0x62, 0x75, 0x74, 0x65, 0x20, 0x76, 0x65,
  0x63, 0x33, 0x20, 0x20, 0x61, 0x74, 0x74, 0x72, 0x5f, 0x50, 0x6f, 0x73,
  0x69, 0x74, 0x69, 0x6f, 0x6e, 0x3b, 0x0a, 0x61, 0x74, 0x74, 0x72, 0x69,
  0x62, 0x75, 0x74, 0x65, 0x20, 0x76, 0x65, 0x63, 0x33, 0x20, 0x20, 0x61,
  0x74, 0x74, 0x72, 0x5f, 0x4e, 0x6f, 0x72, 0x6d, 0x61, 0x6c, 0x3b, 0x0a,
  0x61, 0x74, 0x74, 0x72, 0x69, 0x62, 0x75, 0x74, 0x65, 0x20, 0x76, 0x65,
  0x63, 0x34, 0x20, 0x20, 0x61, 0x74, 0x74, 0x72, 0x5f, 0x54, 0x65, 0x78,
  0x43, 0x6f, 0x6f, 0x72, 0x64, 0x30, 0x3b, 0x0a, 0x0a, 0x23, 0x69, 0x66,
  0x20, 0x64, 0x65, 0x66, 0x69, 0x6e, 0x65, 0x64, 0x28, 0x55, 0x53, 0x45,
  0x5f, 0x56, 0x45, 0x52, 0x54, 0x45, 0x58, 0x5f, 0x41, 0x4e, 0x49, 0x4d,
  0x41, 0x54, 0x49, 0x4f, 0x4e, 0x29, 0x0a, 0x61, 0x74, 0x74, 0x72, 0x69,
  0x62, 0x75, 0x74, 0x65, 0x20, 0x76, 0x65, 0x63, 0x33, 0x20, 0x20, 0x61,
  0x74, 0x74, 0x72, 0x5f, 0x50, 0x6f, 0x73, 0x69, 0x74, 0x69, 0x6f, 0x6e,
  0x32, 0x3b, 0x0a, 0x61, 0x74, 0x74, 0x72, 0x69, 0x62, 0x75, 0x74, 0x65,
  0x20, 0x76, 0x65, 0x63, 0x33, 0x20, 0x20, 0x61, 0x74, 0x74, 0x72, 0x5f,
  0x4e, 0x6f, 0x72, 0x6d, 0x61, 0x6c, 0x32, 0x3b, 0x0a, 0x23, 0x65, 0x6c,
  0x69, 0x66, 0x20, 0x64, 0x65, 0x66, 0x69, 0x6e, 0x65, 0x64, 0x28, 0x55,
  0x53, 0x45, 0x5f, 0x42, 0x4f, 0x4e, 0x45, 0x5f, 0x41, 0x4e, 0x49, 0x4d,
  0x41, 0x54, 0x49, 0x4f, 0x4e, 0x29, 0x0a, 0x61, 0x74, 0x74, 0x72, 0x69,
  0x62, 0x75, 0x74, 0x65, 0x20, 0x76, 0x65, 0x63, 0x34, 0x20, 0x61, 0x74,
  0x74, 0x72, 0x5f, 0x42, 0x6f, 0x6e, 0x65, 0x49, 0x6e, 0x64, 0x65, 0x78,
  0x65, 0x73, 0x3b, 0x0a, 0x61, 0x74, 0x74, 0x72, 0x69, 0x62, 0x75, 0x74,
  0x65, 0x20, 0x76, 0x65, 0x63, 0x34, 0x20, 0x61, 0x74, 0x74, 0x72, 0x5f,
  0x42, 0x6f, 0x6e, 0x65, 0x57, 0x65, 0x69, 0x67, 0x68, 0x74, 0x73, 0x3b,
  0x0a, 0x23, 0x65, 0x6e, 0x64, 0x69, 0x66, 0x0a, 0x0a, 0x2f, 0x2f, 0x23,
  0x69, 0x66, 0x20, 0x64, 0x65, 0x66, 0x69, 0x6e, 0x65, 0x64, 0x28, 0x55,
  0x53, 0x45, 0x5f, 0x44, 0x45, 0x46, 0x4f, 0x52, 0x4d, 0x5f, 0x56, 0x45,
  0x52, 0x54, 0x45, 0x58, 0x45, 0x53, 0x29, 0x0a, 0x75, 0x6e, 0x69, 0x66,
  0x6f, 0x72, 0x6d, 0x20, 0x69, 0x6e, 0x74, 0x20, 0x20, 0x20, 0x20, 0x20,
  0x75, 0x5f, 0x44, 0x65, 0x66, 0x6f, 0x72, 0x6d, 0x47, 0x65, 0x6e, 0x3b,
  0x0a, 0x75, 0x6e, 0x69, 0x66, 0x6f, 0x72, 0x6d, 0x20, 0x66, 0x6c, 0x6f,
  0x61, 0x74, 0x20, 0x20, 0x20, 0x20, 0x75, 0x5f, 0x44, 0x65, 0x66, 0x6f,
  0x72, 0x6d, 0x50, 0x61, 0x72, 0x61, 0x6d, 0x73, 0x5b, 0x35, 0x5d, 0x3b,
  0x0a, 0x2f, 0x2f, 0x23, 0x65, 0x6e, 0x64, 0x69, 0x66, 0x0a, 0x0a, 0x75,
  0x6e, 0x69, 0x66, 0x6f, 0x72, 0x6d, 0x20, 0x66, 0x6c, 0x6f, 0x61, 0x74,
  0x20, 0x20, 0x20, 0x75, 0x5f, 0x54, 0x69, 0x6d, 0x65, 0x3b, 0x0a, 0x75,
  0x6e, 0x69, 0x66, 0x6f, 0x72, 0x6d, 0x20, 0x6d, 0x61, 0x74, 0x34, 0x20,
  0x20, 0x20, 0x20, 0x75, 0x5f, 0x4d, 0x6f, 0x64, 0x65, 0x6c, 0x56, 0x69,
  0x65, 0x77, 0x50, 0x72, 0x6f, 0x6a, 0x65, 0x63, 0x74, 0x69, 0x6f, 0x6e,
  0x4d, 0x61, 0x74, 0x72, 0x69, 0x78, 0x3b, 0x0a, 0x0a, 0x75, 0x6e, 0x69,
  0x66, 0x6f, 0x72, 0x6d, 0x20, 0x6d, 0x61, 0x74, 0x34, 0x20, 0x20, 0x20,
  0x75, 0x5f, 0x4d, 0x6f, 0x64, 0x65, 0x6c, 0x4d, 0x61, 0x74, 0x72, 0x69,
  0x78, 0x3b, 0x0a, 0x0a, 0x23, 0x69, 0x66, 0x20, 0x64, 0x65, 0x66, 0x69,
  0x6e, 0x65, 0x64, 0x28, 0x55, 0x53, 0x45, 0x5f, 0x56, 0x45, 0x52, 0x54,
  0x45, 0x58, 0x5f, 0x41, 0x4e, 0x49, 0x4d, 0x41, 0x54, 0x49, 0x4f, 0x4e,
  0x29, 0x0a, 0x75, 0x6e, 0x69, 0x66, 0x6f, 0x72, 0x6d, 0x20, 0x66, 0x6c,
  0x6f, 0x61, 0x74, 0x20, 0x20, 0x20, 0x75, 0x5f, 0x56, 0x65, 0x72, 0x74,
  0x65, 0x78, 0x4c, 0x65, 0x72, 0x70, 0x3b, 0x0a, 0x23, 0x65, 0x6c, 0x69,
  0x66, 0x20, 0x64, 0x65, 0x66, 0x69, 0x6e, 0x65, 0x64, 0x28, 0x55, 0x53,
  0x45, 0x5f, 0x42, 0x4f, 0x4e, 0x45, 0x5f, 0x41, 0x4e, 0x49, 0x4d, 0x41,
  0x54, 0x49, 0x4f, 0x4e, 0x29, 0x0a, 0x75, 0x6e, 0x69, 0x66, 0x6f, 0x72,
  0x6d, 0x20, 0x6d, 0x61, 0x74, 0x34, 0x20, 0x75, 0x5f, 0x42, 0x6f, 0x6e,
  0x65, 0x4d, 0x61, 0x74, 0x72, 0x69, 0x78, 0x5b, 0x4d, 0x41, 0x58, 0x5f,
  0x47, 0x4c, 0x53, 0x4c, 0x5f, 0x42, 0x4f, 0x4e, 0x45, 0x53, 0x5d, 0x3b,
  0x0a, 0x23, 0x65, 0x6e, 0x64, 0x69, 0x66, 0x0a, 0x0a, 0x76, 0x61, 0x72,
  0x79, 0x69, 0x6e, 0x67, 0x20, 0x76, 0x65, 0x63, 0x33, 0x20, 0x20, 0x20,
  0x20, 0x76, 0x61, 0x72, 0x5f, 0x50, 0x6f, 0x73, 0x69, 0x74, 0x69, 0x6f,
  0x6e, 0x3b, 0x0a, 0x0a, 0x76, 0x65, 0x63, 0x33, 0x20, 0x44, 0x65, 0x66,
  0x6f, 0x72, 0x6d, 0x50, 0x6f, 0x73, 0x69, 0x74, 0x69, 0x6f, 0x6e, 0x28,
  0x63, 0x6f, 0x6e, 0x73, 0x74, 0x20, 0x76, 0x65, 0x63, 0x33, 0x20, 0x70,
  0x6f, 0x73, 0x2c, 0x20, 0x63, 0x6f, 0x6e, 0x73, 0x74, 0x20, 0x76, 0x65,
  0x63, 0x33, 0x20, 0x6e, 0x6f, 0x72, 0x6d, 0x61, 0x6c, 0x2c, 0x20, 0x63,
  0x6f, 0x6e, 0x73, 0x74, 0x20, 0x76, 0x65, 0x63, 0x32, 0x20, 0x73, 0x74,
  0x29, 0x0a, 0x7b, 0x0a, 0x09, 0x69, 0x66, 0x20, 0x28, 0x75, 0x5f, 0x44,
  0x65, 0x66, 0x6f, 0x72, 0x6d, 0x47, 0x65, 0x6e, 0x20, 0x3d, 0x3d, 0x20,
  0x30, 0x29, 0x0a, 0x09, 0x7b, 0x0a, 0x09, 0x09, 0x72, 0x65, 0x74, 0x75,
  0x72, 0x6e, 0x20, 0x70, 0x6f, 0x73, 0x3b, 0x0a, 0x09, 0x7d, 0x0a, 0x0a,
  0x09, 0x66, 0x6c, 0x6f, 0x61, 0x74, 0x20, 0x62, 0x61, 0x73, 0x65, 0x20,
  0x3d, 0x20, 0x20, 0x20, 0x20, 0x20, 0x20, 0x75, 0x5f, 0x44, 0x65, 0x66,
  0x6f, 0x72, 0x6d, 0x50, 0x61, 0x72, 0x61, 0x6d, 0x73, 0x5b, 0x30, 0x5d,
  0x3b, 0x0a, 0x09, 0x66, 0x6c, 0x6f, 0x61, 0x74, 0x20, 0x61, 0x6d, 0x70,
  0x6c, 0x69, 0x74, 0x75, 0x64, 0x65, 0x20, 0x3d, 0x20, 0x75, 0x5f, 0x44,
  0x65, 0x66, 0x6f, 0x72, 0x6d, 0x50, 0x61, 0x72, 0x61, 0x6d, 0x73, 0x5b,
  0x31, 0x5d, 0x3b, 0x0a, 0x09, 0x66, 0x6c, 0x6f, 0x61, 0x74, 0x20, 0x70,
  0x68, 0x61, 0x73, 0x65, 0x20, 0x3d, 0x20, 0x20, 0x20, 0x20, 0x20, 0x75,
  0x5f, 0x44, 0x65, 0x66, 0x6f, 0x72, 0x6d, 0x50, 0x61, 0x72, 0x61, 0x6d,
  0x73, 0x5b, 0x32, 0x5d, 0x3b, 0x0a, 0x09, 0x66, 0x6c, 0x6f, 0x61, 0x74,
  0x20, 0x66, 0x72, 0x65, 0x71, 0x75, 0x65, 0x6e, 0x63, 0x79, 0x20, 0x3d,
  0x20, 0x75, 0x5f, 0x44, 0x65, 0x66, 0x6f, 0x72, 0x6d, 0x50, 0x61, 0x72,
  0x61, 0x6d, 0x73, 0x5b, 0x33, 0x5d, 0x3b, 0x0a, 0x09, 0x66, 0x6c, 0x6f,
  0x61, 0x74, 0x20, 0x73, 0x70, 0x72, 0x65, 0x61, 0x64, 0x20, 0x3d, 0x20,
  0x20, 0x20, 0x20, 0x75, 0x5f, 0x44, 0x65, 0x66, 0x6f, 0x72, 0x6d, 0x50,
  0x61, 0x72, 0x61, 0x6d, 0x73, 0x5b, 0x34, 0x5d, 0x3b, 0x0a, 0x0a, 0x09,
  0x69, 0x66, 0x20, 0x28, 0x75, 0x5f, 0x44, 0x65, 0x66, 0x6f, 0x72, 0x6d,
  0x47, 0x65, 0x6e, 0x20, 0x3d, 0x3d, 0x20, 0x44, 0x47, 0x45, 0x4e, 0x5f,
  0x42, 0x55, 0x4c, 0x47, 0x45, 0x29, 0x0a, 0x09, 0x7b, 0x0a, 0x09, 0x09,
  0x70, 0x68, 0x61, 0x73, 0x65, 0x20, 0x2a, 0x3d, 0x20, 0x73, 0x74, 0x2e,
  0x78, 0x3b, 0x0a, 0x09, 0x7d, 0x0a, 0x09, 0x65, 0x6c, 0x73, 0x65, 0x20,
  0x2f, 0x2f, 0x20, 0x69, 0x66, 0x20, 0x28, 0x75, 0x5f, 0x44, 0x65, 0x66,
  0x6f, 0x72, 0x6d, 0x47, 0x65, 0x6e, 0x20, 0x3c, 0x3d, 0x20, 0x44, 0x47,
  0x45, 0x4e, 0x5f, 0x57, 0x41, 0x56, 0x45, 0x5f, 0x49, 0x4e, 0x56, 0x45,
  0x52, 0x53, 0x45, 0x5f, 0x53, 0x41, 0x57, 0x54, 0x4f, 0x4f, 0x54, 0x48,
  0x29, 0x0a, 0x09, 0x7b, 0x0a, 0x09, 0x09, 0x70, 0x68, 0x61, 0x73, 0x65,
  0x20, 0x2b, 0x3d, 0x20, 0x64, 0x6f, 0x74, 0x28, 0x70, 0x6f, 0x73, 0x2e,
  0x78, 0x79, 0x7a, 0x2c, 0x20, 0x76, 0x65, 0x63, 0x33, 0x28, 0x73, 0x70,
  0x72, 0x65, 0x61, 0x64, 0x29, 0x29, 0x3b, 0x0a, 0x09, 0x7d, 0x0a, 0x0a,
  0x09, 0x66, 0x6c, 0x6f, 0x61, 0x74, 0x20, 0x76, 0x61, 0x6c, 0x75, 0x65,
  0x20, 0x3d, 0x20, 0x70, 0x68, 0x61, 0x73, 0x65, 0x20, 0x2b, 0x20, 0x28,
  0x75, 0x5f, 0x54, 0x69, 0x6d, 0x65, 0x20, 0x2a, 0x20, 0x66, 0x72, 0x65,
  0x71, 0x75, 0x65, 0x6e, 0x63, 0x79, 0x29, 0x3b, 0x0a, 0x09, 0x66, 0x6c,
  0x6f, 0x61, 0x74, 0x20, 0x66, 0x75, 0x6e, 0x63, 0x3b, 0x0a, 0x0a, 0x09,
  0x69, 0x66, 0x20, 0x28, 0x75, 0x5f, 0x44, 0x65, 0x66, 0x6f, 0x72, 0x6d,
  0x47, 0x65, 0x6e, 0x20, 0x3d, 0x3d, 0x20, 0x44, 0x47, 0x45, 0x4e, 0x5f,
  0x57, 0x41, 0x56, 0x45, 0x5f, 0x53, 0x49, 0x4e, 0x29, 0x0a, 0x09, 0x7b,
  0x0a, 0x09, 0x09, 0x66, 0x75, 0x6e, 0x63, 0x20, 0x3d, 0x20, 0x73, 0x69,
  0x6e, 0x28, 0x76, 0x61, 0x6c, 0x75, 0x65, 0x20, 0x2a, 0x20, 0x32, 0x2e,
  0x30, 0x20, 0x2a, 0x20, 0x4d, 0x5f, 0x50, 0x49, 0x29, 0x3b, 0x0a, 0x09,
  0x7d, 0x0a, 0x09, 0x65, 0x6c, 0x73, 0x65, 0x20, 0x69, 0x66, 0x20, 0x28,
  0x75, 0x5f, 0x44, 0x65, 0x66, 0x6f, 0x72, 0x6d, 0x47, 0x65, 0x6e, 0x20,
  0x3d, 0x3d, 0x20, 0x44, 0x47, 0x45, 0x4e, 0x5f, 0x57, 0x41, 0x56, 0x45,
  0x5f, 0x53, 0x51, 0x55, 0x41, 0x52, 0x45, 0x29, 0x0a, 0x09, 0x7b, 0x0a,
  0x09, 0x09, 0x66, 0x75, 0x6e, 0x63, 0x20, 0x3d, 0x20, 0x73, 0x69, 0x67,
  0x6e, 0x28, 0x30, 0x2e, 0x35, 0x20, 0x2d, 0x20, 0x66, 0x72, 0x61, 0x63,
  0x74, 0x28, 0x76, 0x61, 0x6c, 0x75, 0x65, 0x29, 0x29, 0x3b, 0x0a, 0x09,
  0x7d, 0x0a, 0x09, 0x65, 0x6c, 0x73, 0x65, 0x20, 0x69, 0x66, 0x20, 0x28,
  0x75, 0x5f, 0x44, 0x65, 0x66, 0x6f, 0x72, 0x6d, 0x47, 0x65, 0x6e, 0x20,
  0x3d, 0x3d, 0x20, 0x44, 0x47, 0x45, 0x4e, 0x5f, 0x57, 0x41, 0x56, 0x45,
  0x5f, 0x54, 0x52, 0x49, 0x41, 0x4e, 0x47, 0x4c, 0x45, 0x29, 0x0a, 0x09,
  0x7b, 0x0a, 0x09, 0x09, 0x66, 0x75, 0x6e, 0x63, 0x20, 0x3d, 0x20, 0x61,
  0x62, 0x73, 0x28, 0x66, 0x72, 0x61, 0x63, 0x74, 0x28, 0x76, 0x61, 0x6c,
  0x75, 0x65, 0x20, 0x2b, 0x20, 0x30, 0x2e, 0x37, 0x35, 0x29, 0x20, 0x2d,
  0x20, 0x30, 0x2e, 0x35, 0x29, 0x20, 0x2a, 0x20, 0x34, 0x2e, 0x30, 0x20,
  0x2d, 0x20, 0x31, 0x2e, 0x30, 0x3b, 0x0a, 0x09, 0x7d, 0x0a, 0x09, 0x65,
  0x6c, 0x73, 0x65, 0x20, 0x69, 0x66, 0x20, 0x28, 0x75, 0x5f, 0x44, 0x65,
  0x66, 0x6f, 0x72, 0x6d, 0x47, 0x65, 0x6e, 0x20, 0x3d, 0x3d, 0x20, 0x44,
  0x47, 0x45, 0x4e, 0x5f, 0x57, 0x41, 0x56, 0x45, 0x5f, 0x53, 0x41, 0x57,
  0x54, 0x4f, 0x4f, 0x54, 0x48, 0x29, 0x0a, 0x09, 0x7b, 0x0a, 0x09, 0x09,
  0x66, 0x75, 0x6e, 0x63, 0x20, 0x3d, 0x20, 0x66, 0x72, 0x61, 0x63, 0x74,
  0x28, 0x76, 0x61, 0x6c, 0x75, 0x65, 0x29, 0x3b, 0x0a, 0x09, 0x7d, 0x0a,
  0x09, 0x65, 0x6c, 0x73, 0x65, 0x20, 0x69, 0x66, 0x20, 0x28, 0x75, 0x5f,
  0x44, 0x65, 0x66, 0x6f, 0x72, 0x6d, 0x47, 0x65, 0x6e, 0x20, 0x3d, 0x3d,
  0x20, 0x44, 0x47, 0x45, 0x4e, 0x5f, 0x57, 0x41, 0x56, 0x45, 0x5f, 0x49,
  0x4e, 0x56, 0x45, 0x52, 0x53, 0x45, 0x5f, 0x53, 0x41, 0x57, 0x54, 0x4f,
  0x4f, 0x54, 0x48, 0x29, 0x0a, 0x09, 0x7b, 0x0a, 0x09, 0x09, 0x66, 0x75,
  0x6e, 0x63, 0x20, 0x3d, 0x20, 0x28, 0x31, 0x2e, 0x30, 0x20, 0x2d, 0x20,
  0x66, 0x72, 0x61, 0x63, 0x74, 0x28, 0x76, 0x61, 0x6c, 0x75, 0x65, 0x29,
  0x29, 0x3b, 0x0a, 0x09, 0x7d, 0x0a, 0x09, 0x65, 0x6c, 0x73, 0x65, 0x20,
  0x2f, 0x2f, 0x20, 0x69, 0x66, 0x20, 0x28, 0x75, 0x5f, 0x44, 0x65, 0x66,
  0x6f, 0x72, 0x6d, 0x47, 0x65, 0x6e, 0x20, 0x3d, 0x3d, 0x20, 0x44, 0x47,
  0x45, 0x4e, 0x5f, 0x42, 0x55, 0x4c, 0x47, 0x45, 0x29, 0x0a, 0x09, 0x7b,
  0x0a, 0x09, 0x09, 0x66, 0x75, 0x6e, 0x63, 0x20, 0x3d, 0x20, 0x73, 0x69,
  0x6e, 0x28, 0x76, 0x61, 0x6c, 0x75, 0x65, 0x29, 0x3b, 0x0a, 0x09, 0x7d,
  0x0a, 0x0a, 0x09, 0x72, 0x65, 0x74, 0x75, 0x72, 0x6e, 0x20, 0x70, 0x6f,
  0x73, 0x20, 0x2b, 0x20, 0x6e, 0x6f, 0x72, 0x6d, 0x61, 0x6c, 0x20, 0x2a,
  0x20, 0x28, 0x62, 0x61, 0x73, 0x65, 0x20, 0x2b, 0x20, 0x66, 0x75, 0x6e,
  0x63, 0x20, 0x2a, 0x20, 0x61, 0x6d, 0x70, 0x6c, 0x69, 0x74, 0x75, 0x64,
  0x65, 0x29, 0x3b, 0x0a, 0x7d, 0x0a, 0x0a, 0x76, 0x6f, 0x69, 0x64, 0x20,
  0x6d, 0x61, 0x69, 0x6e, 0x28, 0x29, 0x0a, 0x7b, 0x0a, 0x23, 0x69, 0x66,
  0x20, 0x64, 0x65, 0x66, 0x69, 0x6e, 0x65, 0x64, 0x28, 0x55, 0x53, 0x45,
  0x5f, 0x56, 0x45, 0x52, 0x54, 0x45, 0x58, 0x5f, 0x41, 0x4e, 0x49, 0x4d,
  0x41, 0x54, 0x49, 0x4f, 0x4e, 0x29, 0x0a, 0x09, 0x76, 0x65, 0x63, 0x33,
  0x20, 0x70, 0x6f, 0x73, 0x69, 0x74, 0x69, 0x6f, 0x6e, 0x20, 0x20, 0x3d,
  0x20, 0x6d, 0x69, 0x78, 0x28, 0x61, 0x74, 0x74, 0x72, 0x5f, 0x50, 0x6f,
  0x73, 0x69, 0x74, 0x69, 0x6f, 0x6e, 0x2c, 0x20, 0x61, 0x74, 0x74, 0x72,
  0x5f, 0x50, 0x6f, 0x73, 0x69, 0x74, 0x69, 0x6f, 0x6e, 0x32, 0x2c, 0x20,
  0x75, 0x5f, 0x56, 0x65, 0x72, 0x74, 0x65, 0x78, 0x4c, 0x65, 0x72, 0x70,
  0x29, 0x3b, 0x0a, 0x09, 0x76, 0x65, 0x63, 0x33, 0x20, 0x6e, 0x6f, 0x72,
  0x6d, 0x61, 0x6c, 0x20, 0x20, 0x20, 0x20, 0x3d, 0x20, 0x6d, 0x69, 0x78,
  0x28, 0x61, 0x74, 0x74, 0x72, 0x5f, 0x4e, 0x6f, 0x72, 0x6d, 0x61, 0x6c,
  0x2c, 0x20, 0x20, 0x20, 0x61, 0x74, 0x74, 0x72, 0x5f, 0x4e, 0x6f, 0x72,
  0x6d, 0x61, 0x6c, 0x32, 0x2c, 0x20, 0x20, 0x20, 0x75, 0x5f, 0x56, 0x65,
  0x72, 0x74, 0x65, 0x78, 0x4c, 0x65, 0x72, 0x70, 0x29, 0x3b, 0x0a, 0x23,
  0x65, 0x6c, 0x69, 0x66, 0x20, 0x64, 0x65, 0x66, 0x69, 0x6e, 0x65, 0x64,
  0x28, 0x55, 0x53, 0x45, 0x5f, 0x42, 0x4f, 0x4e, 0x45, 0x5f, 0x41, 0x4e,
  0x49, 0x4d, 0x41, 0x54, 0x49, 0x4f, 0x4e, 0x29, 0x0a, 0x09, 0x6d, 0x61,
  0x74, 0x34, 0x20, 0x76, 0x74, 0x78, 0x4d, 0x61, 0x74, 0x20, 0x20, 0x3d,
  0x20, 0x75, 0x5f, 0x42, 0x6f, 0x6e, 0x65, 0x4d, 0x61, 0x74, 0x72, 0x69,
  0x78, 0x5b, 0x69, 0x6e, 0x74, 0x28, 0x61, 0x74, 0x74, 0x72, 0x5f, 0x42,
  0x6f, 0x6e, 0x65, 0x49, 0x6e, 0x64, 0x65, 0x78, 0x65, 0x73, 0x2e, 0x78,
  0x29, 0x5d, 0x20, 0x2a, 0x20, 0x61, 0x74, 0x74, 0x72, 0x5f, 0x42, 0x6f,
  0x6e, 0x65, 0x57, 0x65, 0x69, 0x67, 0x68, 0x74, 0x73, 0x2e, 0x78, 0x3b,
  0x0a, 0x09, 0x20, 0x20, 0x20, 0x20, 0x20, 0x76, 0x74, 0x78, 0x4d, 0x61,
  0x74, 0x20, 0x2b, 0x3d, 0x20, 0x75, 0x5f, 0x42, 0x6f, 0x6e, 0x65, 0x4d,
  0x61, 0x74, 0x72, 0x69, 0x78, 0x5b, 0x69, 0x6e, 0x74, 0x28, 0x61, 0x74,
  0x74, 0x72, 0x5f, 0x42, 0x6f, 0x6e, 0x65, 0x49, 0x6e, 0x64, 0x65, 0x78,
  0x65, 0x73, 0x2e, 0x79, 0x29, 0x5d, 0x20, 0x2a, 0x20, 0x61, 0x74, 0x74,
  0x72, 0x5f, 0x42, 0x6f, 0x6e, 0x65, 0x57, 0x65, 0x69, 0x67, 0x68, 0x74,
  0x73, 0x2e, 0x79, 0x3b, 0x0a, 0x09, 0x20, 0x20, 0x20, 0x20, 0x20, 0x76,
  0x74, 0x78, 0x4d, 0x61, 0x74, 0x20, 0x2b, 0x3d, 0x20, 0x75, 0x5f, 0x42,
  0x6f, 0x6e, 0x65, 0x4d, 0x61, 0x74, 0x72, 0x69, 0x78, 0x5b, 0x69, 0x6e,
  0x74, 0x28, 0x61, 0x74, 0x74, 0x72, 0x5f, 0x42, 0x6f, 0x6e, 0x65, 0x49,
  0x6e, 0x64, 0x65, 0x78, 0x65, 0x73, 0x2e, 0x7a, 0x29, 0x5d, 0x20, 0x2a,
  0x20, 0x61, 0x74, 0x74, 0x72, 0x5f, 0x42, 0x6f, 0x6e, 0x65, 0x57, 0x65,
  0x69, 0x67, 0x68, 0x74, 0x73, 0x2e, 0x7a, 0x3b, 0x0a, 0x09, 0x20, 0x20,
  0x20, 0x20, 0x20, 0x76, 0x74, 0x78, 0x4d, 0x61, 0x74, 0x20, 0x2b, 0x3d,
  0x20, 0x75, 0x5f, 0x42, 0x6f, 0x6e, 0x65, 0x4d, 0x61, 0x74, 0x72, 0x69,
  0x78, 0x5b, 0x69, 0x6e, 0x74, 0x28, 0x61, 0x74, 0x74, 0x72, 0x5f, 0x42,
  0x6f, 0x6e, 0x65, 0x49, 0x6e, 0x64, 0x65, 0x78, 0x65, 0x73, 0x2e, 0x77,
  0x29, 0x5d, 0x20, 0x2a, 0x20, 0x61, 0x74, 0x74, 0x72, 0x5f, 0x42, 0x6f,
  0x6e, 0x65, 0x57, 0x65, 0x69, 0x67, 0x68, 0x74, 0x73, 0x2e, 0x77, 0x3b,
  0x0a, 0x09, 0x6d, 0x61, 0x74, 0x33, 0x20, 0x6e, 0x72, 0x6d, 0x4d, 0x61,
  0x74, 0x20, 0x3d, 0x20, 0x6d, 0x61, 0x74, 0x33, 0x28, 0x63, 0x72, 0x6f,
  0x73, 0x73, 0x28, 0x76, 0x74, 0x78, 0x4d, 0x61, 0x74, 0x5b, 0x31, 0x5d,
  0x2e, 0x78, 0x79, 0x7a, 0x2c, 0x20, 0x76, 0x74, 0x78, 0x4d, 0x61, 0x74,
  0x5b, 0x32, 0x5d, 0x2e, 0x78, 0x79, 0x7a, 0x29, 0x2c, 0x20, 0x63, 0x72,
  0x6f, 0x73, 0x73, 0x28, 0x76, 0x74, 0x78, 0x4d, 0x61, 0x74, 0x5b, 0x32,
  0x5d, 0x2e, 0x78, 0x79, 0x7a, 0x2c, 0x20, 0x76, 0x74, 0x78, 0x4d, 0x61,
  0x74, 0x5b, 0x30, 0x5d, 0x2e, 0x78, 0x79, 0x7a, 0x29, 0x2c, 0x20, 0x63,
  0x72, 0x6f, 0x73, 0x73, 0x28, 0x76, 0x74, 0x78, 0x4d, 0x61, 0x74, 0x5b,
  0x30, 0x5d, 0x2e, 0x78, 0x79, 0x7a, 0x2c, 0x20, 0x76, 0x74, 0x78, 0x4d,
  0x61, 0x74, 0x5b, 0x31, 0x5d, 0x2e, 0x78, 0x79, 0x7a, 0x29, 0x29, 0x3b,
  0x0a, 0x0a, 0x09, 0x76, 0x65, 0x63, 0x33, 0x20, 0x70, 0x6f, 0x73, 0x69,
  0x74, 0x69, 0x6f, 0x6e, 0x20, 0x20, 0x3d, 0x20, 0x76, 0x65, 0x63, 0x33,
  0x28, 0x76, 0x74, 0x78, 0x4d, 0x61, 0x74, 0x20, 0x2a, 0x20, 0x76, 0x65,
  0x63, 0x34, 0x28, 0x61, 0x74, 0x74, 0x72, 0x5f, 0x50, 0x6f, 0x73, 0x69,
  0x74, 0x69, 0x6f, 0x6e, 0x2c, 0x20, 0x31, 0x2e, 0x30, 0x29, 0x29, 0x3b,
  0x0a, 0x09, 0x76, 0x65, 0x63, 0x33, 0x20, 0x6e, 0x6f, 0x72, 0x6d, 0x61,
  0x6c, 0x20, 0x20, 0x20, 0x20, 0x3d, 0x20, 0x6e, 0x6f, 0x72, 0x6d, 0x61,
  0x6c, 0x69, 0x7a, 0x65, 0x28, 0x6e, 0x72, 0x6d, 0x4d, 0x61, 0x74, 0x20,
  0x2a, 0x20, 0x61, 0x74, 0x74, 0x72, 0x5f, 0x4e, 0x6f, 0x72, 0x6d, 0x61,
  0x6c, 0x29, 0x3b, 0x0a, 0x23, 0x65, 0x6c, 0x73, 0x65, 0x0a, 0x09, 0x76,
  0x65, 0x63, 0x33, 0x20, 0x70, 0x6f, 0x73, 0x69, 0x74, 0x69, 0x6f, 0x6e,
  0x20, 0x3d, 0x20, 0x61, 0x74, 0x74, 0x72, 0x5f, 0x50, 0x6f, 0x73, 0x69,
  0x74, 0x69, 0x6f, 0x6e, 0x3b, 0x0a, 0x09, 0x76, 0x65, 0x63, 0x33, 0x20,
  0x6e, 0x6f, 0x72, 0x6d, 0x61, 0x6c, 0x20, 0x20, 0x20, 0x3d, 0x20, 0x61,
  0x74, 0x74, 0x72, 0x5f, 0x4e, 0x6f, 0x72, 0x6d, 0x61, 0x6c, 0x3b, 0x0a,
  0x23, 0x65, 0x6e, 0x64, 0x69, 0x66, 0x0a, 0x0a, 0x09, 0x70, 0x6f, 0x73,
  0x69, 0x74, 0x69, 0x6f, 0x6e, 0x20, 0x3d, 0x20, 0x44, 0x65, 0x66, 0x6f,
  0x72, 0x6d, 0x50, 0x6f, 0x73, 0x69, 0x74, 0x69, 0x6f, 0x6e, 0x28, 0x70,
  0x6f, 0x73, 0x69, 0x74, 0x69, 0x6f, 0x6e, 0x2c, 0x20, 0x6e, 0x6f, 0x72,
  0x6d, 0x61, 0x6c, 0x2c, 0x20, 0x61, 0x74, 0x74, 0x72, 0x5f, 0x54, 0x65,
  0x78, 0x43, 0x6f, 0x6f, 0x72, 0x64, 0x30, 0x2e, 0x73, 0x74, 0x29, 0x3b,
  0x0a, 0x0a, 0x09, 0x67, 0x6c, 0x5f, 0x50, 0x6f, 0x73, 0x69, 0x74, 0x69,
  0x6f, 0x6e, 0x20, 0x3d, 0x20, 0x75, 0x5f, 0x4d, 0x6f, 0x64, 0x65, 0x6c,
  0x56, 0x69, 0x65, 0x77, 0x50, 0x72, 0x6f, 0x6a, 0x65, 0x63, 0x74, 0x69,
  0x6f, 0x6e, 0x4d, 0x61, 0x74, 0x72, 0x69, 0x78, 0x20, 0x2a, 0x20, 0x76,
  0x65, 0x63, 0x34, 0x28, 0x70, 0x6f, 0x73, 0x69, 0x74, 0x69, 0x6f, 0x6e,
  0x2c, 0x20, 0x31, 0x2e, 0x30, 0x29, 0x3b, 0x0a, 0x09, 0x0a, 0x09, 0x76,
  0x61, 0x72, 0x5f, 0x50, 0x6f, 0x73, 0x69, 0x74, 0x69, 0x6f, 0x6e, 0x20,
  0x20, 0x3d, 0x20, 0x28, 0x75, 0x5f, 0x4d, 0x6f, 0x64, 0x65, 0x6c, 0x4d,
  0x61, 0x74, 0x72, 0x69, 0x78, 0x20, 0x2a, 0x20, 0x76, 0x65, 0x63, 0x34,
  0x28, 0x70, 0x6f, 0x73, 0x69, 0x74, 0x69, 0x6f, 0x6e, 0x2c, 0x20, 0x31,
  0x2e, 0x30, 0x29, 0x29, 0x2e, 0x78, 0x79, 0x7a, 0x3b, 0x0a, 0x7d, 0x0a
};
unsigned int fallbackShader_shadowfill_vp_len = 2796;
unsigned char fallbackShader_shadowmask_fp[] = {
  0x75, 0x6e, 0x69, 0x66, 0x6f, 0x72, 0x6d, 0x20, 0x73, 0x61, 0x6d, 0x70,
  0x6c, 0x65, 0x72, 0x32, 0x44, 0x20, 0x75, 0x5f, 0x53, 0x63, 0x72, 0x65,
  0x65, 0x6e, 0x44, 0x65, 0x70, 0x74, 0x68, 0x4d, 0x61, 0x70, 0x3b, 0x0a,
  0x0a, 0x75, 0x6e, 0x69, 0x66, 0x6f, 0x72, 0x6d, 0x20, 0x73, 0x61, 0x6d,
  0x70, 0x6c, 0x65, 0x72, 0x32, 0x44, 0x53, 0x68, 0x61, 0x64, 0x6f, 0x77,
  0x20, 0x75, 0x5f, 0x53, 0x68, 0x61, 0x64, 0x6f, 0x77, 0x4d, 0x61, 0x70,
  0x3b, 0x0a, 0x23, 0x69, 0x66, 0x20, 0x64, 0x65, 0x66, 0x69, 0x6e, 0x65,
  0x64, 0x28, 0x55, 0x53, 0x45, 0x5f, 0x53, 0x48, 0x41, 0x44, 0x4f, 0x57,
  0x5f, 0x43, 0x41, 0x53, 0x43, 0x41, 0x44, 0x45, 0x29, 0x0a, 0x75, 0x6e,
  0x69, 0x66, 0x6f, 0x72, 0x6d, 0x20, 0x73, 0x61, 0x6d, 0x70, 0x6c, 0x65,
  0x72, 0x32, 0x44, 0x53, 0x68, 0x61, 0x64, 0x6f, 0x77, 0x20, 0x75, 0x5f,
  0x53, 0x68, 0x61, 0x64, 0x6f, 0x77, 0x4d, 0x61, 0x70, 0x32, 0x3b, 0x0a,
  0x75, 0x6e, 0x69, 0x66, 0x6f, 0x72, 0x6d, 0x20, 0x73, 0x61, 0x6d, 0x70,
  0x6c, 0x65, 0x72, 0x32, 0x44, 0x53, 0x68, 0x61, 0x64, 0x6f, 0x77, 0x20,
  0x75, 0x5f, 0x53, 0x68, 0x61, 0x64, 0x6f, 0x77, 0x4d, 0x61, 0x70, 0x33,
  0x3b, 0x0a, 0x75, 0x6e, 0x69, 0x66, 0x6f, 0x72, 0x6d, 0x20, 0x73, 0x61,
  0x6d, 0x70, 0x6c, 0x65, 0x72, 0x32, 0x44, 0x53, 0x68, 0x61, 0x64, 0x6f,
  0x77, 0x20, 0x75, 0x5f, 0x53, 0x68, 0x61, 0x64, 0x6f, 0x77, 0x4d, 0x61,
  0x70, 0x34, 0x3b, 0x0a, 0x23, 0x65, 0x6e, 0x64, 0x69, 0x66, 0x0a, 0x0a,
  0x75, 0x6e, 0x69, 0x66, 0x6f, 0x72, 0x6d, 0x20, 0x6d, 0x61, 0x74, 0x34,
  0x20, 0x20, 0x20, 0x20, 0x20, 0x20, 0x75, 0x5f, 0x53, 0x68, 0x61, 0x64,
  0x6f, 0x77, 0x4d, 0x76, 0x70, 0x3b, 0x0a, 0x23, 0x69, 0x66, 0x20, 0x64,
  0x65, 0x66, 0x69, 0x6e, 0x65, 0x64, 0x28, 0x55, 0x53, 0x45, 0x5f, 0x53,
  0x48, 0x41, 0x44, 0x4f, 0x57, 0x5f, 0x43, 0x41, 0x53, 0x43, 0x41, 0x44,
  0x45, 0x29, 0x0a, 0x75, 0x6e, 0x69, 0x66, 0x6f, 0x72, 0x6d, 0x20, 0x6d,
  0x61, 0x74, 0x34, 0x20, 0x20, 0x20, 0x20, 0x20, 0x20, 0x75, 0x5f, 0x53,
  0x68, 0x61, 0x64, 0x6f, 0x77, 0x4d, 0x76, 0x70, 0x32, 0x3b, 0x0a, 0x75,
  0x6e, 0x69, 0x66, 0x6f, 0x72, 0x6d, 0x20, 0x6d, 0x61, 0x74, 0x34, 0x20,
  0x20, 0x20, 0x20, 0x20, 0x20, 0x75, 0x5f, 0x53, 0x68, 0x61, 0x64, 0x6f,
  0x77, 0x4d, 0x76, 0x70, 0x33, 0x3b, 0x0a, 0x75, 0x6e, 0x69, 0x66, 0x6f,
  0x72, 0x6d, 0x20, 0x6d, 0x61, 0x74, 0x34, 0x20, 0x20, 0x20, 0x20, 0x20,
  0x20, 0x75, 0x5f, 0x53, 0x68, 0x61, 0x64, 0x6f, 0x77, 0x4d, 0x76, 0x70,
  0x34, 0x3b, 0x0a, 0x23, 0x65, 0x6e, 0x64, 0x69, 0x66, 0x0a, 0x0a, 0x75,
  0x6e, 0x69, 0x66, 0x6f, 0x72, 0x6d, 0x20, 0x76, 0x65, 0x63, 0x33, 0x20,
  0x20, 0x20, 0x75, 0x5f, 0x56, 0x69, 0x65, 0x77, 0x4f, 0x72, 0x69, 0x67,
  0x69, 0x6e, 0x3b, 0x0a, 0x75, 0x6e, 0x69, 0x66, 0x6f, 0x72, 0x6d, 0x20,
  0x76, 0x65, 0x63, 0x34, 0x20, 0x20, 0x20, 0x75, 0x5f, 0x56, 0x69, 0x65,
  0x77, 0x49, 0x6e, 0x66, 0x6f, 0x3b, 0x20, 0x2f, 0x2f, 0x20, 0x7a, 0x66,
  0x61, 0x72, 0x20, 0x2f, 0x20, 0x7a, 0x6e, 0x65, 0x61, 0x72, 0x2c, 0x20,
  0x7a, 0x66, 0x61, 0x72, 0x0a, 0x0a, 0x76, 0x61, 0x72, 0x79, 0x69, 0x6e,
  0x67, 0x20, 0x76, 0x65, 0x63, 0x32, 0x20, 0x20, 0x20, 0x76, 0x61, 0x72,
  0x5f, 0x44, 0x65, 0x70, 0x74, 0x68, 0x54, 0x65, 0x78, 0x3b, 0x0a, 0x76,
  0x61, 0x72, 0x79, 0x69, 0x6e, 0x67, 0x20, 0x76, 0x65, 0x63, 0x33, 0x20,
  0x20, 0x20, 0x76, 0x61, 0x72, 0x5f, 0x56, 0x69, 0x65, 0x77, 0x44, 0x69,
  0x72, 0x3b, 0x0a, 0x0a, 0x2f, 0x2f, 0x20, 0x64, 0x65, 0x70, 0x74, 0x68,
  0x20, 0x69, 0x73, 0x20, 0x47, 0x4c, 0x5f, 0x44, 0x45, 0x50, 0x54, 0x48,
  0x5f, 0x43, 0x4f, 0x4d, 0x50, 0x4f, 0x4e, 0x45, 0x4e, 0x54, 0x32, 0x34,
  0x0a, 0x2f, 0x2f, 0x20, 0x73, 0x6f, 0x20, 0x74, 0x68, 0x65, 0x20, 0x6d,
  0x61, 0x78, 0x69, 0x6d, 0x75, 0x6d, 0x20, 0x65, 0x72, 0x72, 0x6f, 0x72,
  0x20, 0x69, 0x73, 0x20, 0x31, 0x2e, 0x30, 0x20, 0x2f, 0x20, 0x32, 0x5e,
  0x32, 0x34, 0x0a, 0x23, 0x64, 0x65, 0x66, 0x69, 0x6e, 0x65, 0x20, 0x44,
  0x45, 0x50, 0x54, 0x48, 0x5f, 0x4d, 0x41, 0x58, 0x5f, 0x45, 0x52, 0x52,
  0x4f, 0x52, 0x20, 0x30, 0x2e, 0x30, 0x30, 0x30, 0x30, 0x30, 0x30, 0x30,
  0x35, 0x39, 0x36, 0x30, 0x34, 0x36, 0x34, 0x34, 0x37, 0x37, 0x35, 0x33,
  0x39, 0x30, 0x36, 0x32, 0x35, 0x0a, 0x0a, 0x2f, 0x2f, 0x20, 0x49, 0x6e,
  0x70, 0x75, 0x74, 0x3a, 0x20, 0x49, 0x74, 0x20, 0x75, 0x73, 0x65, 0x73,
  0x20, 0x74, 0x65, 0x78, 0x74, 0x75, 0x72, 0x65, 0x20, 0x63, 0x6f, 0x6f,
  0x72, 0x64, 0x73, 0x20, 0x61, 0x73, 0x20, 0x74, 0x68, 0x65, 0x20, 0x72,
  0x61, 0x6e, 0x64, 0x6f, 0x6d, 0x20, 0x6e, 0x75, 0x6d, 0x62, 0x65, 0x72,
  0x20, 0x73, 0x65, 0x65, 0x64, 0x2e, 0x0a, 0x2f, 0x2f, 0x20, 0x4f, 0x75,
  0x74, 0x70, 0x75, 0x74, 0x3a, 0x20, 0x52, 0x61, 0x6e, 0x64, 0x6f, 0x6d,
  0x20, 0x6e, 0x75, 0x6d, 0x62, 0x65, 0x72, 0x3a, 0x20, 0x5b, 0x30, 0x2c,
  0x31, 0x29, 0x2c, 0x20, 0x74, 0x68, 0x61, 0x74, 0x20, 0x69, 0x73, 0x20,
  0x62, 0x65, 0x74, 0x77, 0x65, 0x65, 0x6e, 0x20, 0x30, 0x2e, 0x30, 0x20,
  0x61, 0x6e, 0x64, 0x20, 0x30, 0x2e, 0x39, 0x39, 0x39, 0x39, 0x39, 0x39,
  0x2e, 0x2e, 0x2e, 0x20, 0x69, 0x6e, 0x63, 0x6c, 0x75, 0x73, 0x69, 0x76,
  0x65, 0x2e, 0x0a, 0x2f, 0x2f, 0x20, 0x41, 0x75, 0x74, 0x68, 0x6f, 0x72,
  0x3a, 0x20, 0x4d, 0x69, 0x63, 0x68, 0x61, 0x65, 0x6c, 0x20, 0x50, 0x6f,
  0x68, 0x6f, 0x72, 0x65, 0x73, 0x6b, 0x69, 0x0a, 0x2f, 0x2f, 0x20, 0x43,
  0x6f, 0x70, 0x79, 0x72, 0x69, 0x67, 0x68, 0x74, 0x3a, 0x20, 0x43, 0x6f,
  0x70, 0x79, 0x6c, 0x65, 0x66, 0x74, 0x20, 0x32, 0x30, 0x31, 0x32, 0x20,
  0x3a, 0x2d, 0x29, 0x0a, 0x2f, 0x2f, 0x20, 0x53, 0x6f, 0x75, 0x72, 0x63,
  0x65, 0x3a, 0x20, 0x68, 0x74, 0x74, 0x70, 0x3a, 0x2f, 0x2f, 0x73, 0x74,
  0x61, 0x63, 0x6b, 0x6f, 0x76, 0x65, 0x72, 0x66, 0x6c, 0x6f, 0x77, 0x2e,
  0x63, 0x6f, 0x6d, 0x2f, 0x71, 0x75, 0x65, 0x73, 0x74, 0x69, 0x6f, 0x6e,
  0x73, 0x2f, 0x35, 0x31, 0x34, 0x39, 0x35, 0x34, 0x34, 0x2f, 0x63, 0x61,
  0x6e, 0x2d, 0x69, 0x2d, 0x67, 0x65, 0x6e, 0x65, 0x72, 0x61, 0x74, 0x65,
  0x2d, 0x61, 0x2d, 0x72, 0x61, 0x6e, 0x64, 0x6f, 0x6d, 0x2d, 0x6e, 0x75,
  0x6d, 0x62, 0x65, 0x72, 0x2d, 0x69, 0x6e, 0x73, 0x69, 0x64, 0x65, 0x2d,
  0x61, 0x2d, 0x70, 0x69, 0x78, 0x65, 0x6c, 0x2d, 0x73, 0x68, 0x61, 0x64,
  0x65, 0x72, 0x0a, 0x0a, 0x66, 0x6c, 0x6f, 0x61, 0x74, 0x20, 0x72, 0x61,
  0x6e, 0x64, 0x6f, 0x6d, 0x28, 0x20, 0x63, 0x6f, 0x6e, 0x73, 0x74, 0x20,
  0x76, 0x65, 0x63, 0x32, 0x20, 0x70, 0x20, 0x29, 0x0a, 0x7b, 0x0a, 0x20,
  0x20, 0x2f, 0x2f, 0x20, 0x57, 0x65, 0x20, 0x6e, 0x65, 0x65, 0x64, 0x20,
  0x69, 0x72, 0x72, 0x61, 0x74, 0x69, 0x6f, 0x6e, 0x61, 0x6c, 0x73, 0x20,
  0x66, 0x6f, 0x72, 0x20, 0x70, 0x73, 0x65, 0x75, 0x64, 0x6f, 0x20, 0x72,
  0x61, 0x6e, 0x64, 0x6f, 0x6d, 0x6e, 0x65, 0x73, 0x73, 0x2e, 0x0a, 0x20,
  0x20, 0x2f, 0x2f, 0x20, 0x4d, 0x6f, 0x73, 0x74, 0x20, 0x28, 0x61, 0x6c,
  0x6c, 0x3f, 0x29, 0x20, 0x6b, 0x6e, 0x6f, 0x77, 0x6e, 0x20, 0x74, 0x72,
  0x61, 0x6e, 0x73, 0x63, 0x65, 0x6e, 0x64, 0x65, 0x6e, 0x74, 0x61, 0x6c,
  0x20, 0x6e, 0x75, 0x6d, 0x62, 0x65, 0x72, 0x73, 0x20, 0x77, 0x69, 0x6c,
  0x6c, 0x20, 0x28, 0x67, 0x65, 0x6e, 0x65, 0x72, 0x61, 0x6c, 0x6c, 0x79,
  0x29, 0x20, 0x77, 0x6f, 0x72, 0x6b, 0x2e, 0x0a, 0x20, 0x20, 0x63, 0x6f,
  0x6e, 0x73, 0x74, 0x20, 0x76, 0x65, 0x63, 0x32, 0x20, 0x72, 0x20, 0x3d,
  0x20, 0x76, 0x65, 0x63, 0x32, 0x28, 0x0a, 0x20, 0x20, 0x20, 0x20, 0x32,
  0x33, 0x2e, 0x31, 0x34, 0x30, 0x36, 0x39, 0x32, 0x36, 0x33, 0x32, 0x37,
  0x37, 0x39, 0x32, 0x36, 0x39, 0x30, 0x2c, 0x20, 0x20, 0x2f, 0x2f, 0x20,
  0x65, 0x5e, 0x70, 0x69, 0x20, 0x28, 0x47, 0x65, 0x6c, 0x66, 0x6f, 0x6e,
  0x64, 0x27, 0x73, 0x20, 0x63, 0x6f, 0x6e, 0x73, 0x74, 0x61, 0x6e, 0x74,
  0x29, 0x0a, 0x20, 0x20, 0x20, 0x20, 0x20, 0x32, 0x2e, 0x36, 0x36, 0x35,
  0x31, 0x34, 0x34, 0x31, 0x34, 0x32, 0x36, 0x39, 0x30, 0x32, 0x32, 0x35,
  0x31, 0x29, 0x3b, 0x20, 0x2f, 0x2f, 0x20, 0x32, 0x5e, 0x73, 0x71, 0x72,
  0x74, 0x28, 0x32, 0x29, 0x20, 0x28, 0x47, 0x65, 0x6c, 0x66, 0x6f, 0x6e,
  0x64, 0x2d, 0x53, 0x63, 0x68, 0x6e, 0x65, 0x69, 0x64, 0x65, 0x72, 0x20,
  0x63, 0x6f, 0x6e, 0x73, 0x74, 0x61, 0x6e, 0x74, 0x29, 0x0a, 0x20, 0x20,
  0x2f, 0x2f, 0x72, 0x65, 0x74, 0x75, 0x72, 0x6e, 0x20, 0x66, 0x72, 0x61,
  0x63, 0x74, 0x28, 0x20, 0x63, 0x6f, 0x73, 0x28, 0x20, 0x6d, 0x6f, 0x64,
  0x28, 0x20, 0x31, 0x32, 0x33, 0x34, 0x35, 0x36, 0x37, 0x38, 0x39, 0x2e,
  0x2c, 0x20, 0x31, 0x65, 0x2d, 0x37, 0x20, 0x2b, 0x20, 0x32, 0x35, 0x36,
  0x2e, 0x20, 0x2a, 0x20, 0x64, 0x6f, 0x74, 0x28, 0x70, 0x2c, 0x72, 0x29,
  0x20, 0x29, 0x20, 0x29, 0x20, 0x29, 0x3b, 0x0a, 0x20, 0x20, 0x72, 0x65,
  0x74, 0x75, 0x72, 0x6e, 0x20, 0x6d, 0x6f, 0x64, 0x28, 0x20, 0x31, 0x32,
  0x33, 0x34, 0x35, 0x36, 0x37, 0x38, 0x39, 0x2e, 0x2c, 0x20, 0x31, 0x65,
  0x2d, 0x37, 0x20, 0x2b, 0x20, 0x32, 0x35, 0x36, 0x2e, 0x20, 0x2a, 0x20,
  0x64, 0x6f, 0x74, 0x28, 0x70, 0x2c, 0x72, 0x29, 0x20, 0x29, 0x3b, 0x20,
  0x20, 0x0a, 0x7d, 0x0a, 0x0a, 0x66, 0x6c, 0x6f, 0x61, 0x74, 0x20, 0x50,
  0x43, 0x46, 0x28, 0x63, 0x6f, 0x6e, 0x73, 0x74, 0x20, 0x73, 0x61, 0x6d,
  0x70, 0x6c, 0x65, 0x72, 0x32, 0x44, 0x53, 0x68, 0x61, 0x64, 0x6f, 0x77,
  0x20, 0x73, 0x68, 0x61, 0x64, 0x6f, 0x77, 0x6d, 0x61, 0x70, 0x2c, 0x20,
  0x63, 0x6f, 0x6e, 0x73, 0x74, 0x20, 0x76, 0x65, 0x63, 0x32, 0x20, 0x73,
  0x74, 0x2c, 0x20, 0x63, 0x6f, 0x6e, 0x73, 0x74, 0x20, 0x66, 0x6c, 0x6f,
  0x61, 0x74, 0x20, 0x64, 0x69, 0x73, 0x74, 0x29, 0x0a, 0x7b, 0x0a, 0x09,
  0x66, 0x6c, 0x6f, 0x61, 0x74, 0x20, 0x6d, 0x75, 0x6c, 0x74, 0x3b, 0x0a,
  0x09, 0x66, 0x6c, 0x6f, 0x61, 0x74, 0x20, 0x73, 0x63, 0x61, 0x6c, 0x65,
  0x20, 0x3d, 0x20, 0x32, 0x2e, 0x30, 0x20, 0x2f, 0x20, 0x72, 0x5f, 0x73,
  0x68, 0x61, 0x64, 0x6f, 0x77, 0x4d, 0x61, 0x70, 0x53, 0x69, 0x7a, 0x65,
  0x3b, 0x0a, 0x0a, 0x23, 0x69, 0x66, 0x20, 0x30, 0x0a, 0x09, 0x2f, 0x2f,
  0x20, 0x66, 0x72, 0x6f, 0x6d, 0x20, 0x68, 0x74, 0x74, 0x70, 0x3a, 0x2f,
  0x2f, 0x68, 0x74, 0x74, 0x70, 0x2e, 0x64, 0x65, 0x76, 0x65, 0x6c, 0x6f,
  0x70, 0x65, 0x72, 0x2e, 0x6e, 0x76, 0x69, 0x64, 0x69, 0x61, 0x2e, 0x63,
  0x6f, 0x6d, 0x2f, 0x47, 0x50, 0x55, 0x47, 0x65, 0x6d, 0x73, 0x2f, 0x67,
  0x70, 0x75, 0x67, 0x65, 0x6d, 0x73, 0x5f, 0x63, 0x68, 0x31, 0x31, 0x2e,
  0x68, 0x74, 0x6d, 0x6c, 0x0a, 0x09, 0x76, 0x65, 0x63, 0x32, 0x20, 0x6f,
  0x66, 0x66, 0x73, 0x65, 0x74, 0x20, 0x3d, 0x20, 0x76, 0x65, 0x63, 0x32,
  0x28, 0x67, 0x72, 0x65, 0x61, 0x74, 0x65, 0x72, 0x54, 0x68, 0x61, 0x6e,
  0x28, 0x66, 0x72, 0x61, 0x63, 0x74, 0x28, 0x76, 0x61, 0x72, 0x5f, 0x44,
  0x65, 0x70, 0x74, 0x68, 0x54, 0x65, 0x78, 0x2e, 0x78, 0x79, 0x20, 0x2a,
  0x20, 0x72, 0x5f, 0x46, 0x42, 0x75, 0x66, 0x53, 0x63, 0x61, 0x6c, 0x65,
  0x20, 0x2a, 0x20, 0x30, 0x2e, 0x35, 0x29, 0x2c, 0x20, 0x76, 0x65, 0x63,
  0x32, 0x28, 0x30, 0x2e, 0x32, 0x35, 0x29, 0x29, 0x29, 0x3b, 0x0a, 0x09,
  0x6f, 0x66, 0x66, 0x73, 0x65, 0x74, 0x2e, 0x79, 0x20, 0x2b, 0x3d, 0x20,
  0x6f, 0x66, 0x66, 0x73, 0x65, 0x74, 0x2e, 0x78, 0x3b, 0x0a, 0x09, 0x69,
  0x66, 0x20, 0x28, 0x6f, 0x66, 0x66, 0x73, 0x65, 0x74, 0x2e, 0x79, 0x20,
  0x3e, 0x20, 0x31, 0x2e, 0x31, 0x29, 0x20, 0x6f, 0x66, 0x66, 0x73, 0x65,
  0x74, 0x2e, 0x79, 0x20, 0x3d, 0x20, 0x30, 0x2e, 0x30, 0x3b, 0x0a, 0x09,
  0x0a, 0x09, 0x6d, 0x75, 0x6c, 0x74, 0x20, 0x3d, 0x20, 0x73, 0x68, 0x61,
  0x64, 0x6f, 0x77, 0x32, 0x44, 0x28, 0x73, 0x68, 0x61, 0x64, 0x6f, 0x77,
  0x6d, 0x61, 0x70, 0x2c, 0x20, 0x76, 0x65, 0x63, 0x33, 0x28, 0x73, 0x74,
  0x20, 0x2b, 0x20, 0x28, 0x6f, 0x66, 0x66, 0x73, 0x65, 0x74, 0x20, 0x2b,
  0x20, 0x76, 0x65, 0x63, 0x32, 0x28, 0x2d, 0x31, 0x2e, 0x35, 0x2c, 0x20,
  0x20, 0x30, 0x2e, 0x35, 0x29, 0x29, 0x20, 0x2a, 0x20, 0x73, 0x63, 0x61,
  0x6c, 0x65, 0x2c, 0x20, 0x64, 0x69, 0x73, 0x74, 0x29, 0x29, 0x0a, 0x09,
  0x20, 0x20, 0x20, 0x20, 0x20, 0x2b, 0x20, 0x73, 0x68, 0x61, 0x64, 0x6f,
  0x77, 0x32, 0x44, 0x28, 0x73, 0x68, 0x61, 0x64, 0x6f, 0x77, 0x6d, 0x61,
  0x70, 0x2c, 0x20, 0x76, 0x65, 0x63, 0x33, 0x28, 0x73, 0x74, 0x20, 0x2b,
  0x20, 0x28, 0x6f, 0x66, 0x66, 0x73, 0x65, 0x74, 0x20, 0x2b, 0x20, 0x76,
  0x65, 0x63, 0x32, 0x28, 0x20, 0x30, 0x2e, 0x35, 0x2c, 0x20, 0x20, 0x30,
  0x2e, 0x35, 0x29, 0x29, 0x20, 0x2a, 0x20, 0x73, 0x63, 0x61, 0x6c, 0x65,
  0x2c, 0x20, 0x64, 0x69, 0x73, 0x74, 0x29, 0x29, 0x0a, 0x09, 0x20, 0x20,
  0x20, 0x20, 0x20, 0x2b, 0x20, 0x73, 0x68, 0x61, 0x64, 0x6f, 0x77, 0x32,
  0x44, 0x28, 0x73, 0x68, 0x61, 0x64, 0x6f, 0x77, 0x6d, 0x61, 0x70, 0x2c,
  0x20, 0x76, 0x65, 0x63, 0x33, 0x28, 0x73, 0x74, 0x20, 0x2b, 0x20, 0x28,
  0x6f, 0x66, 0x66, 0x73, 0x65, 0x74, 0x20, 0x2b, 0x20, 0x76, 0x65, 0x63,
  0x32, 0x28, 0x2d, 0x31, 0x2e, 0x35, 0x2c, 0x20, 0x2d, 0x31, 0x2e, 0x35,
  0x29, 0x29, 0x20, 0x2a, 0x20, 0x73, 0x63, 0x61, 0x6c, 0x65, 0x2c, 0x20,
  0x64, 0x69, 0x73, 0x74, 0x29, 0x29, 0x0a, 0x09, 0x20, 0x20, 0x20, 0x20,
  0x20, 0x2b, 0x20, 0x73, 0x68, 0x61, 0x64, 0x6f, 0x77, 0x32, 0x44, 0x28,
  0x73, 0x68, 0x61, 0x64, 0x6f, 0x77, 0x6d, 0x61, 0x70, 0x2c, 0x20, 0x76,
  0x65, 0x63, 0x33, 0x28, 0x73, 0x74, 0x20, 0x2b, 0x20, 0x28, 0x6f, 0x66,
  0x66, 0x73, 0x65, 0x74, 0x20, 0x2b, 0x20, 0x76, 0x65, 0x63, 0x32, 0x28,
  0x20, 0x30, 0x2e, 0x35, 0x2c, 0x20, 0x2d, 0x31, 0x2e, 0x35, 0x29, 0x29,
  0x20, 0x2a, 0x20, 0x73, 0x63, 0x61, 0x6c, 0x65, 0x2c, 0x20, 0x64, 0x69,
  0x73, 0x74, 0x29, 0x29, 0x3b, 0x0a, 0x09, 0x20, 0x0a, 0x09, 0x6d, 0x75,
  0x6c, 0x74, 0x20, 0x2a, 0x3d, 0x20, 0x30, 0x2e, 0x32, 0x35, 0x3b, 0x0a,
  0x23, 0x65, 0x6e, 0x64, 0x69, 0x66, 0x0a, 0x0a, 0x23, 0x69, 0x66, 0x20,
  0x64, 0x65, 0x66, 0x69, 0x6e, 0x65, 0x64, 0x28, 0x55, 0x53, 0x45, 0x5f,
  0x53, 0x48, 0x41, 0x44, 0x4f, 0x57, 0x5f, 0x46, 0x49, 0x4c, 0x54, 0x45,
  0x52, 0x29, 0x0a, 0x09, 0x66, 0x6c, 0x6f, 0x61, 0x74, 0x20, 0x72, 0x20,
  0x3d, 0x20, 0x72, 0x61, 0x6e, 0x64, 0x6f, 0x6d, 0x28, 0x76, 0x61, 0x72,
  0x5f, 0x44, 0x65, 0x70, 0x74, 0x68, 0x54, 0x65, 0x78, 0x2e, 0x78, 0x79,
  0x29, 0x3b, 0x0a, 0x09, 0x66, 0x6c, 0x6f, 0x61, 0x74, 0x20, 0x73, 0x69,
  0x6e, 0x72, 0x20, 0x3d, 0x20, 0x73, 0x69, 0x6e, 0x28, 0x72, 0x29, 0x20,
  0x2a, 0x20, 0x73, 0x63, 0x61, 0x6c, 0x65, 0x3b, 0x0a, 0x09, 0x66, 0x6c,
  0x6f, 0x61, 0x74, 0x20, 0x63, 0x6f, 0x73, 0x72, 0x20, 0x3d, 0x20, 0x63,
  0x6f, 0x73, 0x28, 0x72, 0x29, 0x20, 0x2a, 0x20, 0x73, 0x63, 0x61, 0x6c,
  0x65, 0x3b, 0x0a, 0x09, 0x6d, 0x61, 0x74, 0x32, 0x20, 0x72, 0x6d, 0x61,
  0x74, 0x20, 0x3d, 0x20, 0x6d, 0x61, 0x74, 0x32, 0x28, 0x63, 0x6f, 0x73,
  0x72, 0x2c, 0x20, 0x73, 0x69, 0x6e, 0x72, 0x2c, 0x20, 0x2d, 0x73, 0x69,
  0x6e, 0x72, 0x2c, 0x20, 0x63, 0x6f, 0x73, 0x72, 0x29, 0x3b, 0x0a, 0x0a,
  0x09, 0x6d, 0x75, 0x6c, 0x74, 0x20, 0x3d, 0x20, 0x20, 0x73, 0x68, 0x61,
  0x64, 0x6f, 0x77, 0x32, 0x44, 0x28, 0x73, 0x68, 0x61, 0x64, 0x6f, 0x77,
  0x6d, 0x61, 0x70, 0x2c, 0x20, 0x76, 0x65, 0x63, 0x33, 0x28, 0x73, 0x74,
  0x20, 0x2b, 0x20, 0x72, 0x6d, 0x61, 0x74, 0x20, 0x2a, 0x20, 0x76, 0x65,
  0x63, 0x32, 0x28, 0x2d, 0x30, 0x2e, 0x37, 0x30, 0x35, 0x35, 0x37, 0x36,
  0x37, 0x2c, 0x20, 0x30, 0x2e, 0x31, 0x39, 0x36, 0x35, 0x31, 0x35, 0x29,
  0x2c, 0x20, 0x64, 0x69, 0x73, 0x74, 0x29, 0x29, 0x3b, 0x0a, 0x09, 0x6d,
  0x75, 0x6c, 0x74, 0x20, 0x2b, 0x3d, 0x20, 0x73, 0x68, 0x61, 0x64, 0x6f,
  0x77, 0x32, 0x44, 0x28, 0x73, 0x68, 0x61, 0x64, 0x6f, 0x77, 0x6d, 0x61,
  0x70, 0x2c, 0x20, 0x76, 0x65, 0x63, 0x33, 0x28, 0x73, 0x74, 0x20, 0x2b,
  0x20, 0x72, 0x6d, 0x61, 0x74, 0x20, 0x2a, 0x20, 0x76, 0x65, 0x63, 0x32,
  0x28, 0x30, 0x2e, 0x33, 0x35, 0x32, 0x34, 0x33, 0x34, 0x33, 0x2c, 0x20,
  0x2d, 0x30, 0x2e, 0x37, 0x37, 0x39, 0x31, 0x33, 0x38, 0x36, 0x29, 0x2c,
  0x20, 0x64, 0x69, 0x73, 0x74, 0x29, 0x29, 0x3b, 0x0a, 0x09, 0x6d, 0x75,
  0x6c, 0x74, 0x20, 0x2b, 0x3d, 0x20, 0x73, 0x68, 0x61, 0x64, 0x6f, 0x77,
  0x32, 0x44, 0x28, 0x73, 0x68, 0x61, 0x64, 0x6f, 0x77, 0x6d, 0x61, 0x70,
  0x2c, 0x20, 0x76, 0x65, 0x63, 0x33, 0x28, 0x73, 0x74, 0x20, 0x2b, 0x20,
  0x72, 0x6d, 0x61, 0x74, 0x20, 0x2a, 0x20, 0x76, 0x65, 0x63, 0x32, 0x28,
  0x30, 0x2e, 0x32, 0x33, 0x39, 0x31, 0x30, 0x35, 0x36, 0x2c, 0x20, 0x30,
  0x2e, 0x39, 0x31, 0x38, 0x39, 0x36, 0x30, 0x34, 0x29, 0x2c, 0x20, 0x64,
  0x69, 0x73, 0x74, 0x29, 0x29, 0x3b, 0x0a, 0x20, 0x20, 0x23, 0x69, 0x66,
  0x20, 0x64, 0x65, 0x66, 0x69, 0x6e, 0x65, 0x64, 0x28, 0x55, 0x53, 0x45,
  0x5f, 0x53, 0x48, 0x41, 0x44, 0x4f, 0x57, 0x5f, 0x46, 0x49, 0x4c, 0x54,
  0x45, 0x52, 0x32, 0x29, 0x0a, 0x09, 0x6d, 0x75, 0x6c, 0x74, 0x20, 0x2b,
  0x3d, 0x20, 0x73, 0x68, 0x61, 0x64, 0x6f, 0x77, 0x32, 0x44, 0x28, 0x73,
  0x68, 0x61, 0x64, 0x6f, 0x77, 0x6d, 0x61, 0x70, 0x2c, 0x20, 0x76, 0x65,
  0x63, 0x33, 0x28, 0x73, 0x74, 0x20, 0x2b, 0x20, 0x72, 0x6d, 0x61, 0x74,
  0x20, 0x2a, 0x20, 0x76, 0x65, 0x63, 0x32, 0x28, 0x2d, 0x30, 0x2e, 0x30,
  0x37, 0x35, 0x38, 0x30, 0x33, 0x38, 0x32, 0x2c, 0x20, 0x2d, 0x30, 0x2e,
  0x30, 0x39, 0x32, 0x32, 0x34, 0x34, 0x31, 0x37, 0x29, 0x2c, 0x20, 0x64,
  0x69, 0x73, 0x74, 0x29, 0x29, 0x3b, 0x0a, 0x09, 0x6d, 0x75, 0x6c, 0x74,
  0x20, 0x2b, 0x3d, 0x20, 0x73, 0x68, 0x61, 0x64, 0x6f, 0x77, 0x32, 0x44,
  0x28, 0x73, 0x68, 0x61, 0x64, 0x6f, 0x77, 0x6d, 0x61, 0x70, 0x2c, 0x20,
  0x76, 0x65, 0x63, 0x33, 0x28, 0x73, 0x74, 0x20, 0x2b, 0x20, 0x72, 0x6d,
  0x61, 0x74, 0x20, 0x2a, 0x20, 0x76, 0x65, 0x63, 0x32, 0x28, 0x30, 0x2e,
  0x35, 0x37, 0x38, 0x34, 0x39, 0x31, 0x33, 0x2c, 0x20, 0x2d, 0x30, 0x2e,
  0x30, 0x30, 0x32, 0x35, 0x32, 0x38, 0x39, 0x31, 0x36, 0x29, 0x2c, 0x20,
  0x64, 0x69, 0x73, 0x74, 0x29, 0x29, 0x3b, 0x0a, 0x09, 0x6d, 0x75, 0x6c,
  0x74, 0x20, 0x2b, 0x3d, 0x20, 0x73, 0x68, 0x61, 0x64, 0x6f, 0x77, 0x32,
  0x44, 0x28, 0x73, 0x68, 0x61, 0x64, 0x6f, 0x77, 0x6d, 0x61, 0x70, 0x2c,
  0x20, 0x76, 0x65, 0x63, 0x33, 0x28, 0x73, 0x74, 0x20, 0x2b, 0x20, 0x72,
  0x6d, 0x61, 0x74, 0x20, 0x2a, 0x20, 0x76, 0x65, 0x63, 0x32, 0x28, 0x30,
  0x2e, 0x31, 0x39, 0x32, 0x38, 0x38, 0x38, 0x2c, 0x20, 0x30, 0x2e, 0x34,
  0x30, 0x36, 0x34, 0x31, 0x38, 0x31, 0x29, 0x2c, 0x20, 0x64, 0x69, 0x73,
  0x74, 0x29, 0x29, 0x3b, 0x0a, 0x09, 0x6d, 0x75, 0x6c, 0x74, 0x20, 0x2b,
  0x3d, 0x20, 0x73, 0x68, 0x61, 0x64, 0x6f, 0x77, 0x32, 0x44, 0x28, 0x73,
  0x68, 0x61, 0x64, 0x6f, 0x77, 0x6d, 0x61, 0x70, 0x2c, 0x20, 0x76, 0x65,
  0x63, 0x33, 0x28, 0x73, 0x74, 0x20, 0x2b, 0x20, 0x72, 0x6d, 0x61, 0x74,
  0x20, 0x2a, 0x20, 0x76, 0x65, 0x63, 0x32, 0x28, 0x2d, 0x30, 0x2e, 0x36,
  0x33, 0x33, 0x35, 0x38, 0x30, 0x31, 0x2c, 0x20, 0x2d, 0x30, 0x2e, 0x35,
  0x32, 0x34, 0x37, 0x34, 0x37, 0x36, 0x29, 0x2c, 0x20, 0x64, 0x69, 0x73,
  0x74, 0x29, 0x29, 0x3b, 0x0a, 0x09, 0x6d, 0x75, 0x6c, 0x74, 0x20, 0x2b,
  0x3d, 0x20, 0x73, 0x68, 0x61, 0x64, 0x6f, 0x77, 0x32, 0x44, 0x28, 0x73,
  0x68, 0x61, 0x64, 0x6f, 0x77, 0x6d, 0x61, 0x70, 0x2c, 0x20, 0x76, 0x65,
  0x63, 0x33, 0x28, 0x73, 0x74, 0x20, 0x2b, 0x20, 0x72, 0x6d, 0x61, 0x74,
  0x20, 0x2a, 0x20, 0x76, 0x65, 0x63, 0x32, 0x28, 0x2d, 0x30, 0x2e, 0x35,
  0x35, 0x37, 0x39, 0x37, 0x38, 0x32, 0x2c, 0x20, 0x30, 0x2e, 0x37, 0x34,
  0x39, 0x31, 0x38, 0x35, 0x34, 0x29, 0x2c, 0x20, 0x64, 0x69, 0x73, 0x74,
  0x29, 0x29, 0x3b, 0x0a, 0x09, 0x6d, 0x75, 0x6c, 0x74, 0x20, 0x2b, 0x3d,
  0x20, 0x73, 0x68, 0x61, 0x64, 0x6f, 0x77, 0x32, 0x44, 0x28, 0x73, 0x68,
  0x61, 0x64, 0x6f, 0x77, 0x6d, 0x61, 0x70, 0x2c, 0x20, 0x76, 0x65, 0x63,
  0x33, 0x28, 0x73, 0x74, 0x20, 0x2b, 0x20, 0x72, 0x6d, 0x61, 0x74, 0x20,
  0x2a, 0x20, 0x76, 0x65, 0x63, 0x32, 0x28, 0x30, 0x2e, 0x37, 0x33, 0x32,
  0x30, 0x34, 0x36, 0x35, 0x2c, 0x20, 0x30, 0x2e, 0x36, 0x33, 0x31, 0x37,
  0x37, 0x39, 0x34, 0x29, 0x2c, 0x20, 0x64, 0x69, 0x73, 0x74, 0x29, 0x29,
  0x3b, 0x0a, 0x0a, 0x09, 0x6d, 0x75, 0x6c, 0x74, 0x20, 0x2a, 0x3d, 0x20,
  0x30, 0x2e, 0x31, 0x31, 0x31, 0x31, 0x31, 0x3b, 0x0a, 0x20, 0x20, 0x23,
  0x65, 0x6c, 0x73, 0x65, 0x0a, 0x20, 0x20, 0x20, 0x20, 0x6d, 0x75, 0x6c,
  0x74, 0x20, 0x2a, 0x3d, 0x20, 0x30, 0x2e, 0x33, 0x33, 0x33, 0x33, 0x33,
  0x3b, 0x0a, 0x20, 0x20, 0x23, 0x65, 0x6e, 0x64, 0x69, 0x66, 0x0a, 0x23,
  0x65, 0x6c, 0x73, 0x65, 0x0a, 0x09, 0x6d, 0x75, 0x6c, 0x74, 0x20, 0x3d,
  0x20, 0x73, 0x68, 0x61, 0x64, 0x6f, 0x77, 0x32, 0x44, 0x28, 0x73, 0x68,
  0x61, 0x64, 0x6f, 0x77, 0x6d, 0x61, 0x70, 0x2c, 0x20, 0x76, 0x65, 0x63,
  0x33, 0x28, 0x73, 0x74, 0x2c, 0x20, 0x64, 0x69, 0x73, 0x74, 0x29, 0x29,
  0x3b, 0x0a, 0x23, 0x65, 0x6e, 0x64, 0x69, 0x66, 0x0a, 0x0a, 0x09, 0x72,
  0x65, 0x74, 0x75, 0x72, 0x6e, 0x20, 0x6d, 0x75, 0x6c, 0x74, 0x3b, 0x0a,
  0x7d, 0x0a, 0x0a, 0x66, 0x6c, 0x6f, 0x61, 0x74, 0x20, 0x67, 0x65, 0x74,
  0x4c, 0x69, 0x6e, 0x65, 0x61, 0x72, 0x44, 0x65, 0x70, 0x74, 0x68, 0x28,
  0x73, 0x61, 0x6d, 0x70, 0x6c, 0x65, 0x72, 0x32, 0x44, 0x20, 0x64, 0x65,
  0x70, 0x74, 0x68, 0x4d, 0x61, 0x70, 0x2c, 0x20, 0x76, 0x65, 0x63, 0x32,
  0x20, 0x74, 0x65, 0x78, 0x2c, 0x20, 0x66, 0x6c, 0x6f, 0x61, 0x74, 0x20,
  0x7a, 0x46, 0x61, 0x72, 0x44, 0x69, 0x76, 0x5a, 0x4e, 0x65, 0x61, 0x72,
  0x29, 0x0a, 0x7b, 0x0a, 0x09, 0x66, 0x6c, 0x6f, 0x61, 0x74, 0x20, 0x73,
  0x61, 0x6d, 0x70, 0x6c, 0x65, 0x5a, 0x44, 0x69, 0x76, 0x57, 0x20, 0x3d,
  0x20, 0x74, 0x65, 0x78, 0x74, 0x75, 0x72, 0x65, 0x32, 0x44, 0x28, 0x64,
  0x65, 0x70, 0x74, 0x68, 0x4d, 0x61, 0x70, 0x2c, 0x20, 0x74, 0x65, 0x78,
  0x29, 0x2e, 0x72, 0x20, 0x2d, 0x20, 0x44, 0x45, 0x50, 0x54, 0x48, 0x5f,
  0x4d, 0x41, 0x58, 0x5f, 0x45, 0x52, 0x52, 0x4f, 0x52, 0x3b, 0x0a, 0x09,
  0x72, 0x65, 0x74, 0x75, 0x72, 0x6e, 0x20, 0x31, 0x2e, 0x30, 0x20, 0x2f,
  0x20, 0x6d, 0x69, 0x78, 0x28, 0x7a, 0x46, 0x61, 0x72, 0x44, 0x69, 0x76,
  0x5a, 0x4e, 0x65, 0x61, 0x72, 0x2c, 0x20, 0x31, 0x2e, 0x30, 0x2c, 0x20,
  0x73, 0x61, 0x6d, 0x70, 0x6c, 0x65, 0x5a, 0x44, 0x69, 0x76, 0x57, 0x29,
  0x3b, 0x0a, 0x7d, 0x0a, 0x0a, 0x76, 0x6f, 0x69, 0x64, 0x20, 0x6d, 0x61,
  0x69, 0x6e, 0x28, 0x29, 0x0a, 0x7b, 0x0a, 0x09, 0x66, 0x6c, 0x6f, 0x61,
  0x74, 0x20, 0x72, 0x65, 0x73, 0x75, 0x6c, 0x74, 0x3b, 0x0a, 0x0a, 0x09,
  0x66, 0x6c, 0x6f, 0x61, 0x74, 0x20, 0x64, 0x65, 0x70, 0x74, 0x68, 0x20,
  0x3d, 0x20, 0x67, 0x65, 0x74, 0x4c, 0x69, 0x6e, 0x65, 0x61, 0x72, 0x44,
  0x65, 0x70, 0x74, 0x68, 0x28, 0x75, 0x5f, 0x53, 0x63, 0x72, 0x65, 0x65,
  0x6e, 0x44, 0x65, 0x70, 0x74, 0x68, 0x4d, 0x61, 0x70, 0x2c, 0x20, 0x76,
  0x61, 0x72, 0x5f, 0x44, 0x65, 0x70, 0x74, 0x68, 0x54, 0x65, 0x78, 0x2c,
  0x20, 0x75, 0x5f, 0x56, 0x69, 0x65, 0x77, 0x49, 0x6e, 0x66, 0x6f, 0x2e,
  0x78, 0x29, 0x3b, 0x0a, 0x09, 0x76, 0x65, 0x63, 0x34, 0x20, 0x62, 0x69,
  0x61, 0x73, 0x50, 0x6f, 0x73, 0x20, 0x3d, 0x20, 0x76, 0x65, 0x63, 0x34,
  0x28, 0x75, 0x5f, 0x56, 0x69, 0x65, 0x77, 0x4f, 0x72, 0x69, 0x67, 0x69,
  0x6e, 0x20, 0x2b, 0x20, 0x76, 0x61, 0x72, 0x5f, 0x56, 0x69, 0x65, 0x77,
  0x44, 0x69, 0x72, 0x20, 0x2a, 0x20, 0x28, 0x64, 0x65, 0x70, 0x74, 0x68,
  0x20, 0x2d, 0x20, 0x30, 0x2e, 0x35, 0x20, 0x2f, 0x20, 0x75, 0x5f, 0x56,
  0x69, 0x65, 0x77, 0x49, 0x6e, 0x66, 0x6f, 0x2e, 0x78, 0x29, 0x2c, 0x20,
  0x31, 0x2e, 0x30, 0x29, 0x3b, 0x0a, 0x0a, 0x09, 0x76, 0x65, 0x63, 0x34,
  0x20, 0x73, 0x68, 0x61, 0x64, 0x6f, 0x77, 0x70, 0x6f, 0x73, 0x20, 0x3d,
  0x20, 0x75, 0x5f, 0x53, 0x68, 0x61, 0x64, 0x6f, 0x77, 0x4d, 0x76, 0x70,
  0x20, 0x2a, 0x20, 0x62, 0x69, 0x61, 0x73, 0x50, 0x6f, 0x73, 0x3b, 0x0a,
  0x0a, 0x23, 0x69, 0x66, 0x20, 0x64, 0x65, 0x66, 0x69, 0x6e, 0x65, 0x64,
  0x28, 0x55, 0x53, 0x45, 0x5f, 0x53, 0x48, 0x41, 0x44, 0x4f, 0x57, 0x5f,
  0x43, 0x41, 0x53, 0x43, 0x41, 0x44, 0x45, 0x29, 0x0a, 0x09, 0x69, 0x66,
  0x20, 0x28, 0x61, 0x6c, 0x6c, 0x28, 0x6c, 0x65, 0x73, 0x73, 0x54, 0x68,
  0x61, 0x6e, 0x28, 0x61, 0x62, 0x73, 0x28, 0x73, 0x68, 0x61, 0x64, 0x6f,
  0x77, 0x70, 0x6f, 0x73, 0x2e, 0x78, 0x79, 0x7a, 0x29, 0x2c, 0x20, 0x76,
  0x65, 0x63, 0x33, 0x28, 0x61, 0x62, 0x73, 0x28, 0x73, 0x68, 0x61, 0x64,
  0x6f, 0x77, 0x70, 0x6f, 0x73, 0x2e, 0x77, 0x29, 0x29, 0x29, 0x29, 0x29,
  0x0a, 0x09, 0x7b, 0x0a, 0x23, 0x65, 0x6e, 0x64, 0x69, 0x66, 0x0a, 0x09,
  0x09, 0x73, 0x68, 0x61, 0x64, 0x6f, 0x77, 0x70, 0x6f, 0x73, 0x2e, 0x78,
  0x79, 0x7a, 0x20, 0x3d, 0x20, 0x73, 0x68, 0x61, 0x64, 0x6f, 0x77, 0x70,
  0x6f, 0x73, 0x2e, 0x78, 0x79, 0x7a, 0x20, 0x2a, 0x20, 0x28, 0x30, 0x2e,
  0x35, 0x20, 0x2f, 0x20, 0x73, 0x68, 0x61, 0x64, 0x6f, 0x77, 0x70, 0x6f,
  0x73, 0x2e, 0x77, 0x29, 0x20, 0x2b, 0x20, 0x76, 0x65, 0x63, 0x33, 0x28,
  0x30, 0x2e, 0x35, 0x29, 0x3b, 0x0a, 0x09, 0x09, 0x72, 0x65, 0x73, 0x75,
  0x6c, 0x74, 0x20, 0x3d, 0x20, 0x50, 0x43, 0x46, 0x28, 0x75, 0x5f, 0x53,
  0x68, 0x61, 0x64, 0x6f, 0x77, 0x4d, 0x61, 0x70, 0x2c, 0x20, 0x73, 0x68,
  0x61, 0x64, 0x6f, 0x77, 0x70, 0x6f, 0x73, 0x2e, 0x78, 0x79, 0x2c, 0x20,
  0x73, 0x68, 0x61, 0x64, 0x6f, 0x77, 0x70, 0x6f, 0x73, 0x2e, 0x7a, 0x29,
  0x3b, 0x0a, 0x23, 0x69, 0x66, 0x20, 0x64, 0x65, 0x66, 0x69, 0x6e, 0x65,
  0x64, 0x28, 0x55, 0x53, 0x45, 0x5f, 0x53, 0x48, 0x41, 0x44, 0x4f, 0x57,
  0x5f, 0x43, 0x41, 0x53, 0x43, 0x41, 0x44, 0x45, 0x29, 0x0a, 0x09, 0x7d,
  0x0a, 0x09, 0x65, 0x6c, 0x73, 0x65, 0x0a, 0x09, 0x7b, 0x0a, 0x09, 0x09,
  0x73, 0x68, 0x61, 0x64, 0x6f, 0x77, 0x70, 0x6f, 0x73, 0x20, 0x3d, 0x20,
  0x75, 0x5f, 0x53, 0x68, 0x61, 0x64, 0x6f, 0x77, 0x4d, 0x76, 0x70, 0x32,
  0x20, 0x2a, 0x20, 0x62, 0x69, 0x61, 0x73, 0x50, 0x6f, 0x73, 0x3b, 0x0a,
  0x0a, 0x09, 0x09, 0x69, 0x66, 0x20, 0x28, 0x61, 0x6c, 0x6c, 0x28, 0x6c,
  0x65, 0x73, 0x73, 0x54, 0x68, 0x61, 0x6e, 0x28, 0x61, 0x62, 0x73, 0x28,
  0x73, 0x68, 0x61, 0x64, 0x6f, 0x77, 0x70, 0x6f, 0x73, 0x2e, 0x78, 0x79,
  0x7a, 0x29, 0x2c, 0x20, 0x76, 0x65, 0x63, 0x33, 0x28, 0x61, 0x62, 0x73,
  0x28, 0x73, 0x68, 0x61, 0x64, 0x6f, 0x77, 0x70, 0x6f, 0x73, 0x2e, 0x77,
  0x29, 0x29, 0x29, 0x29, 0x29, 0x0a, 0x09, 0x09, 0x7b, 0x0a, 0x09, 0x09,
  0x09, 0x73, 0x68, 0x61, 0x64, 0x6f, 0x77, 0x70, 0x6f, 0x73, 0x2e, 0x78,
  0x79, 0x7a, 0x20, 0x3d, 0x20, 0x73, 0x68, 0x61, 0x64, 0x6f, 0x77, 0x70,
  0x6f, 0x73, 0x2e, 0x78, 0x79, 0x7a, 0x20, 0x2a, 0x20, 0x28, 0x30, 0x2e,
  0x35, 0x20, 0x2f, 0x20, 0x73, 0x68, 0x61, 0x64, 0x6f, 0x77, 0x70, 0x6f,
  0x73, 0x2e, 0x77, 0x29, 0x20, 0x2b, 0x20, 0x76, 0x65, 0x63, 0x33, 0x28,
  0x30, 0x2e, 0x35, 0x29, 0x3b, 0x0a, 0x09, 0x09, 0x09, 0x72, 0x65, 0x73,
  0x75, 0x6c, 0x74, 0x20, 0x3d, 0x20, 0x50, 0x43, 0x46, 0x28, 0x75, 0x5f,
  0x53, 0x68, 0x61, 0x64, 0x6f, 0x77, 0x4d, 0x61, 0x70, 0x32, 0x2c, 0x20,
  0x73, 0x68, 0x61, 0x64, 0x6f, 0x77, 0x70, 0x6f, 0x73, 0x2e, 0x78, 0x79,
  0x2c, 0x20, 0x73, 0x68, 0x61, 0x64, 0x6f, 0x77, 0x70, 0x6f, 0x73, 0x2e,
  0x7a, 0x29, 0x3b, 0x0a, 0x09, 0x09, 0x7d, 0x0a, 0x09, 0x09, 0x65, 0x6c,
  0x73, 0x65, 0x0a, 0x09, 0x09, 0x7b, 0x0a, 0x09, 0x09, 0x09, 0x73, 0x68,
  0x61, 0x64, 0x6f, 0x77, 0x70, 0x6f, 0x73, 0x20, 0x3d, 0x20, 0x75, 0x5f,
  0x53, 0x68, 0x61, 0x64, 0x6f, 0x77, 0x4d, 0x76, 0x70, 0x33, 0x20, 0x2a,
  0x20, 0x62, 0x69, 0x61, 0x73, 0x50, 0x6f, 0x73, 0x3b, 0x0a, 0x0a, 0x09,
  0x09, 0x09, 0x69, 0x66, 0x20, 0x28, 0x61, 0x6c, 0x6c, 0x28, 0x6c, 0x65,
  0x73, 0x73, 0x54, 0x68, 0x61, 0x6e, 0x28, 0x61, 0x62, 0x73, 0x28, 0x73,
  0x68, 0x61, 0x64, 0x6f, 0x77, 0x70, 0x6f, 0x73, 0x2e, 0x78, 0x79, 0x7a,
  0x29, 0x2c, 0x20, 0x76, 0x65, 0x63, 0x33, 0x28, 0x61, 0x62, 0x73, 0x28,
  0x73, 0x68, 0x61, 0x64, 0x6f, 0x77, 0x70, 0x6f, 0x73, 0x2e, 0x77, 0x29,
  0x29, 0x29, 0x29, 0x29, 0x0a, 0x09, 0x09, 0x09, 0x7b, 0x0a, 0x09, 0x09,
  0x09, 0x09, 0x73, 0x68, 0x61, 0x64, 0x6f, 0x77, 0x70, 0x6f, 0x73, 0x2e,
  0x78, 0x79, 0x7a, 0x20, 0x3d, 0x20, 0x73, 0x68, 0x61, 0x64, 0x6f, 0x77,
  0x70, 0x6f, 0x73, 0x2e, 0x78, 0x79, 0x7a, 0x20, 0x2a, 0x20, 0x28, 0x30,
  0x2e, 0x35, 0x20, 0x2f, 0x20, 0x73, 0x68, 0x61, 0x64, 0x6f, 0x77, 0x70,
  0x6f, 0x73, 0x2e, 0x77, 0x29, 0x20, 0x2b, 0x20, 0x76, 0x65, 0x63, 0x33,
  0x28, 0x30, 0x2e, 0x35, 0x29, 0x3b, 0x0a, 0x09, 0x09, 0x09, 0x09, 0x72,
  0x65, 0x73, 0x75, 0x6c, 0x74, 0x20, 0x3d, 0x20, 0x50, 0x43, 0x46, 0x28,
  0x75, 0x5f, 0x53, 0x68, 0x61, 0x64, 0x6f, 0x77, 0x4d, 0x61, 0x70, 0x33,
  0x2c, 0x20, 0x73, 0x68, 0x61, 0x64, 0x6f, 0x77, 0x70, 0x6f, 0x73, 0x2e,
  0x78, 0x79, 0x2c, 0x20, 0x73, 0x68, 0x61, 0x64, 0x6f, 0x77, 0x70, 0x6f,
  0x73, 0x2e, 0x7a, 0x29, 0x3b, 0x0a, 0x09, 0x09, 0x09, 0x7d, 0x0a, 0x09,
  0x09, 0x09, 0x65, 0x6c, 0x73, 0x65, 0x0a, 0x09, 0x09, 0x09, 0x7b, 0x0a,
  0x09, 0x09, 0x09, 0x09, 0x73, 0x68, 0x61, 0x64, 0x6f, 0x77, 0x70, 0x6f,
  0x73, 0x20, 0x3d, 0x20, 0x75, 0x5f, 0x53, 0x68, 0x61, 0x64, 0x6f, 0x77,
  0x4d, 0x76, 0x70, 0x34, 0x20, 0x2a, 0x20, 0x62, 0x69, 0x61, 0x73, 0x50,
  0x6f, 0x73, 0x3b, 0x0a, 0x09, 0x09, 0x09, 0x09, 0x73, 0x68, 0x61, 0x64,
  0x6f, 0x77, 0x70, 0x6f, 0x73, 0x2e, 0x78, 0x79, 0x7a, 0x20, 0x3d, 0x20,
  0x73, 0x68, 0x61, 0x64, 0x6f, 0x77, 0x70, 0x6f, 0x73, 0x2e, 0x78, 0x79,
  0x7a, 0x20, 0x2a, 0x20, 0x28, 0x30, 0x2e, 0x35, 0x20, 0x2f, 0x20, 0x73,
  0x68, 0x61, 0x64, 0x6f, 0x77, 0x70, 0x6f, 0x73, 0x2e, 0x77, 0x29, 0x20,
  0x2b, 0x20, 0x76, 0x65, 0x63, 0x33, 0x28, 0x30, 0x2e, 0x35, 0x29, 0x3b,
  0x0a, 0x09, 0x09, 0x09, 0x09, 0x72, 0x65, 0x73, 0x75, 0x6c, 0x74, 0x20,
  0x3d, 0x20, 0x50, 0x43, 0x46, 0x28, 0x75, 0x5f, 0x53, 0x68, 0x61, 0x64,
  0x6f, 0x77, 0x4d, 0x61, 0x70, 0x34, 0x2c, 0x20, 0x73, 0x68, 0x61, 0x64,
  0x6f, 0x77, 0x70, 0x6f, 0x73, 0x2e, 0x78, 0x79, 0x2c, 0x20, 0x73, 0x68,
  0x61, 0x64, 0x6f, 0x77, 0x70, 0x6f, 0x73, 0x2e, 0x7a, 0x29, 0x3b, 0x0a,
  0x09, 0x09, 0x09, 0x7d, 0x0a, 0x09, 0x09, 0x7d, 0x0a, 0x09, 0x7d, 0x0a,
  0x23, 0x65, 0x6e, 0x64, 0x69, 0x66, 0x0a, 0x0a, 0x09, 0x67, 0x6c, 0x5f,
  0x46, 0x72, 0x61, 0x67, 0x43, 0x6f, 0x6c, 0x6f, 0x72, 0x20, 0x3d, 0x20,
  0x76, 0x65, 0x63, 0x34, 0x28, 0x76, 0x65, 0x63, 0x33, 0x28, 0x72, 0x65,
  0x73, 0x75, 0x6c, 0x74, 0x29, 0x2c, 0x20, 0x31, 0x2e, 0x30, 0x29, 0x3b,
  0x0a, 0x7d, 0x0a
};
unsigned int fallbackShader_shadowmask_fp_len = 4623;
unsigned char fallbackShader_shadowmask_vp[] = {
  0x61, 0x74, 0x74, 0x72, 0x69, 0x62, 0x75, 0x74, 0x65, 0x20, 0x76, 0x65,
  0x63, 0x34, 0x20, 0x61, 0x74, 0x74, 0x72, 0x5f, 0x50, 0x6f, 0x73, 0x69,
  0x74, 0x69, 0x6f, 0x6e, 0x3b, 0x0a, 0x61, 0x74, 0x74, 0x72, 0x69, 0x62,
  0x75, 0x74, 0x65, 0x20, 0x76, 0x65, 0x63, 0x34, 0x20, 0x61, 0x74, 0x74,
  0x72, 0x5f, 0x54, 0x65, 0x78, 0x43, 0x6f, 0x6f, 0x72, 0x64, 0x30, 0x3b,
  0x0a, 0x0a, 0x75, 0x6e, 0x69, 0x66, 0x6f, 0x72, 0x6d, 0x20, 0x76, 0x65,
  0x63, 0x33, 0x20, 0x20, 0x20, 0x75, 0x5f, 0x56, 0x69, 0x65, 0x77, 0x46,
  0x6f, 0x72, 0x77, 0x61, 0x72, 0x64, 0x3b, 0x0a, 0x75, 0x6e, 0x69, 0x66,
  0x6f, 0x72, 0x6d, 0x20, 0x76, 0x65, 0x63, 0x33, 0x20, 0x20, 0x20, 0x75,
  0x5f, 0x56, 0x69, 0x65, 0x77, 0x4c, 0x65, 0x66, 0x74, 0x3b, 0x0a, 0x75,
  0x6e, 0x69, 0x66, 0x6f, 0x72, 0x6d, 0x20, 0x76, 0x65, 0x63, 0x33, 0x20,
  0x20, 0x20, 0x75, 0x5f, 0x56, 0x69, 0x65, 0x77, 0x55, 0x70, 0x3b, 0x0a,
  0x75, 0x6e, 0x69, 0x66, 0x6f, 0x72, 0x6d, 0x20, 0x76, 0x65, 0x63, 0x34,
  0x20, 0x20, 0x20, 0x75, 0x5f, 0x56, 0x69, 0x65, 0x77, 0x49, 0x6e, 0x66,
  0x6f, 0x3b, 0x20, 0x2f, 0x2f, 0x20, 0x7a, 0x66, 0x61, 0x72, 0x20, 0x2f,
  0x20, 0x7a, 0x6e, 0x65, 0x61, 0x72, 0x0a, 0x0a, 0x76, 0x61, 0x72, 0x79,
  0x69, 0x6e, 0x67, 0x20, 0x76, 0x65, 0x63, 0x32, 0x20, 0x20, 0x20, 0x76,
  0x61, 0x72, 0x5f, 0x44, 0x65, 0x70, 0x74, 0x68, 0x54, 0x65, 0x78, 0x3b,
  0x0a, 0x76, 0x61, 0x72, 0x79, 0x69, 0x6e, 0x67, 0x20, 0x76, 0x65, 0x63,
  0x33, 0x20, 0x20, 0x20, 0x76, 0x61, 0x72, 0x5f, 0x56, 0x69, 0x65, 0x77,
  0x44, 0x69, 0x72, 0x3b, 0x0a, 0x0a, 0x76, 0x6f, 0x69, 0x64, 0x20, 0x6d,
  0x61, 0x69, 0x6e, 0x28, 0x29, 0x0a, 0x7b, 0x0a, 0x09, 0x67, 0x6c, 0x5f,
  0x50, 0x6f, 0x73, 0x69, 0x74, 0x69, 0x6f, 0x6e, 0x20, 0x3d, 0x20, 0x61,
  0x74, 0x74, 0x72, 0x5f, 0x50, 0x6f, 0x73, 0x69, 0x74, 0x69, 0x6f, 0x6e,
  0x3b, 0x0a, 0x09, 0x76, 0x65, 0x63, 0x32, 0x20, 0x73, 0x63, 0x72, 0x65,
  0x65, 0x6e, 0x43, 0x6f, 0x6f, 0x72, 0x64, 0x73, 0x20, 0x3d, 0x20, 0x67,
  0x6c, 0x5f, 0x50, 0x6f, 0x73, 0x69, 0x74, 0x69, 0x6f, 0x6e, 0x2e, 0x78,
  0x79, 0x20, 0x2f, 0x20, 0x67, 0x6c, 0x5f, 0x50, 0x6f, 0x73, 0x69, 0x74,
  0x69, 0x6f, 0x6e, 0x2e, 0x77, 0x3b, 0x0a, 0x09, 0x76, 0x61, 0x72, 0x5f,
  0x44, 0x65, 0x70, 0x74, 0x68, 0x54, 0x65, 0x78, 0x20, 0x3d, 0x20, 0x61,
  0x74, 0x74, 0x72, 0x5f, 0x54, 0x65, 0x78, 0x43, 0x6f, 0x6f, 0x72, 0x64,
  0x30, 0x2e, 0x78, 0x79, 0x3b, 0x0a, 0x09, 0x76, 0x61, 0x72, 0x5f, 0x56,
  0x69, 0x65, 0x77, 0x44, 0x69, 0x72, 0x20, 0x3d, 0x20, 0x75, 0x5f, 0x56,
  0x69, 0x65, 0x77, 0x46, 0x6f, 0x72, 0x77, 0x61, 0x72, 0x64, 0x20, 0x2b,
  0x20, 0x75, 0x5f, 0x56, 0x69, 0x65, 0x77, 0x4c, 0x65, 0x66, 0x74, 0x20,
  0x2a, 0x20, 0x2d, 0x73, 0x63, 0x72, 0x65, 0x65, 0x6e, 0x43, 0x6f, 0x6f,
  0x72, 0x64, 0x73, 0x2e, 0x78, 0x20, 0x2b, 0x20, 0x75, 0x5f, 0x56, 0x69,
  0x65, 0x77, 0x55, 0x70, 0x20, 0x2a, 0x20, 0x73, 0x63, 0x72, 0x65, 0x65,
  0x6e, 0x43, 0x6f, 0x6f, 0x72, 0x64, 0x73, 0x2e, 0x79, 0x3b, 0x0a, 0x7d,
  0x0a
};
unsigned int fallbackShader_shadowmask_vp_len = 469;
unsigned char fallbackShader_ssao_fp[] = {
  0x75, 0x6e, 0x69, 0x66, 0x6f, 0x72, 0x6d, 0x20, 0x73, 0x61, 0x6d, 0x70,
  0x6c, 0x65, 0x72, 0x32, 0x44, 0x20, 0x75, 0x5f, 0x53, 0x63, 0x72, 0x65,
  0x65, 0x6e, 0x44, 0x65, 0x70, 0x74, 0x68, 0x4d, 0x61, 0x70, 0x3b, 0x0a,
  0x0a, 0x75, 0x6e, 0x69, 0x66, 0x6f, 0x72, 0x6d, 0x20, 0x76, 0x65, 0x63,
  0x34, 0x20, 0x20, 0x20, 0x75, 0x5f, 0x56, 0x69, 0x65, 0x77, 0x49, 0x6e,
  0x66, 0x6f, 0x3b, 0x20, 0x2f, 0x2f, 0x20, 0x7a, 0x66, 0x61, 0x72, 0x20,
  0x2f, 0x20, 0x7a, 0x6e, 0x65, 0x61, 0x72, 0x2c, 0x20, 0x7a, 0x66, 0x61,
  0x72, 0x2c, 0x20, 0x31, 0x2f, 0x77, 0x69, 0x64, 0x74, 0x68, 0x2c, 0x20,
  0x31, 0x2f, 0x68, 0x65, 0x69, 0x67, 0x68, 0x74, 0x0a, 0x0a, 0x76, 0x61,
  0x72, 0x79, 0x69, 0x6e, 0x67, 0x20, 0x76, 0x65, 0x63, 0x32, 0x20, 0x20,
  0x20, 0x76, 0x61, 0x72, 0x5f, 0x53, 0x63, 0x72, 0x65, 0x65, 0x6e, 0x54,
  0x65, 0x78, 0x3b, 0x0a, 0x0a, 0x23, 0x69, 0x66, 0x20, 0x30, 0x0a, 0x76,
  0x65, 0x63, 0x32, 0x20, 0x70, 0x6f, 0x69, 0x73, 0x73, 0x6f, 0x6e, 0x44,
  0x69, 0x73, 0x63, 0x5b, 0x39, 0x5d, 0x20, 0x3d, 0x20, 0x76, 0x65, 0x63,
  0x32, 0x5b, 0x39, 0x5d, 0x28, 0x0a, 0x76, 0x65, 0x63, 0x32, 0x28, 0x2d,
  0x30, 0x2e, 0x37, 0x30, 0x35, 0x35, 0x37, 0x36, 0x37, 0x2c, 0x20, 0x30,
  0x2e, 0x31, 0x39, 0x36, 0x35, 0x31, 0x35, 0x29, 0x2c, 0x20, 0x20, 0x20,
  0x20, 0x76, 0x65, 0x63, 0x32, 0x28, 0x30, 0x2e, 0x33, 0x35, 0x32, 0x34,
  0x33, 0x34, 0x33, 0x2c, 0x20, 0x2d, 0x30, 0x2e, 0x37, 0x37, 0x39, 0x31,
  0x33, 0x38, 0x36, 0x29, 0x2c, 0x0a, 0x76, 0x65, 0x63, 0x32, 0x28, 0x30,
  0x2e, 0x32, 0x33, 0x39, 0x31, 0x30, 0x35, 0x36, 0x2c, 0x20, 0x30, 0x2e,
  0x39, 0x31, 0x38, 0x39, 0x36, 0x30, 0x34, 0x29, 0x2c, 0x20, 0x20, 0x20,
  0x20, 0x76, 0x65, 0x63, 0x32, 0x28, 0x2d, 0x30, 0x2e, 0x30, 0x37, 0x35,
  0x38, 0x30, 0x33, 0x38, 0x32, 0x2c, 0x20, 0x2d, 0x30, 0x2e, 0x30, 0x39,
  0x32, 0x32, 0x34, 0x34, 0x31, 0x37, 0x29, 0x2c, 0x0a, 0x76, 0x65, 0x63,
  0x32, 0x28, 0x30, 0x2e, 0x35, 0x37, 0x38, 0x34, 0x39, 0x31, 0x33, 0x2c,
  0x20, 0x2d, 0x30, 0x2e, 0x30, 0x30, 0x32, 0x35, 0x32, 0x38, 0x39, 0x31,
  0x36, 0x29, 0x2c, 0x20, 0x76, 0x65, 0x63, 0x32, 0x28, 0x30, 0x2e, 0x31,
  0x39, 0x32, 0x38, 0x38, 0x38, 0x2c, 0x20, 0x30, 0x2e, 0x34, 0x30, 0x36,
  0x34, 0x31, 0x38, 0x31, 0x29, 0x2c, 0x0a, 0x76, 0x65, 0x63, 0x32, 0x28,
  0x2d, 0x30, 0x2e, 0x36, 0x33, 0x33, 0x35, 0x38, 0x30, 0x31, 0x2c, 0x20,
  0x2d, 0x30, 0x2e, 0x35, 0x32, 0x34, 0x37, 0x34, 0x37, 0x36, 0x29, 0x2c,
  0x20, 0x20, 0x76, 0x65, 0x63, 0x32, 0x28, 0x2d, 0x30, 0x2e, 0x35, 0x35,
  0x37, 0x39, 0x37, 0x38, 0x32, 0x2c, 0x20, 0x30, 0x2e, 0x37, 0x34, 0x39,
  0x31, 0x38, 0x35, 0x34, 0x29, 0x2c, 0x0a, 0x76, 0x65, 0x63, 0x32, 0x28,
  0x30, 0x2e, 0x37, 0x33, 0x32, 0x30, 0x34, 0x36, 0x35, 0x2c, 0x20, 0x30,
  0x2e, 0x36, 0x33, 0x31, 0x37, 0x37, 0x39, 0x34, 0x29, 0x0a, 0x29, 0x3b,
  0x0a, 0x23, 0x65, 0x6e, 0x64, 0x69, 0x66, 0x0a, 0x0a, 0x23, 0x64, 0x65,
  0x66, 0x69, 0x6e, 0x65, 0x20, 0x4e, 0x55, 0x4d, 0x5f, 0x53, 0x41, 0x4d,
  0x50, 0x4c, 0x45, 0x53, 0x20, 0x33, 0x0a, 0x0a, 0x2f, 0x2f, 0x20, 0x49,
  0x6e, 0x70, 0x75, 0x74, 0x3a, 0x20, 0x49, 0x74, 0x20, 0x75, 0x73, 0x65,
  0x73, 0x20, 0x74, 0x65, 0x78, 0x74, 0x75, 0x72, 0x65, 0x20, 0x63, 0x6f,
  0x6f, 0x72, 0x64, 0x73, 0x20, 0x61, 0x73, 0x20, 0x74, 0x68, 0x65, 0x20,
  0x72, 0x61, 0x6e, 0x64, 0x6f, 0x6d, 0x20, 0x6e, 0x75, 0x6d, 0x62, 0x65,
  0x72, 0x20, 0x73, 0x65, 0x65, 0x64, 0x2e, 0x0a, 0x2f, 0x2f, 0x20, 0x4f,
  0x75, 0x74, 0x70, 0x75, 0x74, 0x3a, 0x20, 0x52, 0x61, 0x6e, 0x64, 0x6f,
  0x6d, 0x20, 0x6e, 0x75, 0x6d, 0x62, 0x65, 0x72, 0x3a, 0x20, 0x5b, 0x30,
  0x2c, 0x31, 0x29, 0x2c, 0x20, 0x74, 0x68, 0x61, 0x74, 0x20, 0x69, 0x73,
  0x20, 0x62, 0x65, 0x74, 0x77, 0x65, 0x65, 0x6e, 0x20, 0x30, 0x2e, 0x30,
  0x20, 0x61, 0x6e, 0x64, 0x20, 0x30, 0x2e, 0x39, 0x39, 0x39, 0x39, 0x39,
  0x39, 0x2e, 0x2e, 0x2e, 0x20, 0x69, 0x6e, 0x63, 0x6c, 0x75, 0x73, 0x69,
  0x76, 0x65, 0x2e, 0x0a, 0x2f, 0x2f, 0x20, 0x41, 0x75, 0x74, 0x68, 0x6f,
  0x72, 0x3a, 0x20, 0x4d, 0x69, 0x63, 0x68, 0x61, 0x65, 0x6c, 0x20, 0x50,
  0x6f, 0x68, 0x6f, 0x72, 0x65, 0x73, 0x6b, 0x69, 0x0a, 0x2f, 0x2f, 0x20,
  0x43, 0x6f, 0x70, 0x79, 0x72, 0x69, 0x67, 0x68, 0x74, 0x3a, 0x20, 0x43,
  0x6f, 0x70, 0x79, 0x6c, 0x65, 0x66, 0x74, 0x20, 0x32, 0x30, 0x31, 0x32,
  0x20, 0x3a, 0x2d, 0x29, 0x0a, 0x2f, 0x2f, 0x20, 0x53, 0x6f, 0x75, 0x72,
  0x63, 0x65, 0x3a, 0x20, 0x68, 0x74, 0x74, 0x70, 0x3a, 0x2f, 0x2f, 0x73,
  0x74, 0x61, 0x63, 0x6b, 0x6f, 0x76, 0x65, 0x72, 0x66, 0x6c, 0x6f, 0x77,
  0x2e, 0x63, 0x6f, 0x6d, 0x2f, 0x71, 0x75, 0x65, 0x73, 0x74, 0x69, 0x6f,
  0x6e, 0x73, 0x2f, 0x35, 0x31, 0x34, 0x39, 0x35, 0x34, 0x34, 0x2f, 0x63,
  0x61, 0x6e, 0x2d, 0x69, 0x2d, 0x67, 0x65, 0x6e, 0x65, 0x72, 0x61, 0x74,
  0x65, 0x2d, 0x61, 0x2d, 0x72, 0x61, 0x6e, 0x64, 0x6f, 0x6d, 0x2d, 0x6e,
  0x75, 0x6d, 0x62, 0x65, 0x72, 0x2d, 0x69, 0x6e, 0x73, 0x69, 0x64, 0x65,
  0x2d, 0x61, 0x2d, 0x70, 0x69, 0x78, 0x65, 0x6c, 0x2d, 0x73, 0x68, 0x61,
  0x64, 0x65, 0x72, 0x0a, 0x0a, 0x66, 0x6c, 0x6f, 0x61, 0x74, 0x20, 0x72,
  0x61, 0x6e, 0x64, 0x6f, 0x6d, 0x28, 0x20, 0x63, 0x6f, 0x6e, 0x73, 0x74,
  0x20, 0x76, 0x65, 0x63, 0x32, 0x20, 0x70, 0x20, 0x29, 0x0a, 0x7b, 0x0a,
  0x20, 0x20, 0x2f, 0x2f, 0x20, 0x57, 0x65, 0x20, 0x6e, 0x65, 0x65, 0x64,
  0x20, 0x69, 0x72, 0x72, 0x61, 0x74, 0x69, 0x6f, 0x6e, 0x61, 0x6c, 0x73,
  0x20, 0x66, 0x6f, 0x72, 0x20, 0x70, 0x73, 0x65, 0x75, 0x64, 0x6f, 0x20,
  0x72, 0x61, 0x6e, 0x64, 0x6f, 0x6d, 0x6e, 0x65, 0x73, 0x73, 0x2e, 0x0a,
  0x20, 0x20, 0x2f, 0x2f, 0x20, 0x4d, 0x6f, 0x73, 0x74, 0x20, 0x28, 0x61,
  0x6c, 0x6c, 0x3f, 0x29, 0x20, 0x6b, 0x6e, 0x6f, 0x77, 0x6e, 0x20, 0x74,
  0x72, 0x61, 0x6e, 0x73, 0x63, 0x65, 0x6e, 0x64, 0x65, 0x6e, 0x74, 0x61,
  0x6c, 0x20, 0x6e, 0x75, 0x6d, 0x62, 0x65, 0x72, 0x73, 0x20, 0x77, 0x69,
  0x6c, 0x6c, 0x20, 0x28, 0x67, 0x65, 0x6e, 0x65, 0x72, 0x61, 0x6c, 0x6c,
  0x79, 0x29, 0x20, 0x77, 0x6f, 0x72, 0x6b, 0x2e, 0x0a, 0x20, 0x20, 0x63,
  0x6f, 0x6e, 0x73, 0x74, 0x20, 0x76, 0x65, 0x63, 0x32, 0x20, 0x72, 0x20,
  0x3d, 0x20, 0x76, 0x65, 0x63, 0x32, 0x28, 0x0a, 0x20, 0x20, 0x20, 0x20,
  0x32, 0x33, 0x2e, 0x31, 0x34, 0x30, 0x36, 0x39, 0x32, 0x36, 0x33, 0x32,
  0x37, 0x37, 0x39, 0x32, 0x36, 0x39, 0x30, 0x2c, 0x20, 0x20, 0x2f, 0x2f,
  0x20, 0x65, 0x5e, 0x70, 0x69, 0x20, 0x28, 0x47, 0x65, 0x6c, 0x66, 0x6f,
  0x6e, 0x64, 0x27, 0x73, 0x20, 0x63, 0x6f, 0x6e, 0x73, 0x74, 0x61, 0x6e,
  0x74, 0x29, 0x0a, 0x20, 0x20, 0x20, 0x20, 0x20, 0x32, 0x2e, 0x36, 0x36,
  0x35, 0x31, 0x34, 0x34, 0x31, 0x34, 0x32, 0x36, 0x39, 0x30, 0x32, 0x32,
  0x35, 0x31, 0x29, 0x3b, 0x20, 0x2f, 0x2f, 0x20, 0x32, 0x5e, 0x73, 0x71,
  0x72, 0x74, 0x28, 0x32, 0x29, 0x20, 0x28, 0x47, 0x65, 0x6c, 0x66, 0x6f,
  0x6e, 0x64, 0x2d, 0x53, 0x63, 0x68, 0x6e, 0x65, 0x69, 0x64, 0x65, 0x72,
  0x20, 0x63, 0x6f, 0x6e, 0x73, 0x74, 0x61, 0x6e, 0x74, 0x29, 0x0a, 0x20,
  0x20, 0x2f, 0x2f, 0x72, 0x65, 0x74, 0x75, 0x72, 0x6e, 0x20, 0x66, 0x72,
  0x61, 0x63, 0x74, 0x28, 0x20, 0x63, 0x6f, 0x73, 0x28, 0x20, 0x6d, 0x6f,
  0x64, 0x28, 0x20, 0x31, 0x32, 0x33, 0x34, 0x35, 0x36, 0x37, 0x38, 0x39,
  0x2e, 0x2c, 0x20, 0x31, 0x65, 0x2d, 0x37, 0x20, 0x2b, 0x20, 0x32, 0x35,
  0x36, 0x2e, 0x20, 0x2a, 0x20, 0x64, 0x6f, 0x74, 0x28, 0x70, 0x2c, 0x72,
  0x29, 0x20, 0x29, 0x20, 0x29, 0x20, 0x29, 0x3b, 0x0a, 0x20, 0x20, 0x72,
  0x65, 0x74, 0x75, 0x72, 0x6e, 0x20, 0x6d, 0x6f, 0x64, 0x28, 0x20, 0x31,
  0x32, 0x33, 0x34, 0x35, 0x36, 0x37, 0x38, 0x39, 0x2e, 0x2c, 0x20, 0x31,
  0x65, 0x2d, 0x37, 0x20, 0x2b, 0x20, 0x32, 0x35, 0x36, 0x2e, 0x20, 0x2a,
  0x20, 0x64, 0x6f, 0x74, 0x28, 0x70, 0x2c, 0x72, 0x29, 0x20, 0x29, 0x3b,
  0x20, 0x20, 0x0a, 0x7d, 0x0a, 0x0a, 0x6d, 0x61, 0x74, 0x32, 0x20, 0x72,
  0x61, 0x6e, 0x64, 0x6f, 0x6d, 0x52, 0x6f, 0x74, 0x61, 0x74, 0x69, 0x6f,
  0x6e, 0x28, 0x20, 0x63, 0x6f, 0x6e, 0x73, 0x74, 0x20, 0x76, 0x65, 0x63,
  0x32, 0x20, 0x70, 0x20, 0x29, 0x0a, 0x7b, 0x0a, 0x09, 0x66, 0x6c, 0x6f,
  0x61, 0x74, 0x20, 0x72, 0x20, 0x3d, 0x20, 0x72, 0x61, 0x6e, 0x64, 0x6f,
  0x6d, 0x28, 0x70, 0x29, 0x3b, 0x0a, 0x09, 0x66, 0x6c, 0x6f, 0x61, 0x74,
  0x20, 0x73, 0x69, 0x6e, 0x72, 0x20, 0x3d, 0x20, 0x73, 0x69, 0x6e, 0x28,
  0x72, 0x29, 0x3b, 0x0a, 0x09, 0x66, 0x6c, 0x6f, 0x61, 0x74, 0x20, 0x63,
  0x6f, 0x73, 0x72, 0x20, 0x3d, 0x20, 0x63, 0x6f, 0x73, 0x28, 0x72, 0x29,
  0x3b, 0x0a, 0x09, 0x72, 0x65, 0x74, 0x75, 0x72, 0x6e, 0x20, 0x6d, 0x61,
  0x74, 0x32, 0x28, 0x63, 0x6f, 0x73, 0x72, 0x2c, 0x20, 0x73, 0x69, 0x6e,
  0x72, 0x2c, 0x20, 0x2d, 0x73, 0x69, 0x6e, 0x72, 0x2c, 0x20, 0x63, 0x6f,
  0x73, 0x72, 0x29, 0x3b, 0x0a, 0x7d, 0x0a, 0x0a, 0x66, 0x6c, 0x6f, 0x61,
  0x74, 0x20, 0x67, 0x65, 0x74, 0x4c, 0x69, 0x6e, 0x65, 0x61, 0x72, 0x44,
  0x65, 0x70, 0x74, 0x68, 0x28, 0x73, 0x61, 0x6d, 0x70, 0x6c, 0x65, 0x72,
  0x32, 0x44, 0x20, 0x64, 0x65, 0x70, 0x74, 0x68, 0x4d, 0x61, 0x70, 0x2c,
  0x20, 0x63, 0x6f, 0x6e, 0x73, 0x74, 0x20, 0x76, 0x65, 0x63, 0x32, 0x20,
  0x74, 0x65, 0x78, 0x2c, 0x20, 0x63, 0x6f, 0x6e, 0x73, 0x74, 0x20, 0x66,
  0x6c, 0x6f, 0x61, 0x74, 0x20, 0x7a, 0x46, 0x61, 0x72, 0x44, 0x69, 0x76,
  0x5a, 0x4e, 0x65, 0x61, 0x72, 0x29, 0x0a, 0x7b, 0x0a, 0x09, 0x66, 0x6c,
  0x6f, 0x61, 0x74, 0x20, 0x73, 0x61, 0x6d, 0x70, 0x6c, 0x65, 0x5a, 0x44,
  0x69, 0x76, 0x57, 0x20, 0x3d, 0x20, 0x74, 0x65, 0x78, 0x74, 0x75, 0x72,
  0x65, 0x32, 0x44, 0x28, 0x64, 0x65, 0x70, 0x74, 0x68, 0x4d, 0x61, 0x70,
  0x2c, 0x20, 0x74, 0x65, 0x78, 0x29, 0x2e, 0x72, 0x3b, 0x0a, 0x09, 0x72,
  0x65, 0x74, 0x75, 0x72, 0x6e, 0x20, 0x31, 0x2e, 0x30, 0x20, 0x2f, 0x20,
  0x6d, 0x69, 0x78, 0x28, 0x7a, 0x46, 0x61, 0x72, 0x44, 0x69, 0x76, 0x5a,
  0x4e, 0x65, 0x61, 0x72, 0x2c, 0x20, 0x31, 0x2e, 0x30, 0x2c, 0x20, 0x73,
  0x61, 0x6d, 0x70, 0x6c, 0x65, 0x5a, 0x44, 0x69, 0x76, 0x57, 0x29, 0x3b,
  0x0a, 0x7d, 0x0a, 0x0a, 0x66, 0x6c, 0x6f, 0x61, 0x74, 0x20, 0x61, 0x6d,
  0x62, 0x69, 0x65, 0x6e, 0x74, 0x4f, 0x63, 0x63, 0x6c, 0x75, 0x73, 0x69,
  0x6f, 0x6e, 0x28, 0x73, 0x61, 0x6d, 0x70, 0x6c, 0x65, 0x72, 0x32, 0x44,
  0x20, 0x64, 0x65, 0x70, 0x74, 0x68, 0x4d, 0x61, 0x70, 0x2c, 0x20, 0x63,
  0x6f, 0x6e, 0x73, 0x74, 0x20, 0x76, 0x65, 0x63, 0x32, 0x20, 0x74, 0x65,
  0x78, 0x2c, 0x20, 0x63, 0x6f, 0x6e, 0x73, 0x74, 0x20, 0x66, 0x6c, 0x6f,
  0x61, 0x74, 0x20, 0x7a, 0x46, 0x61, 0x72, 0x44, 0x69, 0x76, 0x5a, 0x4e,
  0x65, 0x61, 0x72, 0x2c, 0x20, 0x63, 0x6f, 0x6e, 0x73, 0x74, 0x20, 0x66,
  0x6c, 0x6f, 0x61, 0x74, 0x20, 0x7a, 0x46, 0x61, 0x72, 0x2c, 0x20, 0x63,
  0x6f, 0x6e, 0x73, 0x74, 0x20, 0x76, 0x65, 0x63, 0x32, 0x20, 0x73, 0x63,
  0x61, 0x6c, 0x65, 0x29, 0x0a, 0x7b, 0x0a, 0x09, 0x76, 0x65, 0x63, 0x32,
  0x20, 0x70, 0x6f, 0x69, 0x73, 0x73, 0x6f, 0x6e, 0x44, 0x69, 0x73, 0x63,
  0x5b, 0x39, 0x5d, 0x3b, 0x0a, 0x0a, 0x09, 0x70, 0x6f, 0x69, 0x73, 0x73,
  0x6f, 0x6e, 0x44, 0x69, 0x73, 0x63, 0x5b, 0x30, 0x5d, 0x20, 0x3d, 0x20,
  0x76, 0x65, 0x63, 0x32, 0x28, 0x2d, 0x30, 0x2e, 0x37, 0x30, 0x35, 0x35,
  0x37, 0x36, 0x37, 0x2c, 0x20, 0x30, 0x2e, 0x31, 0x39, 0x36, 0x35, 0x31,
  0x35, 0x29, 0x3b, 0x0a, 0x09, 0x70, 0x6f, 0x69, 0x73, 0x73, 0x6f, 0x6e,
  0x44, 0x69, 0x73, 0x63, 0x5b, 0x31, 0x5d, 0x20, 0x3d, 0x20, 0x76, 0x65,
  0x63, 0x32, 0x28, 0x30, 0x2e, 0x33, 0x35, 0x32, 0x34, 0x33, 0x34, 0x33,
  0x2c, 0x20, 0x2d, 0x30, 0x2e, 0x37, 0x37, 0x39, 0x31, 0x33, 0x38, 0x36,
  0x29, 0x3b, 0x0a, 0x09, 0x70, 0x6f, 0x69, 0x73, 0x73, 0x6f, 0x6e, 0x44,
  0x69, 0x73, 0x63, 0x5b, 0x32, 0x5d, 0x20, 0x3d, 0x20, 0x76, 0x65, 0x63,
  0x32, 0x28, 0x30, 0x2e, 0x32, 0x33, 0x39, 0x31, 0x30, 0x35, 0x36, 0x2c,
  0x20, 0x30, 0x2e, 0x39, 0x31, 0x38, 0x39, 0x36, 0x30, 0x34, 0x29, 0x3b,
  0x0a, 0x09, 0x70, 0x6f, 0x69, 0x73, 0x73, 0x6f, 0x6e, 0x44, 0x69, 0x73,
  0x63, 0x5b, 0x33, 0x5d, 0x20, 0x3d, 0x20, 0x76, 0x65, 0x63, 0x32, 0x28,
  0x2d, 0x30, 0x2e, 0x30, 0x37, 0x35, 0x38, 0x30, 0x33, 0x38, 0x32, 0x2c,
  0x20, 0x2d, 0x30, 0x2e, 0x30, 0x39, 0x32, 0x32, 0x34, 0x34, 0x31, 0x37,
  0x29, 0x3b, 0x0a, 0x09, 0x70, 0x6f, 0x69, 0x73, 0x73, 0x6f, 0x6e, 0x44,
  0x69, 0x73, 0x63, 0x5b, 0x34, 0x5d, 0x20, 0x3d, 0x20, 0x76, 0x65, 0x63,
  0x32, 0x28, 0x30, 0x2e, 0x35, 0x37, 0x38, 0x34, 0x39, 0x31, 0x33, 0x2c,
  0x20, 0x2d, 0x30, 0x2e, 0x30, 0x30, 0x32, 0x35, 0x32, 0x38, 0x39, 0x31,
  0x36, 0x29, 0x3b, 0x0a, 0x09, 0x70, 0x6f, 0x69, 0x73, 0x73, 0x6f, 0x6e,
  0x44, 0x69, 0x73, 0x63, 0x5b, 0x35, 0x5d, 0x20, 0x3d, 0x20, 0x76, 0x65,
  0x63, 0x32, 0x28, 0x30, 0x2e, 0x31, 0x39, 0x32, 0x38, 0x38, 0x38, 0x2c,
  0x20, 0x30, 0x2e, 0x34, 0x30, 0x36, 0x34, 0x31, 0x38, 0x31, 0x29, 0x3b,
  0x0a, 0x09, 0x70, 0x6f, 0x69, 0x73, 0x73, 0x6f, 0x6e, 0x44, 0x69, 0x73,
  0x63, 0x5b, 0x36, 0x5d, 0x20, 0x3d, 0x20, 0x76, 0x65, 0x63, 0x32, 0x28,
  0x2d, 0x30, 0x2e, 0x36, 0x33, 0x33, 0x35, 0x38, 0x30, 0x31, 0x2c, 0x20,
  0x2d, 0x30, 0x2e, 0x35, 0x32, 0x34, 0x37, 0x34, 0x37, 0x36, 0x29, 0x3b,
  0x0a, 0x09, 0x70, 0x6f, 0x69, 0x73, 0x73, 0x6f, 0x6e, 0x44, 0x69, 0x73,
  0x63, 0x5b, 0x37, 0x5d, 0x20, 0x3d, 0x20, 0x76, 0x65, 0x63, 0x32, 0x28,
  0x2d, 0x30, 0x2e, 0x35, 0x35, 0x37, 0x39, 0x37, 0x38, 0x32, 0x2c, 0x20,
  0x30, 0x2e, 0x37, 0x34, 0x39, 0x31, 0x38, 0x35, 0x34, 0x29, 0x3b, 0x0a,
  0x09, 0x70, 0x6f, 0x69, 0x73, 0x73, 0x6f, 0x6e, 0x44, 0x69, 0x73, 0x63,
  0x5b, 0x38, 0x5d, 0x20, 0x3d, 0x20, 0x76, 0x65, 0x63, 0x32, 0x28, 0x30,
  0x2e, 0x37, 0x33, 0x32, 0x30, 0x34, 0x36, 0x35, 0x2c, 0x20, 0x30, 0x2e,
  0x36, 0x33, 0x31, 0x37, 0x37, 0x39, 0x34, 0x29, 0x3b, 0x0a, 0x0a, 0x09,
  0x66, 0x6c, 0x6f, 0x61, 0x74, 0x20, 0x72, 0x65, 0x73, 0x75, 0x6c, 0x74,
  0x20, 0x3d, 0x20, 0x30, 0x2e, 0x30, 0x3b, 0x0a, 0x0a, 0x09, 0x66, 0x6c,
  0x6f, 0x61, 0x74, 0x20, 0x73, 0x61, 0x6d, 0x70, 0x6c, 0x65, 0x5a, 0x20,
  0x3d, 0x20, 0x67, 0x65, 0x74, 0x4c, 0x69, 0x6e, 0x65, 0x61, 0x72, 0x44,
  0x65, 0x70, 0x74, 0x68, 0x28, 0x64, 0x65, 0x70, 0x74, 0x68, 0x4d, 0x61,
  0x70, 0x2c, 0x20, 0x74, 0x65, 0x78, 0x2c, 0x20, 0x7a, 0x46, 0x61, 0x72,
  0x44, 0x69, 0x76, 0x5a, 0x4e, 0x65, 0x61, 0x72, 0x29, 0x3b, 0x0a, 0x09,
  0x66, 0x6c, 0x6f, 0x61, 0x74, 0x20, 0x73, 0x63, 0x61, 0x6c, 0x65, 0x5a,
  0x20, 0x3d, 0x20, 0x7a, 0x46, 0x61, 0x72, 0x44, 0x69, 0x76, 0x5a, 0x4e,
  0x65, 0x61, 0x72, 0x20, 0x2a, 0x20, 0x73, 0x61, 0x6d, 0x70, 0x6c, 0x65,
  0x5a, 0x3b, 0x0a, 0x0a, 0x09, 0x76, 0x65, 0x63, 0x32, 0x20, 0x73, 0x6c,
  0x6f, 0x70, 0x65, 0x20, 0x3d, 0x20, 0x76, 0x65, 0x63, 0x32, 0x28, 0x64,
  0x46, 0x64, 0x78, 0x28, 0x73, 0x61, 0x6d, 0x70, 0x6c, 0x65, 0x5a, 0x29,
  0x2c, 0x20, 0x64, 0x46, 0x64, 0x79, 0x28, 0x73, 0x61, 0x6d, 0x70, 0x6c,
  0x65, 0x5a, 0x29, 0x29, 0x20, 0x2f, 0x20, 0x76, 0x65, 0x63, 0x32, 0x28,
  0x64, 0x46, 0x64, 0x78, 0x28, 0x74, 0x65, 0x78, 0x2e, 0x78, 0x29, 0x2c,
  0x20, 0x64, 0x46, 0x64, 0x79, 0x28, 0x74, 0x65, 0x78, 0x2e, 0x79, 0x29,
  0x29, 0x3b, 0x0a, 0x0a, 0x09, 0x69, 0x66, 0x20, 0x28, 0x6c, 0x65, 0x6e,
  0x67, 0x74, 0x68, 0x28, 0x73, 0x6c, 0x6f, 0x70, 0x65, 0x29, 0x20, 0x2a,
  0x20, 0x7a, 0x46, 0x61, 0x72, 0x20, 0x3e, 0x20, 0x35, 0x30, 0x30, 0x30,
  0x2e, 0x30, 0x29, 0x0a, 0x09, 0x09, 0x72, 0x65, 0x74, 0x75, 0x72, 0x6e,
  0x20, 0x31, 0x2e, 0x30, 0x3b, 0x0a, 0x0a, 0x09, 0x76, 0x65, 0x63, 0x32,
  0x20, 0x6f, 0x66, 0x66, 0x73, 0x65, 0x74, 0x53, 0x63, 0x61, 0x6c, 0x65,
  0x20, 0x3d, 0x20, 0x76, 0x65, 0x63, 0x32, 0x28, 0x73, 0x63, 0x61, 0x6c,
  0x65, 0x20, 0x2a, 0x20, 0x31, 0x30, 0x32, 0x34, 0x2e, 0x30, 0x20, 0x2f,
  0x20, 0x73, 0x63, 0x61, 0x6c, 0x65, 0x5a, 0x29, 0x3b, 0x0a, 0x0a, 0x09,
  0x6d, 0x61, 0x74, 0x32, 0x20, 0x72, 0x6d, 0x61, 0x74, 0x20, 0x3d, 0x20,
  0x72, 0x61, 0x6e, 0x64, 0x6f, 0x6d, 0x52, 0x6f, 0x74, 0x61, 0x74, 0x69,
  0x6f, 0x6e, 0x28, 0x74, 0x65, 0x78, 0x29, 0x3b, 0x0a, 0x0a, 0x09, 0x66,
  0x6c, 0x6f, 0x61, 0x74, 0x20, 0x69, 0x6e, 0x76, 0x5a, 0x46, 0x61, 0x72,
  0x20, 0x3d, 0x20, 0x31, 0x2e, 0x30, 0x20, 0x2f, 0x20, 0x7a, 0x46, 0x61,
  0x72, 0x3b, 0x0a, 0x09, 0x66, 0x6c, 0x6f, 0x61, 0x74, 0x20, 0x7a, 0x4c,
  0x69, 0x6d, 0x69, 0x74, 0x20, 0x3d, 0x20, 0x32, 0x30, 0x2e, 0x30, 0x20,
  0x2a, 0x20, 0x69, 0x6e, 0x76, 0x5a, 0x46, 0x61, 0x72, 0x3b, 0x0a, 0x09,
  0x66, 0x6f, 0x72, 0x20, 0x28, 0x69, 0x6e, 0x74, 0x20, 0x69, 0x20, 0x3d,
  0x20, 0x30, 0x3b, 0x20, 0x69, 0x20, 0x3c, 0x20, 0x4e, 0x55, 0x4d, 0x5f,
  0x53, 0x41, 0x4d, 0x50, 0x4c, 0x45, 0x53, 0x3b, 0x20, 0x69, 0x2b, 0x2b,
  0x29, 0x0a, 0x09, 0x7b, 0x0a, 0x09, 0x09, 0x76, 0x65, 0x63, 0x32, 0x20,
  0x6f, 0x66, 0x66, 0x73, 0x65, 0x74, 0x20, 0x3d, 0x20, 0x72, 0x6d, 0x61,
  0x74, 0x20, 0x2a, 0x20, 0x70, 0x6f, 0x69, 0x73, 0x73, 0x6f, 0x6e, 0x44,
  0x69, 0x73, 0x63, 0x5b, 0x69, 0x5d, 0x20, 0x2a, 0x20, 0x6f, 0x66, 0x66,
  0x73, 0x65, 0x74, 0x53, 0x63, 0x61, 0x6c, 0x65, 0x3b, 0x0a, 0x09, 0x09,
  0x66, 0x6c, 0x6f, 0x61, 0x74, 0x20, 0x73, 0x61, 0x6d, 0x70, 0x6c, 0x65,
  0x44, 0x69, 0x66, 0x66, 0x20, 0x3d, 0x20, 0x67, 0x65, 0x74, 0x4c, 0x69,
  0x6e, 0x65, 0x61, 0x72, 0x44, 0x65, 0x70, 0x74, 0x68, 0x28, 0x64, 0x65,
  0x70, 0x74, 0x68, 0x4d, 0x61, 0x70, 0x2c, 0x20, 0x74, 0x65, 0x78, 0x20,
  0x2b, 0x20, 0x6f, 0x66, 0x66, 0x73, 0x65, 0x74, 0x2c, 0x20, 0x7a, 0x46,
  0x61, 0x72, 0x44, 0x69, 0x76, 0x5a, 0x4e, 0x65, 0x61, 0x72, 0x29, 0x20,
  0x2d, 0x20, 0x73, 0x61, 0x6d, 0x70, 0x6c, 0x65, 0x5a, 0x3b, 0x0a, 0x0a,
  0x09, 0x09, 0x62, 0x6f, 0x6f, 0x6c, 0x20, 0x73, 0x31, 0x20, 0x3d, 0x20,
  0x61, 0x62, 0x73, 0x28, 0x73, 0x61, 0x6d, 0x70, 0x6c, 0x65, 0x44, 0x69,
  0x66, 0x66, 0x29, 0x20, 0x3e, 0x20, 0x7a, 0x4c, 0x69, 0x6d, 0x69, 0x74,
  0x3b, 0x0a, 0x09, 0x09, 0x62, 0x6f, 0x6f, 0x6c, 0x20, 0x73, 0x32, 0x20,
  0x3d, 0x20, 0x73, 0x61, 0x6d, 0x70, 0x6c, 0x65, 0x44, 0x69, 0x66, 0x66,
  0x20, 0x2b, 0x20, 0x69, 0x6e, 0x76, 0x5a, 0x46, 0x61, 0x72, 0x20, 0x3e,
  0x20, 0x64, 0x6f, 0x74, 0x28, 0x73, 0x6c, 0x6f, 0x70, 0x65, 0x2c, 0x20,
  0x6f, 0x66, 0x66, 0x73, 0x65, 0x74, 0x29, 0x3b, 0x0a, 0x09, 0x09, 0x72,
  0x65, 0x73, 0x75, 0x6c, 0x74, 0x20, 0x2b, 0x3d, 0x20, 0x66, 0x6c, 0x6f,
  0x61, 0x74, 0x28, 0x73, 0x31, 0x20, 0x7c, 0x7c, 0x20, 0x73, 0x32, 0x29,
  0x3b, 0x0a, 0x09, 0x7d, 0x0a, 0x0a, 0x09, 0x72, 0x65, 0x73, 0x75, 0x6c,
  0x74, 0x20, 0x2a, 0x3d, 0x20, 0x31, 0x2e, 0x30, 0x20, 0x2f, 0x20, 0x66,
  0x6c, 0x6f, 0x61, 0x74, 0x28, 0x4e, 0x55, 0x4d, 0x5f, 0x53, 0x41, 0x4d,
  0x50, 0x4c, 0x45, 0x53, 0x29, 0x3b, 0x0a, 0x0a, 0x09, 0x72, 0x65, 0x74,
  0x75, 0x72, 0x6e, 0x20, 0x72, 0x65, 0x73, 0x75, 0x6c, 0x74, 0x3b, 0x0a,
  0x7d, 0x0a, 0x0a, 0x76, 0x6f, 0x69, 0x64, 0x20, 0x6d, 0x61, 0x69, 0x6e,
  0x28, 0x29, 0x0a, 0x7b, 0x0a, 0x09, 0x66, 0x6c, 0x6f, 0x61, 0x74, 0x20,
  0x72, 0x65, 0x73, 0x75, 0x6c, 0x74, 0x20, 0x3d, 0x20, 0x61, 0x6d, 0x62,
  0x69, 0x65, 0x6e, 0x74, 0x4f, 0x63, 0x63, 0x6c, 0x75, 0x73, 0x69, 0x6f,
  0x6e, 0x28, 0x75, 0x5f, 0x53, 0x63, 0x72, 0x65, 0x65, 0x6e, 0x44, 0x65,
  0x70, 0x74, 0x68, 0x4d, 0x61, 0x70, 0x2c, 0x20, 0x76, 0x61, 0x72, 0x5f,
  0x53, 0x63, 0x72, 0x65, 0x65, 0x6e, 0x54, 0x65, 0x78, 0x2c, 0x20, 0x75,
  0x5f, 0x56, 0x69, 0x65, 0x77, 0x49, 0x6e, 0x66, 0x6f, 0x2e, 0x78, 0x2c,
  0x20, 0x75, 0x5f, 0x56, 0x69, 0x65, 0x77, 0x49, 0x6e, 0x66, 0x6f, 0x2e,
  0x79, 0x2c, 0x20, 0x75, 0x5f, 0x56, 0x69, 0x65, 0x77, 0x49, 0x6e, 0x66,
  0x6f, 0x2e, 0x77, 0x7a, 0x29, 0x3b, 0x0a, 0x0a, 0x09, 0x67, 0x6c, 0x5f,
  0x46, 0x72, 0x61, 0x67, 0x43, 0x6f, 0x6c, 0x6f, 0x72, 0x20, 0x3d, 0x20,
  0x76, 0x65, 0x63, 0x34, 0x28, 0x76, 0x65, 0x63, 0x33, 0x28, 0x72, 0x65,
  0x73, 0x75, 0x6c, 0x74, 0x29, 0x2c, 0x20, 0x31, 0x2e, 0x30, 0x29, 0x3b,
  0x0a, 0x7d, 0x0a
};
unsigned int fallbackShader_ssao_fp_len = 3051;
unsigned char fallbackShader_ssao_vp[] = {
  0x61, 0x74, 0x74, 0x72, 0x69, 0x62, 0x75, 0x74, 0x65, 0x20, 0x76, 0x65,
  0x63, 0x34, 0x20, 0x61, 0x74, 0x74, 0x72, 0x5f, 0x50, 0x6f, 0x73, 0x69,
  0x74, 0x69, 0x6f, 0x6e, 0x3b, 0x0a, 0x61, 0x74, 0x74, 0x72, 0x69, 0x62,
  0x75, 0x74, 0x65, 0x20, 0x76, 0x65, 0x63, 0x34, 0x20, 0x61, 0x74, 0x74,
  0x72, 0x5f, 0x54, 0x65, 0x78, 0x43, 0x6f, 0x6f, 0x72, 0x64, 0x30, 0x3b,
  0x0a, 0x0a, 0x76, 0x61, 0x72, 0x79, 0x69, 0x6e, 0x67, 0x20, 0x76, 0x65,
  0x63, 0x32, 0x20, 0x20, 0x20, 0x76, 0x61, 0x72, 0x5f, 0x53, 0x63, 0x72,
  0x65, 0x65, 0x6e, 0x54, 0x65, 0x78, 0x3b, 0x0a, 0x0a, 0x76, 0x6f, 0x69,
  0x64, 0x20, 0x6d, 0x61, 0x69, 0x6e, 0x28, 0x29, 0x0a, 0x7b, 0x0a, 0x09,
  0x67, 0x6c, 0x5f, 0x50, 0x6f, 0x73, 0x69, 0x74, 0x69, 0x6f, 0x6e, 0x20,
  0x3d, 0x20, 0x61, 0x74, 0x74, 0x72, 0x5f, 0x50, 0x6f, 0x73, 0x69, 0x74,
  0x69, 0x6f, 0x6e, 0x3b, 0x0a, 0x09, 0x76, 0x61, 0x72, 0x5f, 0x53, 0x63,
  0x72, 0x65, 0x65, 0x6e, 0x54, 0x65, 0x78, 0x20, 0x3d, 0x20, 0x61, 0x74,
  0x74, 0x72, 0x5f, 0x54, 0x65, 0x78, 0x43, 0x6f, 0x6f, 0x72, 0x64, 0x30,
  0x2e, 0x78, 0x79, 0x3b, 0x0a, 0x09, 0x2f, 0x2f, 0x76, 0x65, 0x63, 0x32,
  0x20, 0x73, 0x63, 0x72, 0x65, 0x65, 0x6e, 0x43, 0x6f, 0x6f, 0x72, 0x64,
  0x73, 0x20, 0x3d, 0x20, 0x67, 0x6c, 0x5f, 0x50, 0x6f, 0x73, 0x69, 0x74,
  0x69, 0x6f, 0x6e, 0x2e, 0x78, 0x79, 0x20, 0x2f, 0x20, 0x67, 0x6c, 0x5f,
  0x50, 0x6f, 0x73, 0x69, 0x74, 0x69, 0x6f, 0x6e, 0x2e, 0x77, 0x3b, 0x0a,
  0x09, 0x2f, 0x2f, 0x76, 0x61, 0x72, 0x5f, 0x53, 0x63, 0x72, 0x65, 0x65,
  0x6e, 0x54, 0x65, 0x78, 0x20, 0x3d, 0x20, 0x73, 0x63, 0x72, 0x65, 0x65,
  0x6e, 0x43, 0x6f, 0x6f, 0x72, 0x64, 0x73, 0x20, 0x2a, 0x20, 0x30, 0x2e,
  0x35, 0x20, 0x2b, 0x20, 0x30, 0x2e, 0x35, 0x3b, 0x0a, 0x7d, 0x0a
};
unsigned int fallbackShader_ssao_vp_len = 275;
unsigned char fallbackShader_texturecolor_fp[] = {
  0x75, 0x6e, 0x69, 0x66, 0x6f, 0x72, 0x6d, 0x20, 0x73, 0x61, 0x6d, 0x70,
  0x6c, 0x65, 0x72, 0x32, 0x44, 0x20, 0x75, 0x5f, 0x44, 0x69, 0x66, 0x66,
  0x75, 0x73, 0x65, 0x4d, 0x61, 0x70, 0x3b, 0x0a, 0x75, 0x6e, 0x69, 0x66,
  0x6f, 0x72, 0x6d, 0x20, 0x76, 0x65, 0x63, 0x34, 0x20, 0x20, 0x20, 0x20,
  0x20, 0x20, 0x75, 0x5f, 0x43, 0x6f, 0x6c, 0x6f, 0x72, 0x3b, 0x0a, 0x0a,
  0x76, 0x61, 0x72, 0x79, 0x69, 0x6e, 0x67, 0x20, 0x76, 0x65, 0x63, 0x32,
  0x20, 0x20, 0x20, 0x20, 0x20, 0x20, 0x76, 0x61, 0x72, 0x5f, 0x54, 0x65,
  0x78, 0x31, 0x3b, 0x0a, 0x0a, 0x0a, 0x76, 0x6f, 0x69, 0x64, 0x20, 0x6d,
  0x61, 0x69, 0x6e, 0x28, 0x29, 0x0a, 0x7b, 0x0a, 0x09, 0x67, 0x6c, 0x5f,
  0x46, 0x72, 0x61, 0x67, 0x43, 0x6f, 0x6c, 0x6f, 0x72, 0x20, 0x3d, 0x20,
  0x74, 0x65, 0x78, 0x74, 0x75, 0x72, 0x65, 0x32, 0x44, 0x28, 0x75, 0x5f,
  0x44, 0x69, 0x66, 0x66, 0x75, 0x73, 0x65, 0x4d, 0x61, 0x70, 0x2c, 0x20,
  0x76, 0x61, 0x72, 0x5f, 0x54, 0x65, 0x78, 0x31, 0x29, 0x20, 0x2a, 0x20,
  0x75, 0x5f, 0x43, 0x6f, 0x6c, 0x6f, 0x72, 0x3b, 0x0a, 0x7d, 0x0a
};
unsigned int fallbackShader_texturecolor_fp_len = 167;
unsigned char fallbackShader_texturecolor_vp[] = {
  0x61, 0x74, 0x74, 0x72, 0x69, 0x62, 0x75, 0x74, 0x65, 0x20, 0x76, 0x65,
  0x63, 0x33, 0x20, 0x61, 0x74, 0x74, 0x72, 0x5f, 0x50, 0x6f, 0x73, 0x69,
  0x74, 0x69, 0x6f, 0x6e, 0x3b, 0x0a, 0x61, 0x74, 0x74, 0x72, 0x69, 0x62,
  0x75, 0x74, 0x65, 0x20, 0x76, 0x65, 0x63, 0x34, 0x20, 0x61, 0x74, 0x74,
  0x72, 0x5f, 0x54, 0x65, 0x78, 0x43, 0x6f, 0x6f, 0x72, 0x64, 0x30, 0x3b,
  0x0a, 0x0a, 0x75, 0x6e, 0x69, 0x66, 0x6f, 0x72, 0x6d, 0x20, 0x6d, 0x61,
  0x74, 0x34, 0x20, 0x20, 0x20, 0x75, 0x5f, 0x4d, 0x6f, 0x64, 0x65, 0x6c,
  0x56, 0x69, 0x65, 0x77, 0x50, 0x72, 0x6f, 0x6a, 0x65, 0x63, 0x74, 0x69,
  0x6f, 0x6e, 0x4d, 0x61, 0x74, 0x72, 0x69, 0x78, 0x3b, 0x0a, 0x0a, 0x76,
  0x61, 0x72, 0x79, 0x69, 0x6e, 0x67, 0x20, 0x76, 0x65, 0x63, 0x32, 0x20,
  0x20, 0x20, 0x76, 0x61, 0x72, 0x5f, 0x54, 0x65, 0x78, 0x31, 0x3b, 0x0a,
  0x0a, 0x0a, 0x76, 0x6f, 0x69, 0x64, 0x20, 0x6d, 0x61, 0x69, 0x6e, 0x28,
  0x29, 0x0a, 0x7b, 0x0a, 0x09, 0x67, 0x6c, 0x5f, 0x50, 0x6f, 0x73, 0x69,
  0x74, 0x69, 0x6f, 0x6e, 0x20, 0x3d, 0x20, 0x75, 0x5f, 0x4d, 0x6f, 0x64,
  0x65, 0x6c, 0x56, 0x69, 0x65, 0x77, 0x50, 0x72, 0x6f, 0x6a, 0x65, 0x63,
  0x74, 0x69, 0x6f, 0x6e, 0x4d, 0x61, 0x74, 0x72, 0x69, 0x78, 0x20, 0x2a,
  0x20, 0x76, 0x65, 0x63, 0x34, 0x28, 0x61, 0x74, 0x74, 0x72, 0x5f, 0x50,
  0x6f, 0x73, 0x69, 0x74, 0x69, 0x6f, 0x6e, 0x2c, 0x20, 0x31, 0x2e, 0x30,
  0x29, 0x3b, 0x0a, 0x09, 0x76, 0x61, 0x72, 0x5f, 0x54, 0x65, 0x78, 0x31,
  0x20, 0x3d, 0x20, 0x61, 0x74, 0x74, 0x72, 0x5f, 0x54, 0x65, 0x78, 0x43,
  0x6f, 0x6f, 0x72, 0x64, 0x30, 0x2e, 0x73, 0x74, 0x3b, 0x0a, 0x7d, 0x0a
};
unsigned int fallbackShader_texturecolor_vp_len = 252;
unsigned char fallbackShader_tonemap_fp[] = {
  0x75, 0x6e, 0x69, 0x66, 0x6f, 0x72, 0x6d, 0x20, 0x73, 0x61, 0x6d, 0x70,
  0x6c, 0x65, 0x72, 0x32, 0x44, 0x20, 0x75, 0x5f, 0x54, 0x65, 0x78, 0x74,
  0x75, 0x72, 0x65, 0x4d, 0x61, 0x70, 0x3b, 0x0a, 0x75, 0x6e, 0x69, 0x66,
  0x6f, 0x72, 0x6d, 0x20, 0x73, 0x61, 0x6d, 0x70, 0x6c, 0x65, 0x72, 0x32,
  0x44, 0x20, 0x75, 0x5f, 0x4c, 0x65, 0x76, 0x65, 0x6c, 0x73, 0x4d, 0x61,
  0x70, 0x3b, 0x0a, 0x0a, 0x75, 0x6e, 0x69, 0x66, 0x6f, 0x72, 0x6d, 0x20,
  0x76, 0x65, 0x63, 0x34, 0x20, 0x20, 0x20, 0x20, 0x20, 0x20, 0x75, 0x5f,
  0x43, 0x6f, 0x6c, 0x6f, 0x72, 0x3b, 0x0a, 0x0a, 0x0a, 0x75, 0x6e, 0x69,
  0x66, 0x6f, 0x72, 0x6d, 0x20, 0x76, 0x65, 0x63, 0x32, 0x20, 0x20, 0x20,
  0x20, 0x20, 0x20, 0x75, 0x5f, 0x41, 0x75, 0x74, 0x6f, 0x45, 0x78, 0x70,
  0x6f, 0x73, 0x75, 0x72, 0x65, 0x4d, 0x69, 0x6e, 0x4d, 0x61, 0x78, 0x3b,
  0x0a, 0x75, 0x6e, 0x69, 0x66, 0x6f, 0x72, 0x6d, 0x20, 0x76, 0x65, 0x63,
  0x33, 0x20, 0x20, 0x20, 0x20, 0x20, 0x20, 0x75, 0x5f, 0x54, 0x6f, 0x6e,
  0x65, 0x4d, 0x69, 0x6e, 0x41, 0x76, 0x67, 0x4d, 0x61, 0x78, 0x4c, 0x69,
  0x6e, 0x65, 0x61, 0x72, 0x3b, 0x0a, 0x0a, 0x76, 0x61, 0x72, 0x79, 0x69,
  0x6e, 0x67, 0x20, 0x76, 0x65, 0x63, 0x32, 0x20, 0x20, 0x20, 0x20, 0x20,
  0x20, 0x76, 0x61, 0x72, 0x5f, 0x54, 0x65, 0x78, 0x43, 0x6f, 0x6f, 0x72,
  0x64, 0x73, 0x3b, 0x0a, 0x76, 0x61, 0x72, 0x79, 0x69, 0x6e, 0x67, 0x20,
  0x66, 0x6c, 0x6f, 0x61, 0x74, 0x20, 0x20, 0x20, 0x20, 0x20, 0x76, 0x61,
  0x72, 0x5f, 0x49, 0x6e, 0x76, 0x57, 0x68, 0x69, 0x74, 0x65, 0x3b, 0x0a,
  0x0a, 0x63, 0x6f, 0x6e, 0x73, 0x74, 0x20, 0x76, 0x65, 0x63, 0x33, 0x20,
  0x20, 0x4c, 0x55, 0x4d, 0x49, 0x4e, 0x41, 0x4e, 0x43, 0x45, 0x5f, 0x56,
  0x45, 0x43, 0x54, 0x4f, 0x52, 0x20, 0x3d, 0x20, 0x20, 0x20, 0x76, 0x65,
  0x63, 0x33, 0x28, 0x30, 0x2e, 0x32, 0x31, 0x32, 0x35, 0x2c, 0x20, 0x30,
  0x2e, 0x37, 0x31, 0x35, 0x34, 0x2c, 0x20, 0x30, 0x2e, 0x30, 0x37, 0x32,
  0x31, 0x29, 0x3b, 0x20, 0x2f, 0x2f, 0x76, 0x65, 0x63, 0x33, 0x28, 0x30,
  0x2e, 0x32, 0x39, 0x39, 0x2c, 0x20, 0x30, 0x2e, 0x35, 0x38, 0x37, 0x2c,
  0x20, 0x30, 0x2e, 0x31, 0x31, 0x34, 0x29, 0x3b, 0x0a, 0x0a, 0x66, 0x6c,
  0x6f, 0x61, 0x74, 0x20, 0x46, 0x69, 0x6c, 0x6d, 0x69, 0x63, 0x54, 0x6f,
  0x6e, 0x65, 0x6d, 0x61, 0x70, 0x28, 0x66, 0x6c, 0x6f, 0x61, 0x74, 0x20,
  0x78, 0x29, 0x0a, 0x7b, 0x0a, 0x09, 0x63, 0x6f, 0x6e, 0x73, 0x74, 0x20,
  0x66, 0x6c, 0x6f, 0x61, 0x74, 0x20, 0x53, 0x53, 0x20, 0x20, 0x3d, 0x20,
  0x30, 0x2e, 0x32, 0x32, 0x3b, 0x20, 0x2f, 0x2f, 0x20, 0x53, 0x68, 0x6f,
  0x75, 0x6c, 0x64, 0x65, 0x72, 0x20, 0x53, 0x74, 0x72, 0x65, 0x6e, 0x67,
  0x74, 0x68, 0x0a, 0x09, 0x63, 0x6f, 0x6e, 0x73, 0x74, 0x20, 0x66, 0x6c,
  0x6f, 0x61, 0x74, 0x20, 0x4c, 0x53, 0x20, 0x20, 0x3d, 0x20, 0x30, 0x2e,
  0x33, 0x30, 0x3b, 0x20, 0x2f, 0x2f, 0x20, 0x4c, 0x69, 0x6e, 0x65, 0x61,
  0x72, 0x20, 0x53, 0x74, 0x72, 0x65, 0x6e, 0x67, 0x74, 0x68, 0x0a, 0x09,
  0x63, 0x6f, 0x6e, 0x73, 0x74, 0x20, 0x66, 0x6c, 0x6f, 0x61, 0x74, 0x20,
  0x4c, 0x41, 0x20, 0x20, 0x3d, 0x20, 0x30, 0x2e, 0x31, 0x30, 0x3b, 0x20,
  0x2f, 0x2f, 0x20, 0x4c, 0x69, 0x6e, 0x65, 0x61, 0x72, 0x20, 0x41, 0x6e,
  0x67, 0x6c, 0x65, 0x0a, 0x09, 0x63, 0x6f, 0x6e, 0x73, 0x74, 0x20, 0x66,
  0x6c, 0x6f, 0x61, 0x74, 0x20, 0x54, 0x53, 0x20, 0x20, 0x3d, 0x20, 0x30,
  0x2e, 0x32, 0x30, 0x3b, 0x20, 0x2f, 0x2f, 0x20, 0x54, 0x6f, 0x65, 0x20,
  0x53, 0x74, 0x72, 0x65, 0x6e, 0x67, 0x74, 0x68, 0x0a, 0x09, 0x63, 0x6f,
  0x6e, 0x73, 0x74, 0x20, 0x66, 0x6c, 0x6f, 0x61, 0x74, 0x20, 0x54, 0x41,
  0x4e, 0x20, 0x3d, 0x20, 0x30, 0x2e, 0x30, 0x31, 0x3b, 0x20, 0x2f, 0x2f,
  0x20, 0x54, 0x6f, 0x65, 0x20, 0x41, 0x6e, 0x67, 0x6c, 0x65, 0x20, 0x4e,
  0x75, 0x6d, 0x65, 0x72, 0x61, 0x74, 0x6f, 0x72, 0x0a, 0x09, 0x63, 0x6f,
  0x6e, 0x73, 0x74, 0x20, 0x66, 0x6c, 0x6f, 0x61, 0x74, 0x20, 0x54, 0x41,
  0x44, 0x20, 0x3d, 0x20, 0x30, 0x2e, 0x33, 0x30, 0x3b, 0x20, 0x2f, 0x2f,
  0x20, 0x54, 0x6f, 0x65, 0x20, 0x41, 0x6e, 0x67, 0x6c, 0x65, 0x20, 0x44,
  0x65, 0x6e, 0x6f, 0x6d, 0x69, 0x6e, 0x61, 0x74, 0x6f, 0x72, 0x0a, 0x0a,
  0x09, 0x72, 0x65, 0x74, 0x75, 0x72, 0x6e, 0x20, 0x28, 0x28, 0x78, 0x2a,
  0x28, 0x53, 0x53, 0x2a, 0x78, 0x2b, 0x4c, 0x41, 0x2a, 0x4c, 0x53, 0x29,
  0x2b, 0x54, 0x53, 0x2a, 0x54, 0x41, 0x4e, 0x29, 0x2f, 0x28, 0x78, 0x2a,
  0x28, 0x53, 0x53, 0x2a, 0x78, 0x2b, 0x4c, 0x53, 0x29, 0x2b, 0x54, 0x53,
  0x2a, 0x54, 0x41, 0x44, 0x29, 0x29, 0x20, 0x2d, 0x20, 0x54, 0x41, 0x4e,
  0x2f, 0x54, 0x41, 0x44, 0x3b, 0x0a, 0x7d, 0x0a, 0x0a, 0x76, 0x6f, 0x69,
  0x64, 0x20, 0x6d, 0x61, 0x69, 0x6e, 0x28, 0x29, 0x0a, 0x7b, 0x0a, 0x09,
  0x76, 0x65, 0x63, 0x34, 0x20, 0x63, 0x6f, 0x6c, 0x6f, 0x72, 0x20, 0x3d,
  0x20, 0x74, 0x65, 0x78, 0x74, 0x75, 0x72, 0x65, 0x32, 0x44, 0x28, 0x75,
  0x5f, 0x54, 0x65, 0x78, 0x74, 0x75, 0x72, 0x65, 0x4d, 0x61, 0x70, 0x2c,
  0x20, 0x76, 0x61, 0x72, 0x5f, 0x54, 0x65, 0x78, 0x43, 0x6f, 0x6f, 0x72,
  0x64, 0x73, 0x29, 0x20, 0x2a, 0x20, 0x75, 0x5f, 0x43, 0x6f, 0x6c, 0x6f,
  0x72, 0x3b, 0x0a, 0x0a, 0x23, 0x69, 0x66, 0x20, 0x64, 0x65, 0x66, 0x69,
  0x6e, 0x65, 0x64, 0x28, 0x55, 0x53, 0x45, 0x5f, 0x50, 0x42, 0x52, 0x29,
  0x0a, 0x09, 0x63, 0x6f, 0x6c, 0x6f, 0x72, 0x2e, 0x72, 0x67, 0x62, 0x20,
  0x2a, 0x3d, 0x20, 0x63, 0x6f, 0x6c, 0x6f, 0x72, 0x2e, 0x72, 0x67, 0x62,
  0x3b, 0x0a, 0x23, 0x65, 0x6e, 0x64, 0x69, 0x66, 0x0a, 0x0a, 0x09, 0x76,
  0x65, 0x63, 0x33, 0x20, 0x6d, 0x69, 0x6e, 0x41, 0x76, 0x67, 0x4d, 0x61,
  0x78, 0x20, 0x3d, 0x20, 0x74, 0x65, 0x78, 0x74, 0x75, 0x72, 0x65, 0x32,
  0x44, 0x28, 0x75, 0x5f, 0x4c, 0x65, 0x76, 0x65, 0x6c, 0x73, 0x4d, 0x61,
  0x70, 0x2c, 0x20, 0x76, 0x61, 0x72, 0x5f, 0x54, 0x65, 0x78, 0x43, 0x6f,
  0x6f, 0x72, 0x64, 0x73, 0x29, 0x2e, 0x72, 0x67, 0x62, 0x3b, 0x0a, 0x09,
  0x76, 0x65, 0x63, 0x33, 0x20, 0x6c, 0x6f, 0x67, 0x4d, 0x69, 0x6e, 0x41,
  0x76, 0x67, 0x4d, 0x61, 0x78, 0x4c, 0x75, 0x6d, 0x20, 0x3d, 0x20, 0x63,
  0x6c, 0x61, 0x6d, 0x70, 0x28, 0x6d, 0x69, 0x6e, 0x41, 0x76, 0x67, 0x4d,
  0x61, 0x78, 0x20, 0x2a, 0x20, 0x32, 0x30, 0x2e, 0x30, 0x20, 0x2d, 0x20,
  0x31, 0x30, 0x2e, 0x30, 0x2c, 0x20, 0x2d, 0x75, 0x5f, 0x41, 0x75, 0x74,
  0x6f, 0x45, 0x78, 0x70, 0x6f, 0x73, 0x75, 0x72, 0x65, 0x4d, 0x69, 0x6e,
  0x4d, 0x61, 0x78, 0x2e, 0x79, 0x2c, 0x20, 0x2d, 0x75, 0x5f, 0x41, 0x75,
  0x74, 0x6f, 0x45, 0x78, 0x70, 0x6f, 0x73, 0x75, 0x72, 0x65, 0x4d, 0x69,
  0x6e, 0x4d, 0x61, 0x78, 0x2e, 0x78, 0x29, 0x3b, 0x0a, 0x0a, 0x09, 0x66,
  0x6c, 0x6f, 0x61, 0x74, 0x20, 0x69, 0x6e, 0x76, 0x41, 0x76, 0x67, 0x4c,
  0x75, 0x6d, 0x20, 0x3d, 0x20, 0x75, 0x5f, 0x54, 0x6f, 0x6e, 0x65, 0x4d,
  0x69, 0x6e, 0x41, 0x76, 0x67, 0x4d, 0x61, 0x78, 0x4c, 0x69, 0x6e, 0x65,
  0x61, 0x72, 0x2e, 0x79, 0x20, 0x2a, 0x20, 0x65, 0x78, 0x70, 0x32, 0x28,
  0x2d, 0x6c, 0x6f, 0x67, 0x4d, 0x69, 0x6e, 0x41, 0x76, 0x67, 0x4d, 0x61,
  0x78, 0x4c, 0x75, 0x6d, 0x2e, 0x79, 0x29, 0x3b, 0x0a, 0x0a, 0x09, 0x63,
  0x6f, 0x6c, 0x6f, 0x72, 0x2e, 0x72, 0x67, 0x62, 0x20, 0x3d, 0x20, 0x63,
  0x6f, 0x6c, 0x6f, 0x72, 0x2e, 0x72, 0x67, 0x62, 0x20, 0x2a, 0x20, 0x69,
  0x6e, 0x76, 0x41, 0x76, 0x67, 0x4c, 0x75, 0x6d, 0x20, 0x2d, 0x20, 0x75,
  0x5f, 0x54, 0x6f, 0x6e, 0x65, 0x4d, 0x69, 0x6e, 0x41, 0x76, 0x67, 0x4d,
  0x61, 0x78, 0x4c, 0x69, 0x6e, 0x65, 0x61, 0x72, 0x2e, 0x78, 0x78, 0x78,
  0x3b, 0x0a, 0x09, 0x63, 0x6f, 0x6c, 0x6f, 0x72, 0x2e, 0x72, 0x67, 0x62,
  0x20, 0x3d, 0x20, 0x6d, 0x61, 0x78, 0x28, 0x76, 0x65, 0x63, 0x33, 0x28,
  0x30, 0x2e, 0x30, 0x29, 0x2c, 0x20, 0x63, 0x6f, 0x6c, 0x6f, 0x72, 0x2e,
  0x72, 0x67, 0x62, 0x29, 0x3b, 0x0a, 0x0a, 0x09, 0x63, 0x6f, 0x6c, 0x6f,
  0x72, 0x2e, 0x72, 0x20, 0x3d, 0x20, 0x46, 0x69, 0x6c, 0x6d, 0x69, 0x63,
  0x54, 0x6f, 0x6e, 0x65, 0x6d, 0x61, 0x70, 0x28, 0x63, 0x6f, 0x6c, 0x6f,
  0x72, 0x2e, 0x72, 0x29, 0x3b, 0x0a, 0x09, 0x63, 0x6f, 0x6c, 0x6f, 0x72,
  0x2e, 0x67, 0x20, 0x3d, 0x20, 0x46, 0x69, 0x6c, 0x6d, 0x69, 0x63, 0x54,
  0x6f, 0x6e, 0x65, 0x6d, 0x61, 0x70, 0x28, 0x63, 0x6f, 0x6c, 0x6f, 0x72,
  0x2e, 0x67, 0x29, 0x3b, 0x0a, 0x09, 0x63, 0x6f, 0x6c, 0x6f, 0x72, 0x2e,
  0x62, 0x20, 0x3d, 0x20, 0x46, 0x69, 0x6c, 0x6d, 0x69, 0x63, 0x54, 0x6f,
  0x6e, 0x65, 0x6d, 0x61, 0x70, 0x28, 0x63, 0x6f, 0x6c, 0x6f, 0x72, 0x2e,
  0x62, 0x29, 0x3b, 0x0a, 0x0a, 0x09, 0x63, 0x6f, 0x6c, 0x6f, 0x72, 0x2e,
  0x72, 0x67, 0x62, 0x20, 0x3d, 0x20, 0x63, 0x6c, 0x61, 0x6d, 0x70, 0x28,
  0x63, 0x6f, 0x6c, 0x6f, 0x72, 0x2e, 0x72, 0x67, 0x62, 0x20, 0x2a, 0x20,
  0x76, 0x61, 0x72, 0x5f, 0x49, 0x6e, 0x76, 0x57, 0x68, 0x69, 0x74, 0x65,
  0x2c, 0x20, 0x30, 0x2e, 0x30, 0x2c, 0x20, 0x31, 0x2e, 0x30, 0x29, 0x3b,
  0x0a, 0x0a, 0x23, 0x69, 0x66, 0x20, 0x64, 0x65, 0x66, 0x69, 0x6e, 0x65,
  0x64, 0x28, 0x55, 0x53, 0x45, 0x5f, 0x50, 0x42, 0x52, 0x29, 0x0a, 0x09,
  0x63, 0x6f, 0x6c, 0x6f, 0x72, 0x2e, 0x72, 0x67, 0x62, 0x20, 0x3d, 0x20,
  0x73, 0x71, 0x72, 0x74, 0x28, 0x63, 0x6f, 0x6c, 0x6f, 0x72, 0x2e, 0x72,
  0x67, 0x62, 0x29, 0x3b, 0x0a, 0x23, 0x65, 0x6e, 0x64, 0x69, 0x66, 0x0a,
  0x0a, 0x09, 0x2f, 0x2f, 0x20, 0x61, 0x64, 0x64, 0x20, 0x61, 0x20, 0x62,
  0x69, 0x74, 0x20, 0x6f, 0x66, 0x20, 0x64, 0x69, 0x74, 0x68, 0x65, 0x72,
  0x20, 0x74, 0x6f, 0x20, 0x72, 0x65, 0x64, 0x75, 0x63, 0x65, 0x20, 0x62,
  0x61, 0x6e, 0x64, 0x69, 0x6e, 0x67, 0x0a, 0x09, 0x63, 0x6f, 0x6c, 0x6f,
  0x72, 0x2e, 0x72, 0x67, 0x62, 0x20, 0x2b, 0x3d, 0x20, 0x76, 0x65, 0x63,
  0x33, 0x28, 0x31, 0x2e, 0x30, 0x2f, 0x35, 0x31, 0x30, 0x2e, 0x30, 0x20,
  0x2a, 0x20, 0x6d, 0x6f, 0x64, 0x28, 0x67, 0x6c, 0x5f, 0x46, 0x72, 0x61,
  0x67, 0x43, 0x6f, 0x6f, 0x72, 0x64, 0x2e, 0x78, 0x20, 0x2b, 0x20, 0x67,
  0x6c, 0x5f, 0x46, 0x72, 0x61, 0x67, 0x43, 0x6f, 0x6f, 0x72, 0x64, 0x2e,
  0x79, 0x2c, 0x20, 0x32, 0x2e, 0x30, 0x29, 0x20, 0x2d, 0x20, 0x31, 0x2e,
  0x30, 0x2f, 0x31, 0x30, 0x32, 0x30, 0x2e, 0x30, 0x29, 0x3b, 0x0a, 0x0a,
  0x09, 0x67, 0x6c, 0x5f, 0x46, 0x72, 0x61, 0x67, 0x43, 0x6f, 0x6c, 0x6f,
  0x72, 0x20, 0x3d, 0x20, 0x63, 0x6f, 0x6c, 0x6f, 0x72, 0x3b, 0x0a, 0x7d,
  0x0a
};
unsigned int fallbackShader_tonemap_fp_len = 1561;
unsigned char fallbackShader_tonemap_vp[] = {
  0x61, 0x74, 0x74, 0x72, 0x69, 0x62, 0x75, 0x74, 0x65, 0x20, 0x76, 0x65,
  0x63, 0x33, 0x20, 0x61, 0x74, 0x74, 0x72, 0x5f, 0x50, 0x6f, 0x73, 0x69,
  0x74, 0x69, 0x6f, 0x6e, 0x3b, 0x0a, 0x61, 0x74, 0x74, 0x72, 0x69, 0x62,
  0x75, 0x74, 0x65, 0x20, 0x76, 0x65, 0x63, 0x34, 0x20, 0x61, 0x74, 0x74,
  0x72, 0x5f, 0x54, 0x65, 0x78, 0x43, 0x6f, 0x6f, 0x72, 0x64, 0x30, 0x3b,
  0x0a, 0x0a, 0x75, 0x6e, 0x69, 0x66, 0x6f, 0x72, 0x6d, 0x20, 0x6d, 0x61,
  0x74, 0x34, 0x20, 0x20, 0x20, 0x75, 0x5f, 0x4d, 0x6f, 0x64, 0x65, 0x6c,
  0x56, 0x69, 0x65, 0x77, 0x50, 0x72, 0x6f, 0x6a, 0x65, 0x63, 0x74, 0x69,
  0x6f, 0x6e, 0x4d, 0x61, 0x74, 0x72, 0x69, 0x78, 0x3b, 0x0a, 0x75, 0x6e,
  0x69, 0x66, 0x6f, 0x72, 0x6d, 0x20, 0x76, 0x65, 0x63, 0x33, 0x20, 0x20,
  0x20, 0x75, 0x5f, 0x54, 0x6f, 0x6e, 0x65, 0x4d, 0x69, 0x6e, 0x41, 0x76,
  0x67, 0x4d, 0x61, 0x78, 0x4c, 0x69, 0x6e, 0x65, 0x61, 0x72, 0x3b, 0x0a,
  0x0a, 0x76, 0x61, 0x72, 0x79, 0x69, 0x6e, 0x67, 0x20, 0x76, 0x65, 0x63,
  0x32, 0x20, 0x20, 0x20, 0x76, 0x61, 0x72, 0x5f, 0x54, 0x65, 0x78, 0x43,
  0x6f, 0x6f, 0x72, 0x64, 0x73, 0x3b, 0x0a, 0x76, 0x61, 0x72, 0x79, 0x69,
  0x6e, 0x67, 0x20, 0x66, 0x6c, 0x6f, 0x61, 0x74, 0x20, 0x20, 0x76, 0x61,
  0x72, 0x5f, 0x49, 0x6e, 0x76, 0x57, 0x68, 0x69, 0x74, 0x65, 0x3b, 0x0a,
  0x0a, 0x66, 0x6c, 0x6f, 0x61, 0x74, 0x20, 0x46, 0x69, 0x6c, 0x6d, 0x69,
  0x63, 0x54, 0x6f, 0x6e, 0x65, 0x6d, 0x61, 0x70, 0x28, 0x66, 0x6c, 0x6f,
  0x61, 0x74, 0x20, 0x78, 0x29, 0x0a, 0x7b, 0x0a, 0x09, 0x63, 0x6f, 0x6e,
  0x73, 0x74, 0x20, 0x66, 0x6c, 0x6f, 0x61, 0x74, 0x20, 0x53, 0x53, 0x20,
  0x20, 0x3d, 0x20, 0x30, 0x2e, 0x32, 0x32, 0x3b, 0x20, 0x2f, 0x2f, 0x20,
  0x53, 0x68, 0x6f, 0x75, 0x6c, 0x64, 0x65, 0x72, 0x20, 0x53, 0x74, 0x72,
  0x65, 0x6e, 0x67, 0x74, 0x68, 0x0a, 0x09, 0x63, 0x6f, 0x6e, 0x73, 0x74,
  0x20, 0x66, 0x6c, 0x6f, 0x61, 0x74, 0x20, 0x4c, 0x53, 0x20, 0x20, 0x3d,
  0x20, 0x30, 0x2e, 0x33, 0x30, 0x3b, 0x20, 0x2f, 0x2f, 0x20, 0x4c, 0x69,
  0x6e, 0x65, 0x61, 0x72, 0x20, 0x53, 0x74, 0x72, 0x65, 0x6e, 0x67, 0x74,
  0x68, 0x0a, 0x09, 0x63, 0x6f, 0x6e, 0x73, 0x74, 0x20, 0x66, 0x6c, 0x6f,
  0x61, 0x74, 0x20, 0x4c, 0x41, 0x20, 0x20, 0x3d, 0x20, 0x30, 0x2e, 0x31,
  0x30, 0x3b, 0x20, 0x2f, 0x2f, 0x20, 0x4c, 0x69, 0x6e, 0x65, 0x61, 0x72,
  0x20, 0x41, 0x6e, 0x67, 0x6c, 0x65, 0x0a, 0x09, 0x63, 0x6f, 0x6e, 0x73,
  0x74, 0x20, 0x66, 0x6c, 0x6f, 0x61, 0x74, 0x20, 0x54, 0x53, 0x20, 0x20,
  0x3d, 0x20, 0x30, 0x2e, 0x32, 0x30, 0x3b, 0x20, 0x2f, 0x2f, 0x20, 0x54,
  0x6f, 0x65, 0x20, 0x53, 0x74, 0x72, 0x65, 0x6e, 0x67, 0x74, 0x68, 0x0a,
  0x09, 0x63, 0x6f, 0x6e, 0x73, 0x74, 0x20, 0x66, 0x6c, 0x6f, 0x61, 0x74,
  0x20, 0x54, 0x41, 0x4e, 0x20, 0x3d, 0x20, 0x30, 0x2e, 0x30, 0x31, 0x3b,
  0x20, 0x2f, 0x2f, 0x20, 0x54, 0x6f, 0x65, 0x20, 0x41, 0x6e, 0x67, 0x6c,
  0x65, 0x20, 0x4e, 0x75, 0x6d, 0x65, 0x72, 0x61, 0x74, 0x6f, 0x72, 0x0a,
  0x09, 0x63, 0x6f, 0x6e, 0x73, 0x74, 0x20, 0x66, 0x6c, 0x6f, 0x61, 0x74,
  0x20, 0x54, 0x41, 0x44, 0x20, 0x3d, 0x20, 0x30, 0x2e, 0x33, 0x30, 0x3b,
  0x20, 0x2f, 0x2f, 0x20, 0x54, 0x6f, 0x65, 0x20, 0x41, 0x6e, 0x67, 0x6c,
  0x65, 0x20, 0x44, 0x65, 0x6e, 0x6f, 0x6d, 0x69, 0x6e, 0x61, 0x74, 0x6f,
  0x72, 0x0a, 0x0a, 0x09, 0x72, 0x65, 0x74, 0x75, 0x72, 0x6e, 0x20, 0x28,
  0x28, 0x78, 0x2a, 0x28, 0x53, 0x53, 0x2a, 0x78, 0x2b, 0x4c, 0x41, 0x2a,
  0x4c, 0x53, 0x29, 0x2b, 0x54, 0x53, 0x2a, 0x54, 0x41, 0x4e, 0x29, 0x2f,
  0x28, 0x78, 0x2a, 0x28, 0x53, 0x53, 0x2a, 0x78, 0x2b, 0x4c, 0x53, 0x29,
  0x2b, 0x54, 0x53, 0x2a, 0x54, 0x41, 0x44, 0x29, 0x29, 0x20, 0x2d, 0x20,
  0x54, 0x41, 0x4e, 0x2f, 0x54, 0x41, 0x44, 0x3b, 0x0a, 0x7d, 0x0a, 0x0a,
  0x76, 0x6f, 0x69, 0x64, 0x20, 0x6d, 0x61, 0x69, 0x6e, 0x28, 0x29, 0x0a,
  0x7b, 0x0a, 0x09, 0x67, 0x6c, 0x5f, 0x50, 0x6f, 0x73, 0x69, 0x74, 0x69,
  0x6f, 0x6e, 0x20, 0x3d, 0x20, 0x75, 0x5f, 0x4d, 0x6f, 0x64, 0x65, 0x6c,
  0x56, 0x69, 0x65, 0x77, 0x50, 0x72, 0x6f, 0x6a, 0x65, 0x63, 0x74, 0x69,
  0x6f, 0x6e, 0x4d, 0x61, 0x74, 0x72, 0x69, 0x78, 0x20, 0x2a, 0x20, 0x76,
  0x65, 0x63, 0x34, 0x28, 0x61, 0x74, 0x74, 0x72, 0x5f, 0x50, 0x6f, 0x73,
  0x69, 0x74, 0x69, 0x6f, 0x6e, 0x2c, 0x20, 0x31, 0x2e, 0x30, 0x29, 0x3b,
  0x0a, 0x09, 0x76, 0x61, 0x72, 0x5f, 0x54, 0x65, 0x78, 0x43, 0x6f, 0x6f,
  0x72, 0x64, 0x73, 0x20, 0x3d, 0x20, 0x61, 0x74, 0x74, 0x72, 0x5f, 0x54,
  0x65, 0x78, 0x43, 0x6f, 0x6f, 0x72, 0x64, 0x30, 0x2e, 0x73, 0x74, 0x3b,
  0x0a, 0x09, 0x76, 0x61, 0x72, 0x5f, 0x49, 0x6e, 0x76, 0x57, 0x68, 0x69,
  0x74, 0x65, 0x20, 0x3d, 0x20, 0x31, 0x2e, 0x30, 0x20, 0x2f, 0x20, 0x46,
  0x69, 0x6c, 0x6d, 0x69, 0x63, 0x54, 0x6f, 0x6e, 0x65, 0x6d, 0x61, 0x70,
  0x28, 0x75, 0x5f, 0x54, 0x6f, 0x6e, 0x65, 0x4d, 0x69, 0x6e, 0x41, 0x76,
  0x67, 0x4d, 0x61, 0x78, 0x4c, 0x69, 0x6e, 0x65, 0x61, 0x72, 0x2e, 0x7a,
  0x20, 0x2d, 0x20, 0x75, 0x5f, 0x54, 0x6f, 0x6e, 0x65, 0x4d, 0x69, 0x6e,
  0x41, 0x76, 0x67, 0x4d, 0x61, 0x78, 0x4c, 0x69, 0x6e, 0x65, 0x61, 0x72,
  0x2e, 0x78, 0x29, 0x3b, 0x0a, 0x7d, 0x0a
};
unsigned int fallbackShader_tonemap_vp_len = 787;
